Show,Organization,Venue,Start,End,Email,Email Source,Address,City,State,Postal,Country,Website,Phone,Facebook,Instagram,Licensor/Source,Source URL,Date Type,Venue Type,First Seen
Anastasia: The Musical,Center Stage,Center Stage,2026-08-28,2026-09-27,info@ovationwest.org,Production,"27608 Fireweed Drive, Evergreen, CO",Evergreen,CO,,US,https://www.ovationwest.org/center-stage,(555) 555-5555,https://facebook.com/,https://instagram.com/ovationwest,CONCORD,https://www.concordtheatricals.com/p/92098/anastasia-the-musical,extended run,Amateur,2026-08-18
The Wizard of Oz: Youth Edition,Courtyard Theatre,Courtyard Theatre,2026-08-28,2026-08-30,markth@plano.gov,Production,"1509 H Ave, Plano, TX",Plano,TX,,US,https://www.visitplano.com/find-a-venue/courtyard-theater/,972-941-5600,https://www.facebook.com/visitplano,https://www.instagram.com/visitplano/,CONCORD,https://www.concordtheatricals.com/p/65770/the-wizard-of-oz-youth-edition,performance run,Amateur,2026-08-18
Next To Normal,Cs Productions Llc,Lineage Performing Arts Center,2026-08-28,2026-08-30,info@lineagepac.org,Production,"920 E Mountain St, Pasadena, CA 91104",Pasadena,CA,91104,US,http://lineagepac.org,6268447008,https://www.facebook.com/lineagepac,https://www.instagram.com/lineagepac/,MTI,https://www.mtishows.com/shows,performance run,Non-Professional,2026-08-18
Dear Evan Hansen,Dmr Adventures,Belmont Arts Collaborative,2026-08-28,2026-09-19,info@belmontarts.org,Production,"221 Carlton Rd, Suite 3, Charlottesville, VA 22902",Charlottesville,VA,22902,US,http://www.belmontarts.org,4342274710,https://www.facebook.com/belmontartscollaborative/,https://www.instagram.com/belmontartscollaborative/,MTI,https://www.mtishows.com/shows,extended run,Non-Professional,2026-08-18
On Golden Pond,Eagle Theatre,Eagle Theatre,2026-08-28,2026-09-06,info@pgatsh.com,Production,"5029 West Broad Street, Sugar Hill, GA",Sugar Hill,GA,,US,http://www.eagleatsugarhill.com,(770) 945-6929,,,CONCORD,https://www.concordtheatricals.com/p/13944/on-golden-pond,performance run,Amateur,2026-08-18
Peter And The Starcatcher,Gretna High School,Ghs Black Box Theatre,2026-08-28,2026-08-30,office@gpsne.org,Production,"11335 S 204th St, Gretna, NE 68028",Gretna,NE,68028,US,http://ghs.gpsne.org,(402) 332-3936,https://www.facebook.com/profile.php,https://www.instagram.com/gretnahigh37/,MTI,https://www.mtishows.com/shows,performance run,School,2026-08-18
Sweeney Todd,Hackmatack Playhouse,Hackmatack Playhouse,2026-08-28,2026-09-13,boxoffice@hackmatack.org,Production,"538 School Street, Berwick, ME 03901",Berwick,ME,3901,US,http://www.hackmatack.org,(207) 698-1807,https://www.facebook.com/hackmatackplayhouse/,https://www.instagram.com/hackmatackplayhouse/,MTI,https://www.mtishows.com/shows,extended run,Non-Professional,2026-08-18
Disney's Lion King Kids,Harborside Productions Amateur,Harborside Productions,2026-08-28,2026-08-28,contact@engemantheater.com,Production,"250 Main Street, Northport, NY 11768",Northport,NY,11768,US,http://www.engemantheater.com,(631) 261-2900,https://www.facebook.com/engemantheater/,https://www.instagram.com/engemantheater/,MTI,https://www.mtishows.com/shows,performance run,Non-Professional,2026-08-18
"You're A Good Man, Charlie Brown (Revised)",Iberia Performing Arts League Inc,Iberia Performing Arts League,2026-08-28,2026-09-06,ipaltheater@gmail.com,Production,"126 Iberia St, New Iberia, LA",New Iberia,LA,,US,http://www.ipaltheater.com/,(337) 321-0696,https://m.facebook.com/IPAL-Iberia-Performing-Arts-League-Site-154935504620932/,https://www.instagram.com/ipal_theatre/,CONCORD,https://www.concordtheatricals.com/p/65775/you-re-a-good-man-charlie-brown-revised,performance run,Amateur,2026-08-18
James And The Giant Peach Jr.,Kiss Theatre Company,Kiss Theatre Company,2026-08-28,2026-08-30,info@kisstheatre.org,Production,"400 East End Centre, Wilkes Barre, PA 18702",Wilkes Barre,PA,18702,US,http://www.kisstheatre.org,570-829-1901,https://www.facebook.com/kisstheatreco,http://instagram.com/kisstheatreco,MTI,https://www.mtishows.com/shows,performance run,Non-Professional,2026-08-18
Disney's Finding Nemo Kids,Lakewood Playhouse,Lakewood Playhouse,2026-08-28,2026-08-28,boxoffice@lakewoodplayhouse.org,Production,"5729 Lakewood Towne Center Blvd Sw, Po Box 99041, Lakewood, WA 98499-3821",Lakewood,WA,98499-3821,US,http://www.lakewoodplayhouse.org,(253) 588-0042,https://www.facebook.com/lakewoodplayhouse/,//instagram.com/lakewoodplayhouse,MTI,https://www.mtishows.com/shows,performance run,Non-Professional,2026-08-18
Murder by Poe,Masonic Theatre,Masonic Theatre,2026-08-28,2026-09-06,nbrivertowneplayers@gmail.com,Production,"514 Hancock Street, New Bern, NC",New Bern,NC,,US,http://www.rivertowneplayers.org,(252) 633-3318,https://www.facebook.com/RiverTownePlayers/,http://instagram.com/rivertowneplayers,CONCORD,https://www.concordtheatricals.com/p/13869/murder-by-poe,performance run,Amateur,2026-08-18
Disney's Winnie The Pooh Kids,Media Theatre For The Performing Arts School,Media Theatre,2026-08-28,2026-08-28,info@mediatheatre.org,Production,"104 East State Street, Media, PA 19063",Media,PA,19063,US,http://www.mediatheatre.org,(610) 891-0100,https://www.facebook.com/mediatheatre/,https://www.instagram.com/themediatheatre/,MTI,https://www.mtishows.com/shows,performance run,Non-Professional,2026-08-18
Mary Poppins Jr,Mt Ed,Mt Ed,2026-08-28,2026-08-29,brian_neenan@webstercsd.org,Organizations,"4785 Lake Ave, Rochester, NY 14612-2154",Rochester,NY,14612-2154,US,,,,,MTI,https://www.mtishows.com/shows,performance run,Non-Professional,2026-08-18
Roald Dahl's Willy Wonka Jr.,Ofc Creations Student Performance Group,Kodak Center Studio Theater,2026-08-28,2026-08-29,info@kodakcenter.com,Production,"200 W Ridge Rd, Rochester, NY 14615",Rochester,NY,14615,US,,(585) 254-0181,https://www.facebook.com/TeamSaffire,http://instagram.com/kodak_center,MTI,https://www.mtishows.com/shows,performance run,Non-Professional,2026-08-18
Alice By Heart,Renaissance Performing Arts Company,Renaissance Performing Arts Company,2026-08-28,2026-08-30,info@renaissancepac.org,Production,"2516 N142nd Street, Omaha, NE 68164",Omaha,NE,68164,US,http://renaissancepac.org,âª(402) 522-6126â¬,https://www.facebook.com/renaissancepac,https://www.instagram.com/renaissancepac/,MTI,https://www.mtishows.com/shows,performance run,Non-Professional,2026-08-18
Steel Magnolias,Ritz Company Playhouse,Ritz Company Playhouse,2026-08-28,2026-09-06,ritzcompanyplayhouse@gmail.com,Production,"512 Keystone Street, Hawley, PA",Hawley,PA,,US,,570-226-9652,http://www.facebook.com/RitzCompanyPlayhouse,https://instagram.com/ritzplayhouse,CONCORD,https://www.concordtheatricals.com/p/10643/steel-magnolias,performance run,Amateur,2026-08-18
Come From Away,Roxys Downtown,Roxys Downtown,2026-08-28,2026-09-26,admin@roxysdowntown.com,Production,"412 1/2 E Douglas Ave, Wichita, KS 67202-3408",Wichita,KS,67202-3408,US,http://www.roxysdowntown.com,(316) 265-4400,https://www.facebook.com/RoxysDowntown,https://www.instagram.com/RoxysDowntown/,MTI,https://www.mtishows.com/shows,extended run,Non-Professional,2026-08-18
Disney's 101 Dalmatians Kids,Skyrise Childrens Theater,Skyrise Black Box,2026-08-28,2026-08-28,skyrisechildrenstheater@gmail.com,Production,"76 Otis St, Westborough, MA 01581",Westborough,MA,1581,US,http://skyrisetheater.com,508-203-1759,,,MTI,https://www.mtishows.com/shows,performance run,Non-Professional,2026-08-18
Beetlejuice Jr.,Stoughton Center For The Arts,Stoughton Opera House,2026-08-28,2026-08-28,admin@stoughtoncenterarts.com,Production,"381 E Main St, Stoughton, WI 53589",Stoughton,WI,53589,US,https://stoughtoncenterarts.com/,(608) 873-0717,https://www.facebook.com/stoughtoncenterarts,https://www.instagram.com/stoughtonarts,MTI,https://www.mtishows.com/shows,performance run,Non-Professional,2026-08-18
The Outsider (Smith),Tacoma Little Theatre,TACOMA LITTLE THEATRE,2026-08-28,2026-09-13,info@tacomalittletheatre.com,Production,"210 N I ST, TACOMA, WA",TACOMA,WA,,US,http://www.tacomalittletheatre.com,(253) 272-2281,https://www.facebook.com/tacomalittletheatre/,http://instagram.com/tacomalittletheatre,CONCORD,https://www.concordtheatricals.com/p/98955/the-outsider-smith,extended run,Amateur,2026-08-18
Something Rotten!,Temecula Valley Players,Old Town Temecula Community Theatre,2026-08-28,2026-09-13,info@temeculatheater.org,Production,"42051 Main Street, Temecula, CA 92590",Temecula,CA,92590,US,http://temeculatheater.org,(866) 653-8696,https://www.facebook.com/TemeculaTheater/,https://www.instagram.com/temeculatheater/,MTI,https://www.mtishows.com/shows,extended run,Non-Professional,2026-08-18
Come From Away,The Black Box Theatre,Lora Adams,2026-08-28,2026-09-12,info@indiantypefoundry.com,Production,"1623 5th Avenue, Moline, IL 61265",Moline,IL,61265,US,http://theblackboxtheatre.com,,https://www.facebook.com/theblackboxtheatreqc/,https://www.instagram.com/theblackboxtheatre,MTI,https://www.mtishows.com/shows,extended run,Non-Professional,2026-08-18
Shrek The Musical Kids,White Plains Performing Arts Conservatory Theatre,White Plains Performing Arts Center,2026-08-28,2026-08-28,wppac@wppac.com,Production,"11 City Place, 3rd Floor (city Center), White Plains, NY 10601",White Plains,NY,10601,US,http://www.wppac.com,(914) 328-1600,https://www.facebook.com/wppac,https://instagram.com/wppac/,MTI,https://www.mtishows.com/shows,performance run,Non-Professional,2026-08-18
Avenue Q,"Ziegfeld Theater, Llc",The Ziegfeld Theater,2026-08-28,2026-09-12,boxoffice@zigarts.org,Production,"3934 S Washington Blvd, South Ogden, UT 84403",South Ogden,UT,84403,US,http://www.zigarts.com,855-944-2787,https://www.facebook.com/zigtheater,https://www.instagram.com/ziegfeldtheater/,MTI,https://www.mtishows.com/shows,extended run,Non-Professional,2026-08-18
The Last Five Years,Adirondack Lakes Center For The Arts,Adirondack Lakes,2026-08-29,2026-09-04,info@adirondackarts.org,Production,"Po Box 205, Blue Mountain Lake, NY 12812",Blue Mountain Lake,NY,12812,US,http://www.adirondackarts.org,(518) 352-7715,https://www.facebook.com/theartscenter,https://www.instagram.com/artsadk/,MTI,https://www.mtishows.com/shows,performance run,Non-Professional,2026-08-18
Disney's Aristocats Kids,Brick Childrens Community Theatre,Mantoloking Road Playhouse,2026-08-29,2026-08-29,info@bcct.org,Production,"266 Mantoloking Rd, Brick, NJ 08723",Brick,NJ,8723,US,http://www.bcct.org,(732) 920-9041,https://facebook.com/,http://instagram.com/,MTI,https://www.mtishows.com/shows,performance run,Non-Professional,2026-08-18
Disney's Frozen Jr,Rct Repertory Childrens Theatre,Rct Theatre,2026-08-29,2026-08-29,markth@plano.gov,Organizations,"770 N Coit, Richardson, TX 75080",Richardson,TX,75080,US,,,,,MTI,https://www.mtishows.com/shows,performance run,Non-Professional,2026-08-18
Roald Dahl's Matilda The Musical Jr,Sherwood Forest Camp,Sherwood Forest Camp Inc,2026-08-29,2026-08-29,darnellr@sherwoodforeststl.org,Production,"Highway 21 South, Lesterville, MO 63143",Lesterville,MO,63143,US,http://www.sherwoodforeststl.org,(314) 644-3322,https://www.facebook.com/sherwoodforestcamp%20,https://www.instagram.com/sherwoodforeststl/%20,MTI,https://www.mtishows.com/shows,performance run,Non-Professional,2026-08-18
Songs For A New World,Univ Of Pennsylvania - Student Activities,Platt Student Performing Arts House,2026-08-29,2026-08-29,platthouse@pobox.upenn.edu,Production,"3702 Spruce St, 160 Stouffer Commons, Philadelphia, PA 19104",Philadelphia,PA,19104,US,http://platthouse.universitylife.upenn.edu,(215) 898-6081,https://www.facebook.com/PlattHouse,https://instagram.com/pennplatthouse/,MTI,https://www.mtishows.com/shows,performance run,School,2026-08-18
Disney's Frozen Jr,Plymouth Whitemarsh High School,Plymouth Whitemarsh High School,2026-08-30,2026-08-30,webmaster@colonialsd.org,Production,"201 East Germantown Pike, Plymouth Meeting, PA 19462",Plymouth Meeting,PA,19462,US,http://www.colonialsd.org,(610) 834-1670,https://www.facebook.com/colonialsdpa,https://www.instagram.com/colonialsdpa/,MTI,https://www.mtishows.com/shows,performance run,School,2026-08-18
The Music Man Jr,Kidz Kabaret,Center Stage Theatre,2026-08-31,2026-09-25,info@fairladyproductions.net,Production,"1665 Quincy Ave., Ste. 131, Naperville, IL 60540",Naperville,IL,60540,US,http://centerstage-theater.com,(630) 355-9212,,https://www.instagram.com/fairladyproductionsinc/,MTI,https://www.mtishows.com/shows,extended run,Non-Professional,2026-08-18
Mti's Broadway Junior Revue-pure Imagination,Spring Lake Theatre Company,Spring Lake Theatre Company,2026-08-31,2026-08-31,info@springlaketheatre.com,Production,"300 Madison Avenue, Spring Lake, NJ 07762",Spring Lake,NJ,7762,US,http://www.springlaketheatre.com,(732) 449-4530,https://www.facebook.com/springlaketheatre,https://www.instagram.com/springlaketheatre,MTI,https://www.mtishows.com/shows,performance run,Non-Professional,2026-08-18
Come From Away,Kansas City Repertory Theatre,Helen F. Spencer Theater,2026-09-01,2026-09-20,tickets@kcrep.org,Production,"4949 Cherry St, Kansas City, MO 64110-2229",Kansas City,MO,64110-2229,US,http://www.kcrep.org,(816) 235-2700,https://www.facebook.com/KCREP,https://www.instagram.com/kcreptheatre/,MTI,https://www.mtishows.com/shows,extended run,Professional,2026-08-18
A Gentleman's Guide To Love And Murder,Christopher Newport University (cnu),Peebles Theatre,2026-09-02,2026-10-09,accessibility@cnu.edu,Production,"1 Avenue Of The Arts, Newport News, VA 23606",Newport News,VA,23606,US,http://www.cnu.edu/theater,(757) 594-8752,https://www.facebook.com/cnutheater,https://www.instagram.com/theatercnu/,MTI,https://www.mtishows.com/shows,extended run,School,2026-08-18
Little Shop Of Horrors (broadway Version),Altadena Music Theatre,Mountain View Mausaleum,2026-09-03,2026-09-13,altadenamusictheatre@gmail.com,Production,"2300 Marengo Ave, Altadena, CA 91001-2930",Altadena,CA,91001-2930,US,http://altadenamusictheatre.com,,,http://instagram.com/altadenamusictheatre,MTI,https://www.mtishows.com/shows,performance run,Professional,2026-08-18
Seussical Jr.,Barn Lot Theater,Barn Lot Theatre,2026-09-03,2026-09-06,info@barnlottheater.org,Production,"Po Box 639, 207 South Main Street, Edmonton, KY 42129",Edmonton,KY,42129,US,http://www.barnlottheater.org,2704322276,https://www.facebook.com/alteration.avenue.2025,https://www.instagram.com/barnlottheater/,MTI,https://www.mtishows.com/shows,performance run,Non-Professional,2026-08-18
Agatha Christie's Murder on the Orient Express,Betty Long Unruh Theatre,Betty Long Unruh Theatre,2026-09-03,2026-09-20,admin@uact-theatre.org,Production,"1614 West Harvard, Roseburg, OR",Roseburg,OR,,US,http://www.uact-theatre.com,(541) 673-2125,https://www.facebook.com/UACTors/,,CONCORD,https://www.concordtheatricals.com/p/64584/agatha-christie-s-murder-on-the-orient-express,extended run,Amateur,2026-08-18
Come From Away,Market House Theatre,Market House Theatre,2026-09-03,2026-09-20,alissa@mhtplay.org,Production,"141 Kentucky Avenue, Paducah,, KY 42003","Paducah,",KY,42003,US,http://markethousetheatre.org,(270) 444-6828,https://www.facebook.com/MarketHouseTheatre,https://www.instagram.com/markethousetheatre/,MTI,https://www.mtishows.com/shows,extended run,Non-Professional,2026-08-18
Come From Away,Musical Theatre Southwest,Musical Theatre Southwest,2026-09-03,2026-09-27,exec.dir@mtsabq.org,Production,"6320 B Domingo Ne, Albuquerque, NM 87108",Albuquerque,NM,87108,US,http://www.mtsabq.org,(505) 265-9119,https://www.facebook.com/musicaltheatresw,https://www.instagram.com/musicaltheatresw/,MTI,https://www.mtishows.com/shows,extended run,Non-Professional,2026-08-18
Bonnie And Clyde,Stockton Civic Theatre,Stockton Civic Theatre,2026-09-03,2026-09-27,boxoffice@sctlivetheatre.com,Production,"2312 Rose Marie Ln, Stockton, CA 95207",Stockton,CA,95207,US,http://www.sctlivetheatre.org,+12094732424,https://www.facebook.com/sctlivetheatre,https://www.instagram.com/sctlivetheatre,MTI,https://www.mtishows.com/shows,extended run,Non-Professional,2026-08-18
Come From Away,Strauss Theatre Center,Strauss Theatre Center,2026-09-03,2026-09-13,bom@strausstheatre.com,Production,"1300 Lamy Lane, Monroe, LA 71201",Monroe,LA,71201,US,http://strausstc.com,(318) 323-6681,,,MTI,https://www.mtishows.com/shows,performance run,Non-Professional,2026-08-18
One Flew Over the Cuckoo's Nest,Wichita Community Theatre,Wichita Community Theatre,2026-09-03,2026-09-13,wichitact@gmail.com,Production,"258 North Fountain Street, Wichita, KS",Wichita,KS,,US,http://www.wichitact.org,,https://www.facebook.com/wichitact,https://www.instagram.com/wichitact1927/,CONCORD,https://www.concordtheatricals.com/p/2795/one-flew-over-the-cuckoo-s-nest,performance run,Amateur,2026-08-18
One Flew Over the Cuckoo's Nest,Carlisle Regional Performing Arts Center,Carlisle Regional Performing Arts Center,2026-09-04,2026-09-13,tickets@carlisletheatre.org,Production,"40 W. High Street, Carlisle, PA",Carlisle,PA,,US,http://www.carlisletheatre.org/,(717) 258-0666,https://facebook.com/137107843024560,https://www.instagram.com/carlisletheatre/,CONCORD,https://www.concordtheatricals.com/p/2795/one-flew-over-the-cuckoo-s-nest,performance run,Amateur,2026-08-18
Lerner And Loewe's My Fair Lady,Community Players Inc,Community Players Theatre,2026-09-04,2026-09-13,info@beatricecommunityplayers.com,Production,"412 Ella Street, Beatrice, NE 68310",Beatrice,NE,68310,US,http://www.beatricecommunityplayers.com,(402) 228-1801,https://facebook.com/CommunityPlayersInc,https://instagram.com/bcplayers/,MTI,https://www.mtishows.com/shows,performance run,Non-Professional,2026-08-18
The Addams Family Musical,Davis Musical Theatre Company,Davis Musical Theatre Company,2026-09-04,2026-09-27,info@dmtc.org,Production,"Davis, CA",Davis,CA,,US,https://dmtc.org,(530) 756-3682,https://www.facebook.com/pages/Davis-Musical-Theatre-Company-DMTC/106995755746,https://www.instagram.com/dmtc3682,TRW,https://www.theatricalrights.com/show/addams-family-musical/,extended run,,2026-08-18
And Then There Were None,Highview Arts Center,Highview Arts Center,2026-09-04,2026-09-13,hello@highviewartscenter.com,Production,"7406 Fegenbush Lane, LOUISVILLE, KY",LOUISVILLE,KY,,US,https://www.highviewartscenter.com/,5027836609,http://www.facebook.com/highviewarts,https://www.instagram.com/highviewartscenter/,CONCORD,https://www.concordtheatricals.com/p/914/and-then-there-were-none,performance run,Amateur,2026-08-18
Disney's High School Musical Jr.,Landmark Community Theatre,Landmark Community Theatre,2026-09-04,2026-09-05,admin@landmarkcommunitytheatre.org,Production,"P.o. Box 158, Thomaston, CT 06787",Thomaston,CT,6787,US,http://www.landmarkcommunitytheatre.org,(860) 283-6250,https://www.facebook.com/LandmarkCommunityTheatre,https://www.instagram.com/landmarkcommunitytheatre,MTI,https://www.mtishows.com/shows,performance run,Non-Professional,2026-08-18
Private Lives,Las Vegas Little Theatre,LAS VEGAS LITTLE THEATRE,2026-09-04,2026-09-20,info@lvlt.org,Production,"3920 SCHIFF DR, LAS VEGAS, NV",LAS VEGAS,NV,,US,http://www.lvlt.org/,(702) 362-7996,https://www.facebook.com/LVLittleTheatre/,https://www.instagram.com/lvlittletheatre/,CONCORD,https://www.concordtheatricals.com/p/2816/private-lives,extended run,Amateur,2026-08-18
"Theatre People, or The Angel Next Door",Old Opera House Theatre Co,Old Opera House Theatre Co,2026-09-04,2026-09-13,ooh@oldoperahouse.org,Production,"204 N George St, Charles Town, WV",Charles Town,WV,,US,http://www.oldoperahouse.org,(304) 725-4420,https://www.facebook.com/CharlesTownKiwanisClub/,https://instagram.com/oldoperahouse,CONCORD,https://www.concordtheatricals.com/p/99438/theatre-people-or-the-angel-next-door,performance run,Amateur,2026-08-18
Waiting for Godot,Pennsylvania Theatre Of Performing Arts,Pennsylvania Theatre of Performing Arts,2026-09-04,2026-09-06,boxoffice@ptpashows.org,Production,"212 West Broad Street, Hazleton, PA",Hazleton,PA,,US,http://www.ptpashows.org,,https://www.facebook.com/PTPASHOWS,https://www.instagram.com/ptpashows,CONCORD,https://www.concordtheatricals.com/p/98125/waiting-for-godot,performance run,Amateur,2026-08-18
Come From Away,Rockport Little Theatre,Rockport Little Theatre,2026-09-04,2026-09-20,info@rockportlittletheatre.com,Production,"99 Austin Street, Rockport, TX 78382",Rockport,TX,78382,US,http://www.rockportlittletheatre.com,361-450-1465,,,MTI,https://www.mtishows.com/shows,extended run,Non-Professional,2026-08-18
Hadestown: Teen Edition,Showtime Theatre-Galleria Mall,Showtime Theatre-Galleria Mall,2026-09-04,2026-09-13,info@showtimetheatrecompany.com,Production,"2301 Dave Lyle Blvd, ROCK HILL, SC",ROCK HILL,SC,,US,http://www.showtimetheatrecompany.com,(704) 488-6703,,,CONCORD,https://www.concordtheatricals.com/p/96564/hadestown-teen-edition,performance run,Amateur,2026-08-18
Parade,The Earl and Rachel Smith Strand Theatre,Earl Smith Strand Theatre,2026-09-04,2026-09-20,boxoffice@strandmarietta.org,Production,"117 North Park Square, Marietta, GA 30061",Marietta,GA,30061,US,http://www.earlsmithstrand.org,(770) 293-0080,https://www.facebook.com/strandmarietta,https://www.instagram.com/strandmarietta,MTI,https://www.mtishows.com/shows,extended run,Non-Professional,2026-08-18
Groundhog Day,Theatre Off The Square,Theatre Off The Square,2026-09-04,2026-09-20,boxoffice@theatreoffthesquare.org,Production,"114 N. Denton St., Weatherford, TX 76086",Weatherford,TX,76086,US,http://www.theatreoffthesquare.org/,(817) 341-8687,https://www.facebook.com/TheatreOffTheSquare,https://instagram.com/weatherford_tots/,MTI,https://www.mtishows.com/shows,extended run,Non-Professional,2026-08-18
Trolls The Musical Jr.,Vive Les Arts Societe D/b/a Central Texas Theatre,Vive Les Arts Theatre,2026-09-04,2026-09-13,operations@vlakilleen.org,Production,"3401 S. Ws Young, Killeen, TX 76542",Killeen,TX,76542,US,http://www.vlakilleen.org,(254) 526-9090,https://www.facebook.com/ViveLesArts/,https://www.instagram.com/centraltexastheatre/,MTI,https://www.mtishows.com/shows,performance run,Non-Professional,2026-08-18
A Funny Thing...forum,Westminster Community Playhouse,Westminster Community Playhouse,2026-09-04,2026-09-27,boxoffice@wcpstage.com,Production,"7272 Maple Street, Westminster, CA 92683",Westminster,CA,92683,US,http://www.wcpstage.com,(714) 893-8626,https://www.facebook.com/westminstercommunityplayhouse,https://www.instagram.com/wcp_stage/,MTI,https://www.mtishows.com/shows,extended run,Non-Professional,2026-08-18
The 25th Annual Putnam County Spelling Bee,Youthclusive,Center Stage Theater,2026-09-04,2026-09-05,admin@centerstagetheater.org,Production,"751 Paseo Nuevo, Santa Barbara, CA 93101",Santa Barbara,CA,93101,US,https://centerstagetheater.org/,(805) 963-0408,https://www.facebook.com/CenterStageSB,https://www.instagram.com/centerstagetheatersb/,MTI,https://www.mtishows.com/shows,performance run,Non-Professional,2026-08-18
Disney's Dare To Dream Jr,Drayton Ent High School Project,King's Wharf Theatre,2026-09-05,2026-09-05,youthacademy@draytonentertainment.com,Production,"97 Jury Dr, Penetanguishene, ON L9M 1G7, CA",Penetanguishene,ON,L9M 1G7,CA,https://www.draytonentertainmentyouthacademy.com,(519) 804-1100,https://www.facebook.com/draytonentertainmentyouthacademy,https://www.instagram.com/deyouthacademy,MTI,https://www.mtishows.com/shows,performance run,School,2026-08-18
Disney's Newsies Jr.,Creative Drama Childrens Theater,Creative Drama Childrens Theater,2026-09-06,2026-09-07,creativedramanow@gmail.com,Production,"4794 Kinnamon Road, Suite A, Winston Salem, NC 27103",Winston Salem,NC,27103,US,http://www.creativedramachildrenstheater.com,(336) 633-8696,http://www.facebook.com/CreativeDramaCT,https://www.instagram.com/creativedramanow/,MTI,https://www.mtishows.com/shows,performance run,Non-Professional,2026-08-18
Newsies,Kansas City Starlight,Kansas City Starlight,2026-09-06,2026-09-13,help@kcstarlight.com,Production,"4600 Starlight Road, Kansas City, MO",Kansas City,MO,,US,http://www.kcstarlight.com,(816) 363-7827,https://www.facebook.com/kcstarlight,https://www.instagram.com/KCStarlight,MTI,https://www.mtishows.com/shows,performance run,Professional,2026-08-18
Disney's Descendants,Auburn Dance Academy,Auburn Riveerside Theater,2026-09-07,2026-09-07,csmetheram@auburn.wednet.edu,Production,"501 Oravetz Rd Se, Auburn, WA 98092",Auburn,WA,98092,US,http://auburn.wednet.edu/theatres,(253) 931-4900,https://www.facebook.com/ASDNativeAmericanEducationProgram,https://www.instagram.com/auburnschooldistrict/,MTI,https://www.mtishows.com/shows,performance run,Non-Professional,2026-08-18
Arsenic and Old Lace,Henderson County Performing Arts Center,Henderson County Performing Arts Center,2026-09-09,2026-09-20,info@hcpac.org,Production,"400 Gibson Road, Athens, TX",Athens,TX,,US,http://www.hcpac.org,(903) 675-3908,https://www.facebook.com/hcpacalt,,CONCORD,https://www.concordtheatricals.com/p/98176/arsenic-and-old-lace,performance run,Amateur,2026-08-18
Spring Awakening,Oregon Contemporary Theatre,Oregon Contemporary Theatre,2026-09-09,2026-09-27,boxoffice@octheatre.org,Production,"194 W Broadway, Eugene, OR 97401",Eugene,OR,97401,US,http://www.octheatre.org,(541) 465-1506,https://www.facebook.com/OCTheatre,http://instagram.com/octheatre,MTI,https://www.mtishows.com/shows,extended run,Non-Professional,2026-08-18
Come From Away,Perrysburg High School,Maumee Valley Country Day School,2026-09-09,2026-09-13,gapps@schoology.com,Production,"1715 South Reynolds Road, Perrysburg, OH 43614",Perrysburg,OH,43614,US,https://www.mvcds.org/,,,,MTI,https://www.mtishows.com/shows,performance run,School,2026-08-18
Million Dollar Quartet,Priscilla Beach Theatre,Priscilla Beach Theatre,2026-09-09,2026-09-19,info@pbtheatre.org,Production,"Plymouth, MA",Plymouth,MA,,US,http://www.pbtheatre.org,(508) 224-4888,https://www.facebook.com/PBTheatre,https://www.instagram.com/priscilla_beach_theatre/,TRW,https://www.theatricalrights.com/show/million-dollar-quartet/,performance run,,2026-08-18
The Lightning Thief,Shelby County Community Theatre,Shelby County Community Theatre,2026-09-09,2026-09-20,officeadmin@shelbytheatre.org,Production,"801 Main St., Shelbyville, KY",Shelbyville,KY,,US,http://www.shelbytheatre.org/,,https://www.facebook.com/pg/ShelbyTheatre.org,https://www.instagram.com/therealscctheatre/,CONCORD,https://www.concordtheatricals.com/p/93490/the-lightning-thief,performance run,Amateur,2026-08-28
An Enemy of the People (Miller),South Bend Civic Theatre,South Bend Civic Theatre,2026-09-09,2026-09-09,boxoffice@sbct.org,Production,"403 N. Main Street, South Bend, IN",South Bend,IN,,US,http://sbct.org,,https://www.facebook.com/SBCivic,https://www.instagram.com/sbcivic/,CONCORD,https://www.concordtheatricals.com/p/7453/an-enemy-of-the-people-miller,performance run,Amateur,2026-08-18
Disney's The Little Mermaid Jr,Stageworks,Stageworks,2026-09-09,2026-09-13,mail@stageworkstheatrearts.com,Production,"204 Dearborn Ct., Unit 104, Geneva, IL 60134",Geneva,IL,60134,US,http://www.stageworkstheatrearts.com,(630) 750-1010,,,MTI,https://www.mtishows.com/shows,performance run,Non-Professional,2026-08-18
See How They Run,"Winchester Little Theatre, Inc.","Winchester Little Theatre, Inc.",2026-09-09,2026-09-26,wlt@winchesterlittletheatre.org,Production,"315 W. Boscawen St., Winchester, VA",Winchester,VA,,US,http://www.winchesterlittletheatre.org,(540) 662-3331,http://www.facebook.com/winlit,https://instagram.com/winchesterlittletheatre,CONCORD,https://www.concordtheatricals.com/p/2289/see-how-they-run,extended run,Amateur,2026-08-18
Daddy Long Legs,Bismark State College,Rogers Black Box Theatre,2026-09-10,2026-09-13,cory.wrolstad@bismarckstate.edu,Production,"1220 Schafer Street, 58501, Bismarck, ND 58501",Bismarck,ND,58501,US,http://bsctheatre.com,+1-701-224-5400,https://www.facebook.com/BSCTheatreSJL/,https://www.instagram.com/bsctheatresjl/,MTI,https://www.mtishows.com/shows,performance run,School,2026-08-18
Bright Star,Cape Fear Regional Theatre,Cape Fear Regional Theatre,2026-09-10,2026-10-04,info@cfrt.org,Production,"Fayetteville, NC",Fayetteville,NC,,US,http://www.cfrt.org,(910) 323-4233,https://www.facebook.com/CapeFearRegionalTheatre,https://www.instagram.com/cfrtnc/,TRW,https://www.theatricalrights.com/show/bright-star/,extended run,,2026-08-18
How To Train Your Dragon The Musical Jr.,Collierville High School,Collierville High - Round Seating,2026-09-10,2026-09-13,dracoplayhouse@colliervilleschools.org,Production,"11605 East Shelby Drive, Collierville, TN 38017",Collierville,TN,38017,US,http://dracoplayhouse.com,(901) 674-9000,https://www.facebook.com/profile.php,http://instagram.com/chs.dracoplayhouse,MTI,https://www.mtishows.com/shows,performance run,School,2026-08-18
Come From Away,Colorado Springs Fac At Colorado College,Colorado Springs Fine Arts Center,2026-09-10,2026-10-04,fac@coloradocollege.edu,Production,"30 West Dale Street, Colorado Springs, CO 80903",Colorado Springs,CO,80903,US,http://www.csfineartscenter.org,(719) 475-2444,https://www.facebook.com/CSFineArtsCenter,https://instagram.com/fineartscenter/,MTI,https://www.mtishows.com/shows,extended run,Professional,2026-08-18
The Picture of Dorian Gray (O'Connor/Holland),Columbia Entertainment Company,Columbia Entertainment Company,2026-09-10,2026-09-20,reservations@cectheatre.org,Production,"1800 Nelwood Drive, Columbia, MO",Columbia,MO,,US,http://cectheatre.org,(573) 474-3699,,http://instagram.com/cectheatre,CONCORD,https://www.concordtheatricals.com/p/59488/the-picture-of-dorian-gray-o-connor-holland,performance run,Amateur,2026-08-18
1776,Footlighters Inc.,Stained Glass Theater,2026-09-10,2026-09-27,footlighterstickets@gmail.com,Production,"802 York St., Newport, KY 41071",Newport,KY,41071,US,http://footlighters.org,(859) 652-3849,https://www.facebook.com/footlightersinc/,https://instagram.com/footlightersinc/,MTI,https://www.mtishows.com/shows,extended run,Non-Professional,2026-08-18
Dear Evan Hansen,Harborside Productions,John W. Engeman Theater,2026-09-10,2026-10-25,contact@engemantheater.com,Production,"250 Main Street, Northport, NY 11768",Northport,NY,11768,US,http://www.engemantheater.com/,(631) 261-2900,https://www.facebook.com/engemantheater/,https://www.instagram.com/engemantheater/,MTI,https://www.mtishows.com/shows,extended run,Professional,2026-08-18
Seven Brides For Seven Brothers,Lynden Performing Arts Guild / The Clare Theatre,Claire Vg Thomas Theatre,2026-09-10,2026-09-27,admin@theclaire.org,Production,"655 Front Street, Suite 13, Lynden, WA 98264",Lynden,WA,98264,US,http://theclaire.org,3603544425,http://facebook.com/theclairetheatre,https://www.instagram.com/theclairetheatre/,MTI,https://www.mtishows.com/shows,extended run,Non-Professional,2026-08-18
Disney's Newsies Jr.,Madison Middle School,Mc Auditorium,2026-09-10,2026-09-12,webmanager@madison-schools.com,Production,"1417 Highland Colony Parkway, Madison, MS 39110",Madison,MS,39110,US,http://madison-schools.com,(601) 499-0800,https://www.facebook.com,,MTI,https://www.mtishows.com/shows,performance run,Non-Professional,2026-08-18
Into The Woods,Maryland Ensemble Theatre,Maryland Ensemble Theatre,2026-09-10,2026-10-04,contact@marylandensemble.org,Production,"31 W. Patrick St., Frederick, MD 21701",Frederick,MD,21701,US,http://www.marylandensemble.org/,(301) 694-4744,https://www.facebook.com/MarylandEnsemble,https://www.instagram.com/marylandensemble/,MTI,https://www.mtishows.com/shows,extended run,Non-Professional,2026-08-18
Children Of Eden,Masters Academy,The Master's Academy,2026-09-10,2026-09-12,shannonstinson@mastersacademy.org,Production,"1500 Lukas Lane, Oviedo, FL 32765",Oviedo,FL,32765,US,http://www.mastersacademy.org,(407) 971-2221,https://www.facebook.com/tmaoviedo/,https://www.instagram.com/tmaoviedo/,MTI,https://www.mtishows.com/shows,performance run,School,2026-08-18
Dear Evan Hansen,Mid City Civic Theatre,Baton Rouge Little Theatre Inc,2026-09-10,2026-09-20,info@midcitycivic.org,Production,"7155 Florida Blvd, Baton Rouge, LA 70806",Baton Rouge,LA,70806,US,http://www.midcitycivic.org,,https://www.facebook.com/profile.php,http://instagram.com/midcitycivic,MTI,https://www.mtishows.com/shows,performance run,Non-Professional,2026-08-18
Seussical Jr.,Nyos Charter School,Auditorium at Nyos Charter School,2026-09-10,2026-09-12,nurse@nyos.org,Production,"12301 North Lamar Blvd, Austin, TX 78753",Austin,TX,78753,US,http://nyos.org,(512) 583-6967,https://www.facebook.com/nyoscharter,https://www.instagram.com/nyoscharter/,MTI,https://www.mtishows.com/shows,performance run,Non-Professional,2026-08-18
Fame Jr,Players Of Utica,Players Of Utica,2026-09-10,2026-09-20,playersofutica@outlook.com,Production,"1108 State Street, Utica, NY 13502",Utica,NY,13502,US,http://www.playersofutica.org,3157247624,http://www.facebook.com/PlayersOfUtica,http://www.instagram.com/playersofuticany,MTI,https://www.mtishows.com/shows,performance run,Non-Professional,2026-08-18
Athena,PNC Arts Annex,PNC Arts Annex,2026-09-10,2026-09-10,jewishdayton@gmail.com,Production,"46 W. 2nd St., Dayton, OH",Dayton,OH,,US,http://jewishdayton.org,(937) 610-1555,https://www.facebook.com/jewishdayton525,https://www.instagram.com/jewishdayton/,CONCORD,https://www.concordtheatricals.com/p/64299/athena,performance run,Amateur,2026-08-18
Agatha Christie's Murder on the Orient Express,Putnam County Playhouse-Hazel Day Longden Theatre,Putnam County Playhouse-Hazel Day Longden Theatre,2026-09-10,2026-09-19,bsandy929@gmail.com,Production,"715 Co Rd 100 E, Greencastle, IN",Greencastle,IN,,US,,(765) 653-5880,https://www.facebook.com/putnamcountyplayhouse,https://www.instagram.com/pcphtheater/,CONCORD,https://www.concordtheatricals.com/p/64584/agatha-christie-s-murder-on-the-orient-express,performance run,Amateur,2026-08-18
Reefer Madness,Riverwalk Theatre,Riverwalk Theatre,2026-09-10,2026-09-20,rwt@riverwalktheatre.com,Production,"228 Museum Drive, Lansing, MI",Lansing,MI,,US,http://riverwalktheatre.com,(517) 482-5700,https://www.facebook.com/riverwalktheatre,https://www.instagram.com/riverwalk_theatre/,CONCORD,https://www.concordtheatricals.com/p/44882/reefer-madness,performance run,Amateur,2026-08-18
Come From Away,Shreveport Little Theatre,Shreveport Little Theatre,2026-09-10,2026-09-20,boxoffice@shreveportlittletheatre.com,Production,"812 Margaret Place, Shreveport, LA 71101",Shreveport,LA,71101,US,http://www.shreveportlittletheatre.com,3184244439,https://www.facebook.com/SLTheatre/,https://www.instagram.com/shreveportlittletheatre/,MTI,https://www.mtishows.com/shows,performance run,Non-Professional,2026-08-18
Come From Away,Stowe Theatre Guild,Stowe Theatre Guild,2026-09-10,2026-09-27,info@stowetheatre.com,Production,"Po Box 1381, Stowe, VT 05672",Stowe,VT,5672,US,http://www.stowetheatre.com,(802) 253-3961,https://www.facebook.com/StoweTheatre/,https://www.instagram.com/stowetheatreguild/,MTI,https://www.mtishows.com/shows,extended run,Non-Professional,2026-08-18
The Wizard of Oz: Youth Edition,Strauss Youth Academy For The Arts,STRAUSS YOUTH ACADEMY FOR THE ARTS,2026-09-10,2026-09-20,boxoffice@syaaonline.com,Production,"1300 1/2 Lamy Lane, Monroe, LA",Monroe,LA,,US,http://www.syaaonline.com,3188127922,,http://instagram.com/syaaonline,CONCORD,https://www.concordtheatricals.com/p/65770/the-wizard-of-oz-youth-edition,performance run,Amateur,2026-08-18
Sister Act,"The Barn Theatre, Inc",Barn Theatre,2026-09-10,2026-09-27,barnth@barn-theatre.com,Production,"2400 Se Ocean Blvd, Stuart, FL 34996",Stuart,FL,34996,US,http://www.barn-theatre.com,(772) 287-4884,https://www.facebook.com/thebarntheatrestuart,https://www.instagram.com/barntheatre/,MTI,https://www.mtishows.com/shows,extended run,Non-Professional,2026-08-18
The Fantasticks,Theatre In The Circle,Theatre In The Circle @ Judson Mano,2026-09-10,2026-09-13,theatreinthecircle@gmail.com,Production,"1890 E 107th St Apt 520, Cleveland, OH 44106-2250",Cleveland,OH,44106-2250,US,http://theatreinthecircle.org,(440) 247-1359,,,MTI,https://www.mtishows.com/shows,performance run,Non-Professional,2026-08-18
I'm Gonna Marry You Tobey Maguire,Theatre On The Ridge,Theatre on the Ridge,2026-09-10,2026-09-27,theatreridge@gmail.com,Production,"3735 Neal Road, Paradise, CA",Paradise,CA,,US,http://www.totr.org,(530) 877-5760,https://www.facebook.com/TheatreOnTheRidge/,https://www.instagram.com/theatreontheridge/,CONCORD,https://www.concordtheatricals.com/p/96666/i-m-gonna-marry-you-tobey-maguire,extended run,Amateur,2026-08-18
Spring Awakening,Theatre Three,Norma Young Arena Stage,2026-09-10,2026-09-27,boxofficeagent@t3dallas.org,Production,"2800 Routh St Ste 168, Dallas, TX 75201-1417",Dallas,TX,75201-1417,US,http://theatre3dallas.com,(214) 871-3300,https://www.facebook.com/theatre3dallas/,https://www.instagram.com/theatrethree/,MTI,https://www.mtishows.com/shows,extended run,Professional,2026-08-18
Sweeney Todd,Theatreworks/colorado,Dusty Loo Bon Vivant Theater,2026-09-10,2026-10-04,tickets@uccs.edu,Production,"5225 North Nevada, 5225 North Nevada, Colorado Springs, CO 80918",Colorado Springs,CO,80918,US,https://entcenterforthearts.org/theatreworks,(719) 255-3232,https://www.facebook.com/EntCenterArts/,https://www.instagram.com/entcenterarts/,MTI,https://www.mtishows.com/shows,extended run,Professional,2026-08-18
Steel Magnolias,"Vero Beach Theatre Guild,inc.",Vero Beach Theatre Guild,2026-09-10,2026-09-27,boxoffice@verobeachtheatreguild.com,Production,"2020 San Juan Ave, Vero Beach, FL",Vero Beach,FL,,US,http://www.verobeachtheatreguild.com,7725628300,https://www.facebook.com/verobeachtheatreguild,https://www.instagram.com/vero_beach_theatre_guild/,CONCORD,https://www.concordtheatricals.com/p/10643/steel-magnolias,extended run,Amateur,2026-08-18
SIX: TEEN EDITION,West Valley Performing Arts Center,West Valley Performing Arts Center,2026-09-10,2026-09-12,boxoffice@wvcarts.org,Production,"3333 Decker Lake Drive, West Valley City, UT",West Valley City,UT,,US,http://wvcarts.org,(801) 965-5140,http://www.facebook.com/wvcarts,https://instagram.com/wvcarts,CONCORD,https://www.concordtheatricals.com/p/93929/six-teen-edition,performance run,Amateur,2026-08-18
Sunday In The Park With George,"Abbey Players, Inc",Abbey Players,2026-09-11,2026-09-20,abbeyplayers@gmail.com,Production,"200 State St, Abbeville, LA",Abbeville,LA,,US,http://www.abbeyplayers.com,(337) 893-2442,https://www.facebook.com/abbeyplayerstheatre,https://www.instagram.com/wix,MTI,https://www.mtishows.com/shows,performance run,Non-Professional,2026-08-18
Junie B. Jones Jr.,Alban Arts And Conference Center,Alban Arts And Conference Center,2026-09-11,2026-09-20,info@albanartscenter.com,Production,"65 Olde Main, Saint Albans, WV 25177",Saint Albans,WV,25177,US,http://www.albanartscenter.com,304-721-8896,https://www.facebook.com/AlbanArtsCenter/,,MTI,https://www.mtishows.com/shows,performance run,Non-Professional,2026-08-18
Play On!,Anderson's Mainstage Theatre,Anderson's Mainstage Theatre,2026-09-11,2026-09-20,info@mainstagetheatre.org,Production,"124 W. 9th Street, Anderson, IN",Anderson,IN,,US,https://mainstagetheatre.org/,(765) 644-5111,http://www.facebook.com/AndersonMainstageTheatre/,https://www.instagram.com/anderson_mainstage_theatre/,CONCORD,https://www.concordtheatricals.com/p/1633/play-on,performance run,Amateur,2026-08-18
Disney's Finding Nemo Jr.,Artistic Civic Theatre,Artistic Civic Theatre,2026-09-11,2026-09-20,actdalton@gmail.com,Production,"905 Gaston Street, Dalton, GA 30720",Dalton,GA,30720,US,http://www.artisticcivictheatre.com,(706) 278-4796,https://www.facebook.com/ACTDalton,https://www.instagram.com/actdalton/,MTI,https://www.mtishows.com/shows,performance run,Non-Professional,2026-08-18
Come From Away,Avon Players,Avon Players Theater,2026-09-11,2026-09-26,boxoffice@avonplayers.org,Production,"1185 Washington Rd, Rochester Hills, MI 48306",Rochester Hills,MI,48306,US,http://www.avonplayers.org,(248) 608-9077,https://www.facebook.com/AvonPlayersTheatre/,https://www.instagram.com/avon.players/,MTI,https://www.mtishows.com/shows,extended run,Non-Professional,2026-08-18
Rent,Bay Street Players,State Theatre,2026-09-11,2026-09-27,info@baystreetplayers.org,Production,"109 N Bay Street, Eustis, FL 32726",Eustis,FL,32726,US,http://www.eustisstatetheatre.org,(352) 357-7777,,,MTI,https://www.mtishows.com/shows,extended run,Non-Professional,2026-08-18
La Gringa (Spanish),Billie Limacher Bicentennial Park,Billie Limacher Bicentennial Park,2026-09-11,2026-09-13,jolietdramaguild@gmail.com,Production,"201 w Jefferson, Joliet, IL",Joliet,IL,,US,http://www.thejolietdramaguild.com,(815) 690-8051,https://www.facebook.com/TheJolietDramaGuild/,https://www.instagram.com/jolietdramaguild/,CONCORD,https://www.concordtheatricals.com/p/9178/la-gringa-spanish,performance run,Amateur,2026-08-18
The Guys,Billingsley Theatre,Billingsley Theatre,2026-09-11,2026-09-11,amy.dunlap@ngu.edu,Production,"7801 N. Tigerville Rd, Tigerville, SC",Tigerville,SC,,US,http://ngu.edu/theatre,(864) 977-7000,https://www.facebook.com/NorthGreenvilleUniv,https://www.instagram.com/northgreenvilleuniversity/,CONCORD,https://www.concordtheatricals.com/p/99710/the-guys,performance run,Amateur,2026-08-18
Alice By Heart,Biloxi Little Theatre,Biloxi Little Theatre,2026-09-11,2026-09-20,bltheatremedia@gmail.com,Production,"220 Lee Street, Biloxi, MS 39530",Biloxi,MS,39530,US,http://www.4blt.org,(228) 432-8543,https://www.facebook.com/BiloxiLittleTheatre,https://www.instagram.com/biloxitheatre/,MTI,https://www.mtishows.com/shows,performance run,Non-Professional,2026-08-18
1776,Camden Light Opera,Camden Opera House,2026-09-11,2026-09-12,kbrown@camdenmaine.gov,Production,"29 Elm St, Camden, ME 04843",Camden,ME,4843,US,https://www.camdenoperahouse.com/,(207) 236-7963,https://www.facebook.com/camdenoperahouse/,https://www.instagram.com/camdenoperahouse/,MTI,https://www.mtishows.com/shows,performance run,Non-Professional,2026-08-18
The Guys,Capitol Theatre,Capitol Theatre,2026-09-11,2026-09-13,greenevilletheatreguild@gmail.com,Production,"104 S. Main St., Greeneville, TN",Greeneville,TN,,US,http://www.greenevilletheatreguild.org,(423) 470-2792,https://www.facebook.com/GreenevilleTheatreGuild,,CONCORD,https://www.concordtheatricals.com/p/99710/the-guys,performance run,Amateur,2026-08-18
Nine (Shepard),Center for Performing Arts,Center for Performing Arts,2026-09-11,2026-09-13,boxoffice@centerforperformingarts.org,Production,"661 Route 308, Rhinebeck, NY",Rhinebeck,NY,,US,http://www.centerforperformingarts.org,18458763080,http://www.facebook.com/CENTER12572,http://www.instagram.com/rbkcenter,CONCORD,https://www.concordtheatricals.com/p/3268/nine-shepard,performance run,Amateur,2026-08-18
Disney's Descendants,Childrens Performing Arts Of Miamisburg,Riverfront Park,2026-09-11,2026-09-13,info@cpamburg.com,Production,"3 North Miami Avenue, Miamisburg, OH 45342",Miamisburg,OH,45342,US,http://www.cpamburg.com,(937) 388-4814,https://www.facebook.com/cpamburg,https://www.instagram.com/cpamburg/,MTI,https://www.mtishows.com/shows,performance run,Non-Professional,2026-08-18
Plaza Suite,Coastal Repertory Theatre,Coastal Repertory Theatre,2026-09-11,2026-09-27,info@coastalrep.com,Production,"1167 Main Street, Half Moon Bay, CA",Half Moon Bay,CA,,US,http://www.coastalrep.com,(650) 204-5046,https://www.facebook.com/coastalrep,http://www.instagram.com/coastal_rep,CONCORD,https://www.concordtheatricals.com/p/2798/plaza-suite,extended run,Amateur,2026-08-18
macbitches,Dayton Playhouse inc,Dayton Playhouse,2026-09-11,2026-09-11,dawns1210@gmail.com,Production,"Dayton, OH",Dayton,OH,,US,http://www.daytonplayhouse.org,(937) 424-8477,https://www.facebook.com/DaytonPlayhouse,,TRW,https://www.theatricalrights.com/show/macbitches/,performance run,,2026-08-18
Come From Away,Emerald Coast Theatre Company,Ectc Mainstage 12,2026-09-11,2026-10-04,boxoffice@emeraldcoasttheatre.org,Production,"560 Grand Boulevard, Suite 200, Miramar Beach, FL 32550",Miramar Beach,FL,32550,US,http://emeraldcoasttheatre.org,(850) 684-0323,https://www.facebook.com/ECTheatreCompany/,https://www.instagram.com/ectheatreco/,MTI,https://www.mtishows.com/shows,extended run,Non-Professional,2026-08-18
Little Shop Of Horrors,Encore Theatre Company,Encore Theatre Company,2026-09-11,2026-09-26,encoretulare@gmail.com,Production,"324 South N Street, Tulare, CA 93274",Tulare,CA,93274,US,http://www.encoretulare.org,(559) 686-1300,https://www.facebook.com/encoretheatretulare/,https://www.instagram.com/encoretulare/,MTI,https://www.mtishows.com/shows,extended run,Non-Professional,2026-08-18
Come From Away,Florence Little Theatre,Florence Little Theatre,2026-09-11,2026-09-20,jessica.coleman@florencelittletheatre.org,Production,"417 S Dargan Street, Florence, SC 29506",Florence,SC,29506,US,http://www.florencelittletheatre.org,,https://facebook.com/,http://instagram.com/,MTI,https://www.mtishows.com/shows,performance run,Non-Professional,2026-08-18
A Man Of No Importance (one Act Version),Grandstreet Theatre,Grandstreet Theatre,2026-09-11,2026-09-12,tickets@grandstreettheatre.com,Production,"325 North Park Ave, Helena, MT 59601",Helena,MT,59601,US,http://www.grandstreettheatre.com,(406) 447-1574,https://www.facebook.com/GSTheatreMT/,https://www.instagram.com/gstheatre/,MTI,https://www.mtishows.com/shows,performance run,Non-Professional,2026-08-18
Once Upon A One More Time,Greasepaint Youththeatre And Stagebrush Theatre,Stagebrush Theatre,2026-09-11,2026-09-20,moedias@greasepaint.org,Production,"7020 E. 2nd Street, Scottsdale, AZ 85251",Scottsdale,AZ,85251,US,http://www.greasepaint.org,,https://www.facebook.com/Greasepaint-Youtheatre-205073812869383/,,MTI,https://www.mtishows.com/shows,performance run,Non-Professional,2026-08-18
Disney's High School Musical One Act Edition,Harford Music And Arts,Harford Music And Arts,2026-09-11,2026-09-11,info@harfordmusicandarts.com,Production,"2113 Columbia Park Rd, Edgewood, MD 21040",Edgewood,MD,21040,US,http://www.harfordmusicandarts.com,5405997163,https://www.facebook.com/HarfordMusicAndArtsAcademy,https://www.instagram.com/voicesharco/,MTI,https://www.mtishows.com/shows,performance run,Non-Professional,2026-08-18
Finding Neverland,Historic Palace Inc,Historic Palace Theatre,2026-09-11,2026-09-20,info@lockportpalacetheatre.org,Production,"Two East Avenue, Lockport, NY 14094",Lockport,NY,14094,US,http://www.lockportpalacetheatre.org,(716) 438-1130,https://www.facebook.com/HistoricPalaceTheatre,https://www.instagram.com/historic_palace_theatre/,MTI,https://www.mtishows.com/shows,performance run,Non-Professional,2026-08-18
All My Sons,KordaZone,KordaZone,2026-09-11,2026-09-26,kordazone@gmail.com,Production,"2520 Seminole, Windsor, ON, CA",Windsor,ON,,CA,http://kordazone.com,(519) 562-3394,https://www.facebook.com/groups/15726790159,https://www.instagram.com/windsorimprovtheatre/,CONCORD,https://www.concordtheatricals.com/p/6567/all-my-sons,extended run,Amateur,2026-08-18
Company,Lakeland Community Theatre- Pied Piper Players,Lakeland Community Theatre,2026-09-11,2026-09-20,boxofficelct@gmail.com,Production,"121 South Lake Ave, Lakeland, FL 33801",Lakeland,FL,33801,US,http://www.lakelandcommunitytheatre.com,863-603-7529,https://www.facebook.com/yourlct/,,MTI,https://www.mtishows.com/shows,performance run,Non-Professional,2026-08-18
Something Rotten!,Lakeside Players Inc,Rhode Center For The Arts,2026-09-11,2026-09-27,info@rhodecenter.org,Production,"514 56th Street, Kenosha, WI 53141",Kenosha,WI,53141,US,http://www.rhodecenter.org,,,,MTI,https://www.mtishows.com/shows,extended run,Non-Professional,2026-08-18
You Can't Take It with You,Lakewood Theatre Company,Lakewood Theatre Company,2026-09-11,2026-10-18,tickets@lakewood-center.org,Production,"368 South State Street, Lake Oswego, OR",Lake Oswego,OR,,US,http://www.lakewood-center.org,(503) 635-3901,https://www.facebook.com/LakewoodCenterForTheArts,https://www.instagram.com/lakewoodtheatre/,CONCORD,https://www.concordtheatricals.com/p/98179/you-can-t-take-it-with-you,extended run,Amateur,2026-08-18
Avenue Q,Leawood Stage Company - City Of Leawood,Avila University Black Box,2026-09-11,2026-09-20,boxoffice@leawoodstageco.org,Production,"11901 Wornall Road, Kansas City, MO 64145",Kansas City,MO,64145,US,http://www.leawoodstageco.org,,https://www.facebook.com/leawoodstageco,,MTI,https://www.mtishows.com/shows,performance run,Non-Professional,2026-08-18
Route 66,Lincoln County On Stage,Lincoln County On-Stage,2026-09-11,2026-09-19,info@lconstage.com,Production,"108 E. 8th Street, Chandler, OK",Chandler,OK,,US,http://lconstage.com,,,,CONCORD,https://www.concordtheatricals.com/p/98898/route-66,performance run,Amateur,2026-08-18
Come From Away,Little Theatre Of Wilkes Barre,Little Theatre Of Wilkes Barre,2026-09-11,2026-09-20,webadmin@ltwb.org,Production,"537 North Main Street, Wilkes Barre, PA 18702",Wilkes Barre,PA,18702,US,http://www.ltwb.org,(570) 823-1875,https://www.facebook.com/LittleTheatreWB,https://www.instagram.com/LittleTheatreWB/,MTI,https://www.mtishows.com/shows,performance run,Non-Professional,2026-08-18
The Diary of Anne Frank (Kesselman),Live Oak Theatre Company,Live Oak Theatre,2026-09-11,2026-09-13,marie@liveoaktheatre.org,Production,"21030 Cortez Blvd, Brooksville, FL",Brooksville,FL,,US,http://www.liveoaktheatre.org,(352) 593-0027,http://www.facebook.com/wix,,CONCORD,https://www.concordtheatricals.com/p/98172/the-diary-of-anne-frank-kesselman,performance run,Amateur,2026-08-18
Merrily We Roll Along,Lyric Arts Company Of Anoka,Lyric Arts Company Of Anoka,2026-09-11,2026-10-04,info@lyricarts.org,Production,"420 East Main Street, Anoka, MN 55303",Anoka,MN,55303,US,http://www.lyricarts.org,763-422-1838,https://www.facebook.com/lyricarts/,https://www.instagram.com/lyricartsanoka/,MTI,https://www.mtishows.com/shows,extended run,Non-Professional,2026-08-18
Finding Neverland,Lyric Music Theater,Lyric Music Theater,2026-09-11,2026-09-27,boxoffice@lyricmusictheater.org,Production,"176 Sawyer Street, South Portland, ME 04106",South Portland,ME,4106,US,http://www.lyricmusictheater.org,(207) 799-1421,https://www.facebook.com/lyricmusictheater,https://instagram.com/lyricmusictheaterme,MTI,https://www.mtishows.com/shows,extended run,Non-Professional,2026-08-18
Rocky,Milburn Stone Theatre At Cecil College,Milburn Stone Theatre,2026-09-11,2026-09-20,boxoffice@cecil.edu,Production,"One Seahawk Drive, North East, MD 21901",North East,MD,21901,US,http://www.milburnstone.org,(410) 287-1037,http://www.facebook.com/MilburnStone,http://instagram.com/milburnstonetheatre/,MTI,https://www.mtishows.com/shows,performance run,Non-Professional,2026-08-18
The World Goes 'round,Milwaukee Repertory Theater,Stackner Cabaret,2026-09-11,2026-11-01,tickets@milwaukeerep.com,Production,"108 East Wells Street, Milwaukee, WI 53202",Milwaukee,WI,53202,US,http://www.milwaukeerep.com,(414) 224-1761,https://www.facebook.com/MilwRep/,https://www.instagram.com/milwrep/,MTI,https://www.mtishows.com/shows,extended run,Professional,2026-08-18
Come From Away,Mon River Arts,Grand Theatre,2026-09-11,2026-09-20,monriverarts@gmail.com,Production,"207 South 2nd Avenue, Elizabeth, PA 15037",Elizabeth,PA,15037,US,http://www.monriverarts.org,(412) 405-8425,https://www.facebook.com/monriverarts/,https://www.instagram.com/monriverarts/,MTI,https://www.mtishows.com/shows,performance run,Non-Professional,2026-08-18
Come From Away,Mouse River Players,Mouse River Players,2026-09-11,2026-09-20,info@mouseriverplayers.com,Production,"Att: Ken Haarstad, Po Box 1645, Minot, ND 58702",Minot,ND,58702,US,http://www.mouseriverplayers.org,(701) 838-3939,https://www.facebook.com/MouseRiverPlayers/,,MTI,https://www.mtishows.com/shows,performance run,Non-Professional,2026-08-18
Godspell,Municipal Opera Company - Munopco,Munopco Music Theatre,2026-09-11,2026-09-20,munopco.info@gmail.com,Production,"725 N 15th Stree, Allentown, PA 18102",Allentown,PA,18102,US,http://www.munopco.org,(610) 437-2441,,,MTI,https://www.mtishows.com/shows,performance run,Non-Professional,2026-08-18
Mean Girls,Pacifica Spindrift Players,Pacifica Spindrift Players Theatre,2026-09-11,2026-09-27,info@pacificaspindriftplayers.org,Production,"1050 Crespi Drive, Pacifica, CA 94044",Pacifica,CA,94044,US,http://www.pacificaspindriftplayers.org,(650) 359-8002,,,MTI,https://www.mtishows.com/shows,extended run,Non-Professional,2026-08-18
Sister Act,Palace Theatre,Palace Theatre,2026-09-11,2026-10-04,info@ptaclondon.ca,Organizations,"80 Hanover Street, Manchester, NH 03101",Manchester,NH,3101,US,http://www.palacetheatre.org,(603) 668-5588,https://www.facebook.com/PalaceTheatreNH,https://www.instagram.com/palacetheatrenh/,MTI,https://www.mtishows.com/shows,extended run,Professional,2026-08-18
Come From Away,Phipps Center For The Arts,Phipps Center For The Arts,2026-09-11,2026-10-04,info@thephipps.org,Production,"109 Locust Street, Hudson, WI 54016",Hudson,WI,54016,US,http://www.thephipps.org,(715) 386-2305,https://www.facebook.com/ThePhippsCenter/,https://www.instagram.com/thephippscenter/,MTI,https://www.mtishows.com/shows,extended run,Non-Professional,2026-08-18
The Producers,Phoenix Festival Theatre,Phoenix Festival Theater,2026-09-11,2026-09-20,ccarpenter@harford.edu,Production,"Harford Community College, 401 Thomas Run Road, Bel Air, MD 21015",Bel Air,MD,21015,US,http://www.harford.edu,(443) 412-2000,https://www.facebook.com/HarfordCC/,https://www.instagram.com/harfordcc/,MTI,https://www.mtishows.com/shows,performance run,Non-Professional,2026-08-18
Clue,Playhouse 1960,Playhouse 1960,2026-09-11,2026-09-20,ph1960president@gmail.com,Production,"6814 Gant Road, Suite 116, Houston, TX",Houston,TX,,US,http://www.playhouse1960.com/,(281) 587-8243,https://www.facebook.com/Playhouse1960,https://www.instagram.com/playhouse1960/,CONCORD,https://www.concordtheatricals.com/p/98692/clue,performance run,Amateur,2026-08-18
The Laramie Project,Possum Point Players,Possum Point Players,2026-09-11,2026-09-20,mail@possumpointplayers.org,Production,"441 Old Laurel Road, Georgetown, DE",Georgetown,DE,,US,http://www.possumpointplayers.org,(302) 856-3460,https://www.facebook.com/profile.php,https://www.instagram.com/possumpointplayers/,CONCORD,https://www.concordtheatricals.com/p/14582/the-laramie-project,performance run,Amateur,2026-08-18
Assassins,Red Curtain Foundation For The Arts,Red Curtain Foundation,2026-09-11,2026-10-04,office@redcurtainfoundation.org,Production,"9315 State Ave, Suite J, Marysville, WA 98270",Marysville,WA,98270,US,http://www.redcurtainfoundation.org,(360) 322-7402,https://www.facebook.com/redcurtainfoundation,https://www.instagram.com/redcurtainarts,MTI,https://www.mtishows.com/shows,extended run,Non-Professional,2026-08-18
Roald Dahl's Charlie And The Chocolate Factory,Richey Suncoast Theatre,Richey Suncoast Theatre,2026-09-11,2026-09-20,boxoffice@richeysuncoasttheatre.com,Production,"6237 Grand Blvd, Newport Richey, FL 34652",Newport Richey,FL,34652,US,http://www.richeysuncoasttheatre.com,(727) 842-6777,,,MTI,https://www.mtishows.com/shows,performance run,Non-Professional,2026-08-18
Beetlejuice Jr.,Sarnia Lambton Rebound,Imperial Theatre,2026-09-11,2026-09-12,mharford@imperialtheatre.net,Production,"168 Christina St N, Sarnia, ON N7T 5T9, CA",Sarnia,ON,N7T 5T9,CA,http://www.imperialtheatre.net,(519) 344-7469,https://www.facebook.com/ImperialTheatreSarnia/,https://www.instagram.com/explore/locations/5318388/imperial-theatre-sarnia-on/,MTI,https://www.mtishows.com/shows,performance run,Non-Professional,2026-08-18
Puffs (Two Act Edition),SC4 Fine Arts Theatre,SC4 Fine Arts Theatre,2026-09-11,2026-09-27,esrtheatre@gmail.com,Production,"609 Huron Ave., Port Huron, MI",Port Huron,MI,,US,http://www.enterstageright.org,(810) 334-6415,https://www.facebook.com/pages/Enter-Stage-Right/93768428252,https://www.instagram.com/esrtheatre/,CONCORD,https://www.concordtheatricals.com/p/65316/puffs-two-act-edition,extended run,Amateur,2026-08-18
Over the River and Through the Woods,Scarborough Village Theatre,Scarborough Village Theatre,2026-09-11,2026-09-26,boxoffice@theatrescarborough.com,Production,"3600 Kingston Road, Scarborough, ON, CA",Scarborough,ON,,CA,https://theatrescarborough.com/scarborough-music-theatre/,(416) 267-9292,,,CONCORD,https://www.concordtheatricals.com/p/13977/over-the-river-and-through-the-woods,extended run,Amateur,2026-08-18
Come From Away,Second Presbyterian Church / Praeclara,Wildwood Park For The Arts,2026-09-11,2026-09-20,christina@wildwoodpark.org,Production,"20919 Denny Rd., Little Rock, AR 72223",Little Rock,AR,72223,US,http://wildwoodpark.org,,http://facebook.com/wildwoodparkforthearts,http://instagram.com/wildwoodparkforthearts,MTI,https://www.mtishows.com/shows,performance run,Non-Professional,2026-08-18
Come From Away,Sharon Playhouse Professional,Sharon Playhouse,2026-09-11,2026-09-27,info@sharonplayhouse.org,Production,"49 Amenia Road, Sharon, CT 06069",Sharon,CT,6069,US,http://www.sharonplayhouse.org,860.364.7469,https://www.facebook.com/sharonplayhouse,http://www.instagram.com/sharonplayhouse,MTI,https://www.mtishows.com/shows,extended run,Professional,2026-08-18
Come From Away,Stagecrafters,Baldwin Theatre,2026-09-11,2026-09-27,info@stagecrafters.org,Production,"415 S Lafayette Ave, Royal Oak, MI 48067-2504",Royal Oak,MI,48067-2504,US,http://www.stagecrafters.org,(248) 541-6430,https://www.facebook.com/StagecraftersMI,https://www.instagram.com/stagecraftersmi/,MTI,https://www.mtishows.com/shows,extended run,Non-Professional,2026-08-18
Anastasia: The Musical,Star Theatre Company,The STAR Theatre,2026-09-11,2026-09-20,thestartheatre@gmail.com,Production,"402 N. Coast Highway, Oceanside, CA",Oceanside,CA,,US,http://www.startheatreco.com,(760) 721-9983,https://www.facebook.com/startheatreco,http://www.instagram.com/thestartheatre,CONCORD,https://www.concordtheatricals.com/p/92098/anastasia-the-musical,performance run,Amateur,2026-08-18
Schoolhouse Rock Live! Jr,Starlight Community Theater,Starlight Community Theater,2026-09-11,2026-09-20,info@starlightcommunitytheater.com,Production,"15205 N. 23rd Lane, Phoenix, AZ 85023",Phoenix,AZ,85023,US,http://www.starlightcommunitytheater.com,,https://www.facebook.com/StarlightCommunityTheater/,https://www.instagram.com/starlightcommunitytheater/,MTI,https://www.mtishows.com/shows,performance run,Non-Professional,2026-08-18
Frozen,Studio 1,Studio 1,2026-09-11,2026-09-27,info@studio1online.org,Production,"309 Huffman Mill Rd, Suite 540, Burlington, NC 27215",Burlington,NC,27215,US,http://www.studio1online.org,(336) 534-0321,https://www.facebook.com/Paul-Baxter-Piano-Tuner-155449734470877/,https://www.instagram.com/studio1.theatre/,MTI,https://www.mtishows.com/shows,extended run,Non-Professional,2026-08-18
The Philadelphia Story,The Barn Theatre,The Barn Theatre,2026-09-11,2026-09-20,barntheatermedia@gmail.com,Production,"42 S. Plano St., Porterville, CA",Porterville,CA,,US,http://www.portervillebarntheater.com,(559) 310-7046,https://www.facebook.com/The-Porterville-Barn-Theater-291057597616276/,https://www.instagram.com/portervillebarntheater/,CONCORD,https://www.concordtheatricals.com/p/1006/the-philadelphia-story,performance run,Amateur,2026-08-18
The Sound of Music,The Harrell Theatre,The Harrell Theatre,2026-09-11,2026-09-20,greenlight@freshtix.com,Production,"440 W Powell Rd, Collierville, TN",Collierville,TN,,US,http://www.colliervilleartscouncil.org,(901) 457-2780,https://www.facebook.com/colliervilleartscouncil,https://www.instagram.com/colliervilleartscouncil/,CONCORD,https://www.concordtheatricals.com/p/57263/the-sound-of-music,performance run,Amateur,2026-08-18
Damn Yankees,The Heights Players,"Heights Players , Inc",2026-09-11,2026-09-27,info@heightsplayers.org,Production,"26 Willow Place, Brooklyn, NY 11201",Brooklyn,NY,11201,US,http://www.heightsplayers.org,(718) 237-2752,https://www.facebook.com/HEIGHTSPLAYERS,https://www.instagram.com/heightsplayers,MTI,https://www.mtishows.com/shows,extended run,Non-Professional,2026-08-18
Blithe Spirit,The Icehouse Theatre,The IceHouse Theatre,2026-09-11,2026-10-04,info@icehousetheatre.com,Production,"1100 N. Unser St., Mount Dora, FL",Mount Dora,FL,,US,http://www.icehousetheatre.com,(352) 383-4616,http://facebook.com/theicehousetheatre,https://www.instagram.com/p/DbYqGg4jp4H/,CONCORD,https://www.concordtheatricals.com/p/2823/blithe-spirit,extended run,Amateur,2026-08-18
Jesus Christ Superstar,The Portland Players,The Portland Players,2026-09-11,2026-09-27,info@portlandplayers.org,Production,"420 Cottage Road, South Portland, ME",South Portland,ME,,US,http://www.portlandplayers.org,(207) 799-7337,http://www.facebook.com/portlandplayers,http://instagram.com/portlandplayers,CONCORD,https://www.concordtheatricals.com/p/44748/jesus-christ-superstar,extended run,Amateur,2026-08-18
110 Stories,The Seeing Place,The Seeing Place,2026-09-11,2026-09-13,contact@seeingplace.org,Production,"315 Winchester Road, Jacksonville, NC",Jacksonville,NC,,US,http://www.seeingplace.org,(910) 548-6323,https://www.facebook.com/seeing.place.nc/,https://www.instagram.com/seeingplacetheater,CONCORD,https://www.concordtheatricals.com/p/102607/110-stories,performance run,Amateur,2026-08-18
Into The Woods,Theatre Albany,Theatre Albany,2026-09-11,2026-09-20,office@theatrealbany.com,Production,"514 Pine Avenue, Albany, GA 31701",Albany,GA,31701,US,http://www.theatrealbany.com,(229) 439-7141,https://www.facebook.com/profile.php,https://www.instagram.com/theatrealbany/#,MTI,https://www.mtishows.com/shows,performance run,Non-Professional,2026-08-18
Come From Away,Theatre Charlotte,Theatre Charlotte,2026-09-11,2026-09-27,info@theatrecharlotte.org,Production,"501 Queens Road, Charlotte, NC 28207",Charlotte,NC,28207,US,http://www.theatrecharlotte.org,,https://www.facebook.com/theatrecharlotte,http://instagram.com/theatrechar,MTI,https://www.mtishows.com/shows,extended run,Non-Professional,2026-08-18
Bye Bye Birdie,Uptown Knauer Performing Arts Center,Uptown Knauer Performing Arts Center,2026-09-11,2026-09-27,info@uptownwestchester.org,Production,"226 North High Street, West Chester, PA",West Chester,PA,,US,http://uptownwestchester.org,(610) 356-2787,https://www.facebook.com/uptownwc,https://www.instagram.com/uptownwc/,CONCORD,https://www.concordtheatricals.com/p/44595/bye-bye-birdie,extended run,Amateur,2026-08-18
Come From Away,Washington Little Theatre,Washington Little Theatre,2026-09-11,2026-09-20,washingtonlittletheater@gmail.com,Production,"P. O. Box 803, 313 North Alexander Ave, Washington, GA 30673",Washington,GA,30673,US,http://washingtonlittletheater.org,(828) 593-8388,https://www.facebook.com/washingtonlittletheater/,,MTI,https://www.mtishows.com/shows,performance run,Non-Professional,2026-08-18
Ken Ludwig's Moon Over Buffalo,Waukesha Civic Theatre,Waukesha Civic Theatre,2026-09-11,2026-09-27,boxoffice@waukeshacivictheatre.org,Production,"264 West Main Street, Waukesha, WI",Waukesha,WI,,US,http://www.waukeshacivictheatre.org,(262) 547-0708,https://www.facebook.com/WaukeshaCivicTheatre,https://www.instagram.com/waukeshacivictheatre/,CONCORD,https://www.concordtheatricals.com/p/648/ken-ludwig-s-moon-over-buffalo,extended run,Amateur,2026-08-18
Daddy Long Legs,Yadkin Arts Council,Willingham Theater,2026-09-11,2026-09-13,info@yadkinarts.org,Production,"226 East Main Street, Yadkinville, NC 27055",Yadkinville,NC,27055,US,http://www.yadkinarts.org,(336) 679-2941,,,MTI,https://www.mtishows.com/shows,performance run,Non-Professional,2026-08-18
Songs For A New World,Childrens Playhouse Of Maryland Inc,J Building Lecture Hall Auditorium,2026-09-12,2026-09-12,cpm@ccbcmd.edu,Production,"7201 Rossville Blvd, Baltimore, MD 21237-3855",Baltimore,MD,21237-3855,US,http://www.cpmarts.org,(443) 840-2426,https://www.facebook.com/childrensplayhouseofmd/,https://www.instagram.com/childrensplayhousemd/,MTI,https://www.mtishows.com/shows,performance run,Non-Professional,2026-08-18
Eureka Day,Contra Costa Civic Theatre,Contra Costa Civic Theatre,2026-09-12,2026-09-27,boxoffice@ccct.org,Production,"951 Pomona Ave., El Cerrito, CA",El Cerrito,CA,,US,http://www.ccct.org,510-524-9012,https://www.facebook.com/ContraCostaCivicTheatre,https://instagram.com/ccct_elcerrito,CONCORD,https://www.concordtheatricals.com/p/98775/eureka-day,extended run,Amateur,2026-08-18
Drinking Habits,Hart Theater,Hart Theater,2026-09-12,2026-09-27,info@hart-theatre.org,Production,"185 SE Washington St, Hillsboro, NY",Hillsboro,NY,,US,http://www.hart-theatre.org,(503) 693-7815,https://www.facebook.com/HARTtheatre/,https://www.instagram.com/hart_theatre/,CONCORD,https://www.concordtheatricals.com/p/102945/drinking-habits,extended run,Amateur,2026-08-18
Junie B. Jones Jr.,Plaza Theatre Company,Plaza Main Street Theatre 3,2026-09-12,2026-09-26,info@plaza-theatre.com,Production,"111 S. Main St., Cleburne, TX 76033",Cleburne,TX,76033,US,http://plaza-theatre.com,+1-817-202-0600,https://www.facebook.com/PlazaCo,https://www.instagram.com/plazatheatre,MTI,https://www.mtishows.com/shows,performance run,Non-Professional,2026-08-17
Shrek The Musical Jr,Sitka Stage And Screen,Sid Williams Theatre,2026-09-12,2026-09-13,tickets@sidtheatre.com,Production,"442 Cliffe Ave, Courtenay, BC V9N2J2, CA",Courtenay,BC,V9N2J2,CA,http://www.sidwilliamstheatre.com,(250) 338-2430,https://www.facebook.com/sidtheatre,https://instagram.com/sidtheatre,MTI,https://www.mtishows.com/shows,performance run,Non-Professional,2026-08-18
Birthday Club,Warner Robins Little Theatre,Warner Robins Little Theatre,2026-09-12,2026-09-27,info@wrlittletheatre.com,Production,"502 S. Pleasant Hill Road, Warner Robins, GA",Warner Robins,GA,,US,http://wrlittletheatre.com,478-929-4579,https://www.facebook.com/WarnerRobinsLittleTheatre/events/,https://www.instagram.com/warnerrobinslittletheatre/,CONCORD,https://www.concordtheatricals.com/p/93553/birthday-club,extended run,Amateur,2026-08-18
Disney's Frozen Jr,Performance Theatre For Young Artists,Poinsettia Pavilion,2026-09-13,2026-09-20,ptyaplays@gmail.com,Production,"3451 Foothill Rd., Ventura, CA 93003",Ventura,CA,93003,US,http://www.ptya.org,(805) 302-6441,,,MTI,https://www.mtishows.com/shows,performance run,Non-Professional,2026-08-18
Beetlejuice Jr.,Hale Centre Theatre Orem,The Ruth At Doterra,2026-09-14,2026-10-03,mail@haletheater.org,Production,"401 S Pleasant Grove Blvd, Pleasant Grove, UT 84062",Pleasant Grove,UT,84062,US,http://www.theruth.org,(801) 226-8600,https://www.facebook.com/ruthandnathanhaletheater,https://www.instagram.com/theruth/,MTI,https://www.mtishows.com/shows,extended run,Non-Professional,2026-08-18
Bedtime Stories (As Told by Our Dad) (Who Messed Them Up),Lake Park High School,Lake Park High School,2026-09-15,2026-09-17,commissioners@rparks.org,Production,"500 W Bryn Mawr Avenue, Roselle, IL",Roselle,IL,,US,http://www.rparks.org,(630) 894-4200,https://www.facebook.com/RoselleParkDistrict/#!/pages/Roselle-Park-District/185395958140482,https://www.instagram.com/roselleparkdistrict/,CONCORD,https://www.concordtheatricals.com/p/102571/bedtime-stories-as-told-by-our-dad-who-messed-them-up,performance run,Amateur,2026-08-22
Ragtime 9 Piece Orchestration,Village Theatre,Francis J. Gaudette Theatre,2026-09-15,2026-11-15,boxoffice@villagetheatre.org,Production,"303 Front St N, Issaquah, WA 98027-2917",Issaquah,WA,98027-2917,US,http://www.villagetheatre.org,(425) 392-2202,https://www.facebook.com/VillageTheatre,https://instagram.com/village_theatre,MTI,https://www.mtishows.com/shows,extended run,Professional,2026-08-18
The 25th Annual Putnam County Spelling Bee,New Light Theatre,Delaware Theatre Company,2026-09-16,2026-10-04,info@newlighttheatre.com,Production,"200 Water St, Wilmington, DE 19801",Wilmington,DE,19801,US,http://www.newlighttheatre.com,,https://www.facebook.com/NLTheatreDE/,https://www.instagram.com/newlighttheatre/,MTI,https://www.mtishows.com/shows,extended run,Non-Professional,2026-08-18
Company,Southeast Alabama Community Theatre,Cultural Arts Center,2026-09-16,2026-09-19,seact@seact.com,Production,"909 South St- Andrews Street, Dothan, AL 36301",Dothan,AL,36301,US,http://www.seact.com,334-794-0400,https://www.facebook.com/seactdothan,https://www.instagram.com/seactdothan,MTI,https://www.mtishows.com/shows,performance run,Non-Professional,2026-08-18
Come From Away,Syracuse Stage,John D. Archbold Theatre,2026-09-16,2026-10-11,info@syracusestage.org,Production,"Syracuse University, Syracuse, NY 13244",Syracuse,NY,13244,US,http://www.syracusestage.org,(315) 443-9844,https://www.facebook.com/syracusestage,https://www.instagram.com/syracusestage/,MTI,https://www.mtishows.com/shows,extended run,Professional,2026-08-18
A Year With Frog And Toad-kids,Theatre Winter Haven,Youth Theatre Second Stage,2026-09-16,2026-09-27,tickets@theatrewinterhaven.com,Production,"210 Cypress Gardens Blvd., Winter Haven, FL 33880",Winter Haven,FL,33880,US,http://www.theatrewinterhaven.com,,https://www.facebook.com/TheatreWinterHaven,,MTI,https://www.mtishows.com/shows,performance run,Non-Professional,2026-08-18
Wonderland,Watertower Theatre Incorporated,Irving Arts Center's Carpenter Hall,2026-09-16,2026-09-27,info@watertowertheatre.org,Production,"15650 Addison Rd, Addison, TX 75001-3285",Addison,TX,75001-3285,US,http://www.watertowertheatre.org,972-450-6230,https://www.facebook.com/watertowertheatre/,https://www.instagram.com/watertowertheatre/,MTI,https://www.mtishows.com/shows,performance run,Professional,2026-08-18
Avenue Q,"Ziegfeld Theater, Llc",Egyptian Theater,2026-09-16,2026-09-20,boxoffice@parkcityshows.com,Production,"328 Main St, Park City, UT 84060",Park City,UT,84060,US,http://www.parkcityshows.com,,https://www.facebook.com/EgyptianTheatrePC,https://www.instagram.com/egyptiantheatrepc/,MTI,https://www.mtishows.com/shows,performance run,Non-Professional,2026-08-18
Come From Away,Altoona Community Theatre,Mishler Theatre,2026-09-17,2026-09-20,act@altoonacommunitytheatre.com,Production,"1208 12th Avenue #206, 1208 12th Avenue #206, Altoona, PA 16601",Altoona,PA,16601,US,http://www.altoonacommunitytheatre.com,(814) 943-4357,https://www.facebook.com/AltoonaCommunityTheatre/,https://www.instagram.com/altoonatheatre/,MTI,https://www.mtishows.com/shows,performance run,Non-Professional,2026-08-18
Ken Ludwig's Moon Over Buffalo,Area Community Theatre,Area Community Theatre,2026-09-17,2026-10-05,boxoffice@tomahact.com,Production,"907 Kilbourn Avenue, Tomah, WI",Tomah,WI,,US,http://www.tomahact.com,608-374-7469,https://www.facebook.com/TomahACT/,,CONCORD,https://www.concordtheatricals.com/p/648/ken-ludwig-s-moon-over-buffalo,extended run,Amateur,2026-08-18
Agatha Christie's Murder on the Orient Express,Black Rose Theatre Company,Black Rose Theatre Company,2026-09-17,2026-09-27,brytekids@gmail.com,Production,"103 Black Street, Brandon, MS",Brandon,MS,,US,https://sites.google.com/view/blackroseyouththeatreensemble/home,,,,CONCORD,https://www.concordtheatricals.com/p/64584/agatha-christie-s-murder-on-the-orient-express,performance run,Amateur,2026-08-18
The Hunchback Of Notre Dame,Burlington County Footlighters,Burlington County Footlighters,2026-09-17,2026-10-04,tkts@bcfootlighters.com,Production,"900 Pamona Road, Cinnaminson, NJ 08077",Cinnaminson,NJ,8077,US,http://bcfootlighters.com,8568297144,http://www.facebook.com/bcfootlighters,http://instagram.com/burlingtoncountyfootlighters,MTI,https://www.mtishows.com/shows,extended run,Non-Professional,2026-08-18
Roald Dahl's Willy Wonka Jr.,Cadillac Footliters,Cadillac High School Auditorium,2026-09-17,2026-09-20,info@cadillacfootliters.com,Production,"400 Linden St., Cadillac, MI 49601",Cadillac,MI,49601,US,http://www.cadillacfootliters.com,,https://www.facebook.com/Footliters-276559137561/,,MTI,https://www.mtishows.com/shows,performance run,Non-Professional,2026-08-18
Dr. Seuss' How The Grinch Stole Christmas!,Capital City Productions,Capital City Productions,2026-09-17,2026-09-26,info@ccpjc.org,Production,"719 Wicker Ln, Jefferson City, MO 65109-4720",Jefferson City,MO,65109-4720,US,http://www.ccpjc.org,(573) 681-9612,https://www.facebook.com/CCPJeffCity/,https://www.instagram.com/ccproductionsjc/,MTI,https://www.mtishows.com/shows,performance run,Non-Professional,2026-08-18
Catch Me If You Can,Colony Theatre Company,Colony Theatre Company,2026-09-17,2026-10-18,boxoffice@colonytheatre.org,Production,"555 North 3rd Street, Burbank, CA 91502",Burbank,CA,91502,US,http://www.colonytheatre.org,(818) 558-7000,https://www.facebook.com/TheColonyTheatre,https://www.instagram.com/colonytheatre/,MTI,https://www.mtishows.com/shows,extended run,Professional,2026-08-18
Madagascar-a Musical Adventure Kids,Desert Foothills Theater,Fcf-holland Community Center,2026-09-17,2026-09-20,sandi@azfcf.org,Production,"34250 N. 60th Street, Building B, Scottsdale, AZ 85266",Scottsdale,AZ,85266,US,http://www.dftheater.org,480-488-1981,,,MTI,https://www.mtishows.com/shows,performance run,Non-Professional,2026-08-18
How To Train Your Dragon The Musical Jr.,East Valley Childrens Theatre,Mesa Arts Center,2026-09-17,2026-09-27,info@evct.org,Production,"1 East Main Street, Mesa, AZ 85210",Mesa,AZ,85210,US,http://www.evct.org/,+14807563828,https://www.facebook.com/eastvalleychildrenstheatre/,https://instagram.com/evctorg/,MTI,https://www.mtishows.com/shows,performance run,Non-Professional,2026-08-18
Come From Away,Eau Claire Childrens Theatre,Pablo Center At The Confluence,2026-09-17,2026-09-19,boxoffice@pablocenter.org,Production,"128 Graham Avenue, Eau Claire, WI 54701",Eau Claire,WI,54701,US,http://pablocenter.org,,https://www.facebook.com/pablocenterec,https://www.instagram.com/pablocenter,MTI,https://www.mtishows.com/shows,performance run,Non-Professional,2026-08-18
Shrek The Musical Kids,Greenwood Community Theatre,Greenwood Comm Theatre,2026-09-17,2026-09-20,gctgwd@gmail.com,Production,"110 Main St, Greenwood, SC 29646",Greenwood,SC,29646,US,http://www.greenwoodcommunitytheatre.com,(864) 229-5704,https://www.facebook.com/greenwoodcommunitytheatre,http://instagram.com/gwdcommtheatre,MTI,https://www.mtishows.com/shows,performance run,Non-Professional,2026-08-18
Steel Magnolias,Kingwood Park High School,Kingwood Park High School,2026-09-17,2026-09-19,brandi.perkins2@humbleisd.net,Production,"4015 Woodland hills Dr., Kingwood, TX",Kingwood,TX,,US,http://kparktheatre.org,,,,CONCORD,https://www.concordtheatricals.com/p/10643/steel-magnolias,performance run,Amateur,2026-08-18
Rent,Lincoln Theatre Guild,Timken Performance Hall,2026-09-17,2026-09-20,nunderwoodband@gmail.com,Production,"Lincoln Cultural Center, 403 E. Main Street, Lincolnton, NC 28092",Lincolnton,NC,28092,US,http://www.lincolntheatreguild.net,(704) 240-4989,https://www.facebook.com/lincolntheatreguild/,https://www.instagram.com/lincolntheatreguild_/,MTI,https://www.mtishows.com/shows,performance run,Non-Professional,2026-08-18
The Da Vinci Code,Ned McWherter Cultural Arts Center,Ned McWherter Cultural Arts Center,2026-09-17,2026-09-20,ariel@jtgonline.com,Production,"314 E. Main St., Jackson, TN",Jackson,TN,,US,http://www.jtgonline.com/,(731) 427-3200,,,CONCORD,https://www.concordtheatricals.com/p/98927/the-da-vinci-code,performance run,Amateur,2026-08-18
Junie B. Jones The Musical,North Greenville University,North Greenville University Theatr,2026-09-17,2026-09-26,amy.dunlap@ngu.edu,Production,"7801 N. Tigerville Rd., Tigerville, SC 29688",Tigerville,SC,29688,US,http://ngu.edu/theatre,(864) 977-7000,https://www.facebook.com/NorthGreenvilleUniv,https://www.instagram.com/northgreenvilleuniversity/,MTI,https://www.mtishows.com/shows,performance run,School,2026-08-18
Disney's The Lion King Jr,Northern Starz Childrens Theatre,Northern Starz Theatre Company,2026-09-17,2026-09-20,rachel@northernstarz.org,Production,"5300 Alpine Drive, Ramsey, MN 55303",Ramsey,MN,55303,US,http://www.northernstarz.org,(612) 326-6158,https://www.facebook.com/NorthernStarzCenterforPerformingArts/,https://www.instagram.com/northernstarz_performingarts/,MTI,https://www.mtishows.com/shows,performance run,Non-Professional,2026-08-18
The 25th Annual Putnam County Spelling Bee,Novato Theater Company,Novato Theater Company Playhouse,2026-09-17,2026-10-11,info@novatotheatercompany.org,Production,"5420 C Nave Drive, Novato, CA 94949",Novato,CA,94949,US,http://www.novatotheatercompany.org,(415) 883-4498,https://www.facebook.com/novatotheatercompany/,,MTI,https://www.mtishows.com/shows,extended run,Non-Professional,2026-08-18
Fun Home,Shelton Auditorium,Shelton Auditorium,2026-09-17,2026-09-27,info@summerstockstage.com,Production,"1000 W 42nd Street, Indianapolis, IN",Indianapolis,IN,,US,http://www.summerstockstage.com,,https://www.facebook.com/summerstockstage,https://www.instagram.com/ssstageindy/,CONCORD,https://www.concordtheatricals.com/p/58581/fun-home,performance run,Amateur,2026-08-18
Disney's Descendants,Temple Music And Performing Arts,Prince Of Peace Lutheran Church,2026-09-17,2026-09-19,office@popphoenix.org,Production,"3641 N 56th St, Phoenix, AZ 85018-4535",Phoenix,AZ,85018-4535,US,http://popphoenix.org,(480) 945-9537,https://www.facebook.com/popphoenixaz,https://www.instagram.com/popphoenix/,MTI,https://www.mtishows.com/shows,performance run,Non-Professional,2026-08-18
Catch Me If You Can,Van Wert Civic Theatre,Van Wert Civic Theatre,2026-09-17,2026-09-27,jan@vwct.org,Production,"118 S Race St, Po Box 823, Van Wert, OH 45891",Van Wert,OH,45891,US,http://vwct.org,(419) 238-9689,https://www.facebook.com/vanwertcivictheatre/,https://www.instagram.com/vanwertcivictheatre/,MTI,https://www.mtishows.com/shows,performance run,Non-Professional,2026-08-18
A Few Good Men,Academy of Performing Arts Playhouse,Academy of Performing Arts Playhouse,2026-09-18,2026-10-04,info@academyplayhouse.org,Production,"120 Main Street, Orleans, MA",Orleans,MA,,US,http://www.academyplayhouse.org,5082551963,http://www.facebook.com/apacape,https://www.instagram.com/academy.playhouse/,CONCORD,https://www.concordtheatricals.com/p/2810/a-few-good-men,extended run,Amateur,2026-08-18
Dear Evan Hansen,"Actors Theater Series, Inc",La Mirada Theatre,2026-09-18,2026-10-11,boxoffice@lamiradatheatre.com,Production,"14900 La Mirada Blvd, La Mirada, CA 90638",La Mirada,CA,90638,US,http://www.lamiradatheatre.com,(714) 994-6310,https://www.facebook.com/LaMiradaTheatre,https://www.instagram.com/lamiradatheatre/,MTI,https://www.mtishows.com/shows,extended run,Professional,2026-08-18
1776,Anchorage Community Theatre,Act Studio Theatre,2026-09-18,2026-10-11,info@actalaska.org,Production,"1133 East 70th Ave., Anchorage, AK 99518",Anchorage,AK,99518,US,http://actalaska.org,9073444713,https://www.facebook.com/groups/actplayreadersclub/,https://www.instagram.com/actalaska/,MTI,https://www.mtishows.com/shows,extended run,Non-Professional,2026-08-18
Hairspray,Center For The Arts Dba Artfactory,Gregory Family Theater,2026-09-18,2026-09-27,info@virginiaartfactory.org,Production,"10960 George Mason Circle, Manassas, VA 20110",Manassas,VA,20110,US,http://www.virginiaartfactory.org,(703) 330-2787,https://www.facebook.com/VirginiaARTfactory,https://www.instagram.com/virginiaartfactory/,MTI,https://www.mtishows.com/shows,performance run,Non-Professional,2026-08-18
The Addams Family Musical,Center Stage Theatre,Center Stage Theatre,2026-09-18,2026-10-31,cstkinformation@gmail.com,Organizations,"Pocatello, ID",Pocatello,ID,,US,,,,,TRW,https://www.theatricalrights.com/show/addams-family-musical/,extended run,,2026-08-18
Proof,Chenango River Theatre,Chenango River Theatre,2026-09-18,2026-10-04,tickets@chenangorivertheatre.org,Production,"991 State Highway 12, Greene, NY",Greene,NY,,US,,(607) 656-8778,https://www.facebook.com/chenangorivertheatre/,,CONCORD,https://www.concordtheatricals.com/p/11702/proof,extended run,Professional,2026-08-18
Shrek The Musical,Cheyenne Little Theatre Players,Mary Godfrey Playhouse,2026-09-18,2026-10-04,info@littletheatre.org,Production,"2706 E. Pershing Blvd., Cheyenne, WY 82001",Cheyenne,WY,82001,US,http://www.cheyennelittletheatre.org,3076386543,https://www.facebook.com/CLTPCheyenne/,https://www.instagram.com/cheyennelittletheatre,MTI,https://www.mtishows.com/shows,extended run,Non-Professional,2026-08-18
Wrong Window!,Elbert Theatre Foundation Inc,Elbert Theatre,2026-09-18,2026-09-27,tking@cityofelberton.net,Production,"100 South Oliver St, Elberton, GA",Elberton,GA,,US,http://www.elberttheatre.org,(706) 283-1049,https://www.facebook.com/Elbert-Theatre-101122306141/,https://www.instagram.com/elberttheatre/,CONCORD,https://www.concordtheatricals.com/p/863/wrong-window,performance run,Amateur,2026-08-18
Next To Normal,"Evansville Civic Theatre, Inc.","Evansville Civic Theatre, Inc.",2026-09-18,2026-09-27,contactus@evvcivic.org,Production,"717 North Fulton Avenue, Evansville, IN 47710",Evansville,IN,47710,US,http://www.evvcivic.org/,812-790-5143,https://www.facebook.com/EvansvilleCivicTheatre,https://www.instagram.com/EvilleCivicTheatre/,MTI,https://www.mtishows.com/shows,performance run,Non-Professional,2026-08-18
Come From Away,Greensburg Civic Theatre,Greensburg Garden And Civic Center,2026-09-18,2026-09-20,info@gctheatre.org,Production,"951 Old Salem Rd, Greensburg, PA 15601",Greensburg,PA,15601,US,http://www.gctheatre.org,(724) 414-1220,https://www.facebook.com/,https://www.instagram.com/,MTI,https://www.mtishows.com/shows,performance run,Non-Professional,2026-08-18
Jesus Christ Superstar,Kirkwood Performing Arts Center,Kirkwood Performing Arts Center,2026-09-18,2026-10-18,thekpac@kirkwoodmo.org,Production,"210 East Monroe, KIRKWOOD, MO",KIRKWOOD,MO,,US,https://www.thekpac.org,314-759-1455,http://facebook.com/theKPAC,http://instagram.com/thekpac,CONCORD,https://www.concordtheatricals.com/p/44748/jesus-christ-superstar,extended run,Professional,2026-08-18
Sense and Sensibility (Hamill),Little Miami High School,Little Miami High School,2026-09-18,2026-09-20,communications@lmsdoh.org,Production,"3001 E. U.S. 22-3, Morrow, OH",Morrow,OH,,US,http://www.littlemiamischools.com,(513) 899-2264,https://www.facebook.com/LittleMiamiLocalSchools/,https://www.instagram.com/lmpantherpride/,CONCORD,https://www.concordtheatricals.com/p/60063/sense-and-sensibility-hamill,performance run,Amateur,2026-08-21
Little Shop Of Horrors,New Conservatory Theatre,New Conservatory Theatre Center,2026-09-18,2026-10-18,boxoffice@nctcsf.org,Production,"25 Van Ness Ave, Lower Lobby, San Francisco, CA 94102",San Francisco,CA,94102,US,http://www.nctcsf.org,(415) 861-8972,https://www.facebook.com/nctcsf,https://www.instagram.com/nctcsf/,MTI,https://www.mtishows.com/shows,extended run,Non-Professional,2026-08-18
Tarzan,North Summit Unite,Summit County Ledges Event Center,2026-09-18,2026-09-21,mcrystal@summitcounty.org,Production,"202 Park Rd, Coalville, UT 84017",Coalville,UT,84017,US,https://www.summitcountyutah.gov/995/ledges-event-center,(435) 336-3200,,,MTI,https://www.mtishows.com/shows,performance run,Non-Professional,2026-08-18
The Baltimore Waltz,Osborne Black Box,Osborne Black Box,2026-09-18,2026-09-27,tickets@uccs.edu,Production,"5225 N. Nevada, Colorado Springs, CO",Colorado Springs,CO,,US,https://entcenterforthearts.org/,(719) 255-3232,https://www.facebook.com/EntCenterArts/,https://www.instagram.com/entcenterarts/,CONCORD,https://www.concordtheatricals.com/p/14350/the-baltimore-waltz,performance run,Amateur,2026-08-18
Silent Sky,Owen Theatre,Owen Theatre,2026-09-18,2026-10-04,boxoffice@playerstheatrecompany.com,Production,"225 Metcalf Street, Conroe, TX",Conroe,TX,,US,http://www.playerstheatrecompany.com,9365394090,https://www.facebook.com/ThePlayersTheatreCompany/,https://www.instagram.com/playerstheatrecompany/,CONCORD,https://www.concordtheatricals.com/p/59617/silent-sky,extended run,Amateur,2026-08-18
These Shining Lives,Playhouse In The Park,Playhouse in the Park,2026-09-18,2026-09-27,wayne@playhousemurray.org,Production,"701 Gil Hopson Dr, Murray, KY",Murray,KY,,US,http://www.playhousemurray.org,(270) 759-1752,https://www.facebook.com/PlayhouseMurray,https://www.instagram.com/playhousemurray/,CONCORD,https://www.concordtheatricals.com/p/14872/these-shining-lives,performance run,Amateur,2026-08-18
Next To Normal,Riversong Players,Almonte Old Town Hall,2026-09-18,2026-09-20,town@mississippimills.ca,Production,"14 Bridge St., Almonte, ON K0A 1A0, CA",Almonte,ON,K0A 1A0,CA,http://mississippimills.ca/explore-and-play/mississippi-mills-fun-guide/explore-our-history/almonte-old-town-hall/,(613) 256-2064,https://www.facebook.com/MississippiMills/,https://www.instagram.com/mississippimills/,MTI,https://www.mtishows.com/shows,performance run,Non-Professional,2026-08-18
James And The Giant Peach,Roseville Theatre Arts Academy,Roseville Theatre Arts Academy,2026-09-18,2026-09-27,info@rosevilletheatre.org,Production,"241 Vernon St., Roseville, CA 95678",Roseville,CA,95678,US,http://www.rosevilletheatreartsacademy.com,9167722777,https://www.facebook.com/RosevilleTheatreArtsAcademy,https://www.instagram.com/rosevillertaa,MTI,https://www.mtishows.com/shows,performance run,Non-Professional,2026-08-18
Pippin,Second Star Productions,Bowie Playhouse,2026-09-18,2026-10-04,info@2ndstarproductions.org,Production,"Whitemarsh Park, Bowie, MD 20715",Bowie,MD,20715,US,http://www.2ndstarproductions.com/,410-757-5700,http://www.facebook.com/2ndstarbowie,http://instagram.com/2ndstarbowie,MTI,https://www.mtishows.com/shows,extended run,Non-Professional,2026-08-18
Tony n' Tina's Wedding,Social Circle Theater,Social Circle Theater,2026-09-18,2026-09-27,boxoffice@socialcircletheater.com,Production,"650 AshleyDr, Social Circle, GA",Social Circle,GA,,US,http://www.socialcircletheater.com,770-464-2269,https://www.facebook.com/groups/477903188950719/,http://instagram.com/socialcircletheater,CONCORD,https://www.concordtheatricals.com/p/1796/tony-n-tina-s-wedding,performance run,Amateur,2026-08-18
Come From Away,Stages St Louis,Kirkwood Pac,2026-09-18,2026-10-18,thekpac@kirkwoodmo.org,Production,"210 E Monroe Ave, Kirkwood, MO 63122-6127",Kirkwood,MO,63122-6127,US,https://www.thekpac.org,314-759-1455,http://facebook.com/theKPAC,http://instagram.com/thekpac,MTI,https://www.mtishows.com/shows,extended run,Professional,2026-08-18
Jekyll And Hyde (b'way),Stageworks Theatre,Garza Mainstage,2026-09-18,2026-10-11,info@stageworkstx.org,Production,"10760 Grant Road, Houston, TX 77070",Houston,TX,77070,US,http://www.stageworkshouston.org,+12815876100,https://www.facebook.com/StageworksTX/,https://www.instagram.com/stageworkstx/,MTI,https://www.mtishows.com/shows,extended run,Non-Professional,2026-08-18
Arsenic and Old Lace,The Acting Company,The Acting Company,2026-09-18,2026-10-11,info@actingcompany.org,Production,"815 B Street, Yuba City, CA",Yuba City,CA,,US,http://www.actingcompany.org,(530) 751-1100,https://www.facebook.com/TheActingCompany2023/,https://www.instagram.com/the.acting.company/,CONCORD,https://www.concordtheatricals.com/p/98176/arsenic-and-old-lace,extended run,Amateur,2026-08-18
The Dining Room,The Antrim Playhouse,The Antrim Playhouse,2026-09-18,2026-10-04,info@stageleftct.org,Production,"32 Old Tappan Road, Tappan, NY",Tappan,NY,,US,http://stageleftct.org,(845) 365-9000,https://www.facebook.com/photo/,https://www.instagram.com/stageleftct/,CONCORD,https://www.concordtheatricals.com/p/11533/the-dining-room,extended run,Amateur,2026-08-18
Ken Ludwig's The Game's Afoot,"The Belle Theatre, Inc",The Belle Theatre,2026-09-18,2026-09-26,contactus@thebelletheatre.com,Production,"2708 Santa Barbara Blvd, Cape Coral, FL",Cape Coral,FL,,US,http://www.thebelletheatre.com,(239) 323-5533,/facebook.com/thebelletheatre,https://www.instagram.com/thebelletheatre/,CONCORD,https://www.concordtheatricals.com/p/767/ken-ludwig-s-the-game-s-afoot,performance run,Amateur,2026-08-18
Rhinoceros,The Catastrophic Theatre,The Catastrophic Theatre,2026-09-18,2026-10-10,info@matchouston.org,Production,"3400 Main St., Houston, TX",Houston,TX,,US,https://matchouston.org/,(713) 521-4533,http://www.facebook.com/MATCH.Houston,http://instagram.com/matchouston,CONCORD,https://www.concordtheatricals.com/p/2112/rhinoceros,extended run,Amateur,2026-08-18
Come From Away,The Chattanooga Theatre Centre,Chattanooga Theatre Centre,2026-09-18,2026-10-04,hello@theatrecentre.com,Production,"400 River Street, Chattanooga, TN 37405",Chattanooga,TN,37405,US,http://www.theatrecentre.com,(423) 267-8534,https://www.facebook.com/TheatreCentre/,https://www.instagram.com/chatheatrecentre/,MTI,https://www.mtishows.com/shows,extended run,Non-Professional,2026-08-18
Damn Yankees,The Mass Arts Center,The Mass Arts Center,2026-09-18,2026-10-04,morinigallery@massartscenter.org,Production,"888 South Main Steet, Mansfield, MA 02048",Mansfield,MA,2048,US,http://www.massartscenter.org,(508) 339-2822,https://www.facebook.com/MassArtsCenter,https://www.instagram.com/massartscenter,MTI,https://www.mtishows.com/shows,extended run,Non-Professional,2026-08-18
Disney's The Little Mermaid,The Theatre Company Of Bryan College Station,Theatre Co Of Bryan/college Station,2026-09-18,2026-10-04,info@theatrecompany.com,Production,"3125 S. Texas Ave., Ste. 500, Bryan, TX 77802",Bryan,TX,77802,US,http://theatrecompany.com,,,https://www.instagram.com/theatrebcs/,MTI,https://www.mtishows.com/shows,extended run,Non-Professional,2026-08-18
Little Shop Of Horrors,Theatre South Playhouse,Theatre South Playhouse,2026-09-18,2026-10-04,admin@theatresouthplayhouse.org,Production,"7601 Della Drive #15, Orlando, FL 32819",Orlando,FL,32819,US,http://theatresouthplayhouse.org,407-601-4380,https://www.facebook.com/theatresouthPlayhouse/,https://www.instagram.com/theatresouthplayhouse/,MTI,https://www.mtishows.com/shows,extended run,Non-Professional,2026-08-18
Death of a Salesman,Theatre Woodstock,Theatre Woodstock,2026-09-18,2026-09-26,president@theatrewoodstock.com,Organizations,"10 Erie St S, Leamington, ON, CA",Leamington,ON,,CA,,,,,CONCORD,https://www.concordtheatricals.com/p/7462/death-of-a-salesman,performance run,Amateur,2026-08-18
Our Town,Town Players Of New Canaan Inc,"TOWN PLAYERS OF NEW CANAAN, INC",2026-09-18,2026-10-04,info@tpnc.org,Production,"PO BOX 201, NEW CANAAN, CT",NEW CANAAN,CT,,US,http://tpnc.org,(203) 594-3636,https://www.facebook.com/TownPlayersOfNewCanaan/,,CONCORD,https://www.concordtheatricals.com/p/646/our-town,extended run,Amateur,2026-08-18
Come From Away,Wausau Community Theatre,James F. Veninga Theater,2026-09-18,2026-09-27,admiss@uwsp.edu,Production,"625 Stewart Ave, Wausau, WI 54401",Wausau,WI,54401,US,https://www.uwsp.edu/wausau/,(715) 346-0123,https://www.facebook.com/UWSPWausau/,https://www.instagram.com/uwspwausau/,MTI,https://www.mtishows.com/shows,performance run,Non-Professional,2026-08-18
Guys And Dolls Sr.,Gateway Regional Arts Center,Gateway Regional Arts Center,2026-09-19,2026-09-20,information.grac@gmail.com,Production,"101 East Main St, Mt. Sterling, KY 40353",Mt. Sterling,KY,40353,US,http://grackentucky.org,8594986264,https://www.facebook.com/grackentucky,https://www.instagram.com/grackentucky,MTI,https://www.mtishows.com/shows,performance run,Non-Professional,2026-08-18
The Lion in Winter,Theatre Jacksonville,Theatre Jacksonville,2026-09-19,2026-10-04,info@theatrejax.com,Production,"2032 San Marco Blvd, Jacksonville, FL",Jacksonville,FL,,US,http://www.theatrejax.com,(904) 396-4425,https://www.facebook.com/TheatreJacksonville/,https://www.instagram.com/theatrejacksonville/,CONCORD,https://www.concordtheatricals.com/p/2560/the-lion-in-winter,extended run,Amateur,2026-08-18
Come From Away,Maple Leaf Theatre Productions,Meridian Theatre At Centrepointe,2026-09-20,2026-09-26,town@mississippimills.ca,Organizations,"101 Centrepointe Drive, Ottawa, ON K2G 5K7, CA",Ottawa,ON,K2G 5K7,CA,http://suzart.ca,,https://www.facebook.com/suzartprod/,https://www.instagram.com/suzart.productions/,MTI,https://www.mtishows.com/shows,performance run,Non-Professional,2026-08-18
Disney's The Little Mermaid,Drayton Ent High School Project,Hamilton Family Theatre Cambridge,2026-09-22,2026-10-04,boxoffice@draytonentertainment.com,Production,"46 Grand Ave S, Cambridge, ON N1S 2L8, CA",Cambridge,ON,N1S 2L8,CA,http://www.draytonentertainment.com,(855) 372-9866,https://www.facebook.com/draytonentertainment,https://www.instagram.com/DraytonEntertainment,MTI,https://www.mtishows.com/shows,performance run,School,2026-08-18
Godspell,Creighton University,Blackbox Theatre--lied Edu Center,2026-09-23,2026-09-27,admissions@creighton.edu,Production,"2500 California Street, Omaha, NE 68178",Omaha,NE,68178,US,http://finearts.creighton.edu,(402) 280-2700,https://www.facebook.com/creightonuniversity,https://www.instagram.com/creighton1878,MTI,https://www.mtishows.com/shows,performance run,School,2026-08-18
Roald Dahl's Matilda The Musical Jr,Little Theatre Of Fall River,Little Theatre Firebarn,2026-09-23,2026-09-27,tickets@littletheatre.net,Production,"340 Prospect St, Po Box 1282, Fall River, MA 02722-1282",Fall River,MA,02722-1282,US,http://littletheatre.net,5086751852,https://www.facebook.com/LittleTheatreFallRiver/,https://www.instagram.com/official_ltfr/,MTI,https://www.mtishows.com/shows,performance run,Non-Professional,2026-08-18
Dear Evan Hansen,Town And Gown Community Theatre,Town And Gown Theatre,2026-09-23,2026-10-04,townandgownstillwater@gmail.com,Production,"3524 S. Perkins Road, Stillwater, OK 74075",Stillwater,OK,74075,US,http://www.townandgown.org,4053729122,www.facebook.com/townandgowntheatre/,https://www.instagram.com/townandgownstillwater,MTI,https://www.mtishows.com/shows,performance run,Non-Professional,2026-08-18
Starmites Pro,2nd Street Performing Arts Center,2nd Street Performing Arts Center,2026-09-24,2026-09-27,downriveractorsguild@gmail.com,Production,"1123 2nd St, wyandotte, MI",wyandotte,MI,,US,http://www.2ndstpac.com,7344077020,https://www.facebook.com/2ndst.pac,https://www.instagram.com/2ndst.pac/,CONCORD,https://www.concordtheatricals.com/p/459/starmites-pro,performance run,Amateur,2026-08-18
Rent,Art House Productions,Art House Productions,2026-09-24,2026-10-18,info@arthouseproductions.org,Production,"180 Morgan Street, C-101, Jersey City, NJ 07302",Jersey City,NJ,7302,US,http://www.arthouseproductions.org,(201) 579-0532,https://www.facebook.com/arthouseproductions,https://www.instagram.com/arthouseproductions/,MTI,https://www.mtishows.com/shows,extended run,Non-Professional,2026-08-18
Disney's Newsies Jr.,Brookstone School,Brookstone School,2026-09-24,2026-09-27,info@brookstoneschool.org,Production,"440 Bradley Pk Dr, Columbus, GA",Columbus,GA,,US,http://brookstoneschool.org,(706) 324-1392,https://www.facebook.com/brookstone123,https://www.instagram.com/brookstoneschool/,MTI,https://www.mtishows.com/shows,performance run,School,2026-08-18
Mean Girls,Burloak Theatre Group,Oakville Centre For The Performing,2026-09-24,2026-09-27,boxoffice@oakville.ca,Production,"130 Navy St, Oakville, ON L6J 2Z4, CA",Oakville,ON,L6J 2Z4,CA,http://www.oakvillecentre.ca,(905) 815-2021,https://www.facebook.com/oakville.centre,https://www.instagram.com/oakvillecentre/,MTI,https://www.mtishows.com/shows,performance run,Non-Professional,2026-08-18
Madagascar-a Musical Adventure Jr.,Clark Youth Theatre,Clark Youth Theatre,2026-09-24,2026-10-04,clarkyouththeatre@gmail.com,Production,"4825 S Quaker, Tulsa, OK 74105",Tulsa,OK,74105,US,http://clarkyouththeatre.com,(918) 596-1412,,,MTI,https://www.mtishows.com/shows,performance run,Non-Professional,2026-08-18
Sex with Strangers,Doris Harper White Community Playhouse,Doris Harper White Community Playhouse,2026-09-24,2026-10-11,tickets@theatrikos.com,Production,"11 W Cherry Ave, Flagstaff, AZ",Flagstaff,AZ,,US,http://www.theatrikos.com,(928) 774-1662,https://www.facebook.com/theatrikos/,https://instagram.com/theatrikos,CONCORD,https://www.concordtheatricals.com/p/98311/sex-with-strangers,extended run,Amateur,2026-08-18
Double Double,Greenway High School Theatre,Greenway High School Theatre,2026-09-24,2026-09-26,admin_assistant@moezartproductions.org,Production,"3930 W Greenway Rd, Phoenix, AZ",Phoenix,AZ,,US,http://www.moezartproductions.org,(602) 649-0429,https://www.facebook.com/MoezArt-Productions-53932489561/,https://www.instagram.com/moezart_productions/,CONCORD,https://www.concordtheatricals.com/p/99122/double-double,performance run,Amateur,2026-08-21
Clue,Hendricks Live,Hendricks Live,2026-09-24,2026-09-27,info@hendrickscivic.com,Production,"200 W Main Street, Plainfield, IN",Plainfield,IN,,US,http://www.hendrickscivic.com,(317) 943-3126,https://www.facebook.com/hendrickscivictheatre,https://www.instagram.com/hendrickscivictheatre/,CONCORD,https://www.concordtheatricals.com/p/98692/clue,performance run,Amateur,2026-08-18
Clue (High School Edition),Little Rock Christian Academy,Little Rock Christian Academy,2026-09-24,2026-09-28,ann.chami@littlerockchristian.com,Production,"19010 Cantrell Rd, Little Rock, AR",Little Rock,AR,,US,http://www.littlerockchristian.com,(501) 868-9822,https://www.facebook.com/lrcawarriors,http://instagram.com/little_rock_christian_academy,CONCORD,https://www.concordtheatricals.com/p/100970/clue-high-school-edition,performance run,Amateur,2026-08-18
Company,Majestic Players,Majestic Theater,2026-09-24,2026-09-27,majestictheaterpottsville@gmail.com,Production,"209 N Centre St, Pottsville, PA 17901-2511",Pottsville,PA,17901-2511,US,http://majestictheater.net,(570) 628-2833,https://www.facebook.com/MajesticTheaterPottsville/,,MTI,https://www.mtishows.com/shows,performance run,Non-Professional,2026-08-18
Hedda Gabler (Marber),May Studio Theatre,May Studio Theatre,2026-09-24,2026-09-27,theatre@evansville.edu,Production,"1800 Lincoln Avenue, Evansville, IN",Evansville,IN,,US,http://www.evansville.edu/majors/theatre/,(812) 488-2744,https://www.facebook.com/UETheatre,https://www.instagram.com/uetheatre/,CONCORD,https://www.concordtheatricals.com/p/62530/hedda-gabler-marber,performance run,Amateur,2026-08-18
The Addams Family Musical,Millbrook Community Players Inc,Millbrook Community Players Inc,2026-09-24,2026-10-04,info@millbrooktheatre.com,Production,"Millbrook, AL",Millbrook,AL,,US,http://www.millbrooktheatre.com,(334) 782-7317,,,TRW,https://www.theatricalrights.com/show/addams-family-musical/,performance run,,2026-08-18
Into The Woods,Mineral Area Fine Arts Academy,Mineral Area College Fine Arts Cent,2026-09-24,2026-09-27,mineralareama@gmail.com,Production,"2570 Flat River Rd, 5270 Flat River Rd., Park Hills, MO 63601",Park Hills,MO,63601,US,http://mafinearts.org,,,,MTI,https://www.mtishows.com/shows,performance run,Non-Professional,2026-08-18
Little Shop Of Horrors,Oshawa Little Theatre,Oshawa Little Theatre,2026-09-24,2026-10-10,boxoffice@oshawalittletheatre.com,Production,"62 Russett Avenue, Oshawa, ON L1G 3R5, CA",Oshawa,ON,L1G 3R5,CA,http://oshawalittletheatre.com,(905) 723-0282,https://www.facebook.com/oshawalittletheatre,https://www.instagram.com/olt_oshawalittletheatre,MTI,https://www.mtishows.com/shows,extended run,Non-Professional,2026-08-18
Children Of Eden,Play On Words Productions,Canadian Memorial United Church,2026-09-24,2026-09-27,office@canadianmemorial.org,Production,"1825 West 16th Ave, Vancouver, BC V6J2M3, CA",Vancouver,BC,V6J2M3,CA,https://www.canadianmemorial.org/,(604) 731-3101,https://www.facebook.com/canadianmemorialunitedchurch,https://www.instagram.com/canadianmemorialunitedchurch/,MTI,https://www.mtishows.com/shows,performance run,Non-Professional,2026-08-18
H*tler&#039;s Tasters,Players At The Barker Playhouse,The Players at Barker Playhouse,2026-09-24,2026-10-04,players1909@gmail.com,Production,"Providence, RI",Providence,RI,,US,http://www.playersri.org,401-273-0590,https://www.facebook.com/ThePlayers1909,https://www.instagram.com/playersri/,TRW,https://www.theatricalrights.com/show/hitlers-tasters/,performance run,,2026-08-18
Death of a Salesman,Ross Valley Players,Ross Valley Players,2026-09-24,2026-10-25,boxoffice@rossvalleyplayers.com,Production,"30 Sir Francis Drake, Ross, CA",Ross,CA,,US,http://www.rossvalleyplayers.com,(415) 456-9555,https://www.facebook.com/rossvalleyplayers/,https://www.instagram.com/rossvalleyplayers/,CONCORD,https://www.concordtheatricals.com/p/7462/death-of-a-salesman,extended run,Professional,2026-08-18
The Addams Family Musical,Snow Productions Dba Wilmington Performing Arts,Snow Productions dba Wilmington Performing Arts,2026-09-24,2026-09-27,wilmingtonperformingarts@gmail.com,Production,"Wilmington, NC",Wilmington,NC,,US,http://wilmingtonperformingarts.org,,https://www.facebook.com/profile.php,https://www.instagram.com/wilmingtonperformingarts/,TRW,https://www.theatricalrights.com/show/addams-family-musical/,performance run,,2026-08-21
American Son,Teatro Zuccone,Teatro Zuccone,2026-09-24,2026-10-03,boxoffice@zeitgeistarts.com,Production,"222 East Superior Street, Duluth, MN",Duluth,MN,,US,http://www.zeitgeistarts.com,(218) 726-5430,https://www.facebook.com/zeitgeistduluth,https://www.instagram.com/zeitgeistduluth,CONCORD,https://www.concordtheatricals.com/p/65467/american-son,performance run,Professional,2026-08-18
Dogfight,The Spark,The Spark,2026-09-24,2026-10-04,admin@thesparkcreates.org,Production,"4847 Pearl St Ste B4, Boulder, CO 80301",Boulder,CO,80301,US,http://www.thesparkcreates.org,(720) 432-7784,https://www.facebook.com/thesparkcreates/,https://www.instagram.com/thesparkcreates/,MTI,https://www.mtishows.com/shows,performance run,Non-Professional,2026-08-18
The Music Man Jr,The Venue Theatre,Amy Fletcher,2026-09-24,2026-09-24,artisticdirector@thevenuetheatre.com,Organizations,"27837 Whirlaway Trl, Evergreen, CO 80439",Evergreen,CO,80439,US,,,,,MTI,https://www.mtishows.com/shows,performance run,Non-Professional,2026-08-18
The Moors,Villanova Theatre,Villanova Theatre,2026-09-24,2026-10-04,novavsmt@gmail.com,Production,"800 Lancaster Avenue, Villanova, PA",Villanova,PA,,US,https://novavsmt.wixsite.com/vsmt,,https://www.facebook.com/villanovastudentmusicaltheatre,https://www.instagram.com/novavsmt/,CONCORD,https://www.concordtheatricals.com/p/60712/the-moors,performance run,Amateur,2026-08-18
Dracula: A Comedy of Terrors,Anacortes Community Theatre,Anacortes Community Theatre,2026-09-25,2026-10-17,info@acttheatre.com,Production,"918 M Ave., Anacortes, WA",Anacortes,WA,,US,http://www.acttheatre.com,(360) 293-6829,https://www.facebook.com/act1964/,https://www.instagram.com/act_anacortes/,CONCORD,https://www.concordtheatricals.com/p/95020/dracula-a-comedy-of-terrors,extended run,Amateur,2026-08-18
Frozen,Black Hills Community Theatre,Black Hills Community Theatre,2026-09-25,2026-10-04,morgan@bhct.org,Production,"., Rapid City, SD 57701",Rapid City,SD,57701,US,http://www.bhct.org,(605) 394-1786,,,MTI,https://www.mtishows.com/shows,performance run,Non-Professional,2026-08-18
Godspell,Bullis School,Blair Center,2026-09-25,2026-09-26,admission@bullis.org,Production,"10601 Falls Road, Potomac, MD 20854",Potomac,MD,20854,US,http://www.bullis.org,(301) 299-8500,https://www.facebook.com/BullisSchool,https://www.instagram.com/bullis_school/,MTI,https://www.mtishows.com/shows,performance run,School,2026-08-18
The Hunchback Of Notre Dame,Clio Cast And Crew,Clio Cast And Crew Theatre,2026-09-25,2026-10-04,cliocastandcrew@gmail.com,Production,"2220 W. Vienna Rd., Clio, MI 48420",Clio,MI,48420,US,http://www.cliocastandcrew.com,8106872588,https://www.facebook.com/cliocastcrew,https://www.instagram.com/cliocastandcrew,MTI,https://www.mtishows.com/shows,performance run,Non-Professional,2026-08-18
Little Shop Of Horrors,Cutting Edge Productions,Cutting Edge Productions,2026-09-25,2026-10-18,info@cuttingedgetheater.com,Production,"747 Robert Blvd, Slidell, LA 70458-1637",Slidell,LA,70458-1637,US,http://www.cuttingedgetheater.com,9856493727,https://www.facebook.com/CuttingEdgeProductions,https://www.instagram.com/cutting_edge_theater,MTI,https://www.mtishows.com/shows,extended run,Non-Professional,2026-08-18
The SpongeBob Musical: Youth Edition,D.L. Parsons Theatre,D.L. Parsons Theatre,2026-09-25,2026-09-27,mstricker@northglenn.org,Production,"1 East Memorial Parkway, Northglenn, CO",Northglenn,CO,,US,http://www.northglennarts.org,(303) 450-8888,https://www.facebook.com/DL-Parsons-Theatre-151334881604157/,,CONCORD,https://www.concordtheatricals.com/p/94313/the-spongebob-musical-youth-edition,performance run,Amateur,2026-08-18
Mean Girls,Franklin Civic Operetta Assoc-barrow Civic Theatre,Barrow-civic Theatre,2026-09-25,2026-10-03,boxoffice@barrowtheatre.com,Production,"1223 Liberty Street, Franklin, PA 16323",Franklin,PA,16323,US,http://www.barrowtheatre.org,(814) 437-3440,https://www.facebook.com/barrowcivictheatre/,https://www.instagram.com/barrowcivictheatre/,MTI,https://www.mtishows.com/shows,performance run,Non-Professional,2026-08-18
A Gentleman's Guide To Love And Murder,Hill Country Community Theatre,Hill Country Community Theatre,2026-09-25,2026-10-11,heidi@thehcct.org,Organizations,"4003 W Fm 2147, Horseshoe Bay, TX 78657",Horseshoe Bay,TX,78657,US,,,,,MTI,https://www.mtishows.com/shows,extended run,Non-Professional,2026-08-18
A Murder Is Announced,Little Theatre Off Broadway,Little Theatre Off Broadway,2026-09-25,2026-10-11,ltobgrovecity@gmail.com,Production,"3981 Broadway, Grove City, OH",Grove City,OH,,US,,,https://www.facebook.com/LTOBGroveCity,https://www.instagram.com/ltobgrovecity/,CONCORD,https://www.concordtheatricals.com/p/908/a-murder-is-announced,extended run,Amateur,2026-08-18
The Shark Is Broken,Meadville Community Theatre,Meadville Community Theatre,2026-09-25,2026-10-04,publicity@mctbackstage.com,Production,"114 Cussewago Square, Meadville, PA",Meadville,PA,,US,http://www.mctbackstage.com,(814) 333-1773,https://www.facebook.com/MCT1967/,https://www.instagram.com/mctbackstage/,CONCORD,https://www.concordtheatricals.com/p/102503/the-shark-is-broken,performance run,Amateur,2026-08-18
Rock of Ages,Memorial Opera House,Memorial Opera House,2026-09-25,2026-10-11,memorialoperahouse@valpo.us,Production,"104 Indiana Ave, Valparaiso, IN",Valparaiso,IN,,US,http://www.memorialoperahouse.com/,(219) 548-9137,,,CONCORD,https://www.concordtheatricals.com/p/35180/rock-of-ages,extended run,Amateur,2026-08-18
The Hunchback Of Notre Dame,Meta Performing Arts,Mcintyre Hall,2026-09-25,2026-10-11,nida.tautvydas@skagit.edu,Production,"2501 East College Way, Mount Vernon, WA 98273",Mount Vernon,WA,98273,US,https://mcintyrehall.org/,(360) 416-7727,,,MTI,https://www.mtishows.com/shows,extended run,Non-Professional,2026-08-18
Something Rotten!,Music Box Players,Music Box Players Dinner Theatre,2026-09-25,2026-10-11,office@musicbox.org,Production,"196 Hughes Street, Swoyersville, PA 18704",Swoyersville,PA,18704,US,http://www.musicbox.org,,,,MTI,https://www.mtishows.com/shows,extended run,Non-Professional,2026-08-18
The Hunchback Of Notre Dame,Newport Theatre Arts Center,Newport Theatre Arts Center,2026-09-25,2026-10-25,info@ntactickets.com,Production,"2501 Cliff Dr, Newport Bch, CA 92663",Newport Bch,CA,92663,US,http://ntactickets.com,(949) 631-0288,,,MTI,https://www.mtishows.com/shows,extended run,Non-Professional,2026-08-18
The Shawshank Redemption,Newton Community Theatre Inc,Newton Community Theatre,2026-09-25,2026-10-04,newtontheatre@iowatelecom.net,Production,"1701 South 8th Avenue E, Newton, IA",Newton,IA,,US,http://www.newtontheatre.com,,https://www.facebook.com/profile.php,https://www.instagram.com/newton.community.theatre/,CONCORD,https://www.concordtheatricals.com/p/98705/the-shawshank-redemption,performance run,Amateur,2026-08-18
Disney's The Little Mermaid Jr,Paige Productions Llc,Paige Productions Youth Theater,2026-09-25,2026-09-26,paigeproductions123@gmail.com,Production,"13001 N Fountain Hills Blvd., Fountain Hills, AZ 85268",Fountain Hills,AZ,85268,US,http://www.paigeproductionsaz.com,(480) 375-8058,https://facebook.com/paigeproductionsaz,http://instagram.com/paigeproductionsaz,MTI,https://www.mtishows.com/shows,performance run,Non-Professional,2026-08-18
The Addams Family Musical: Young@PartÂ®,Performing Arts Academy,Performing Arts Academy,2026-09-25,2026-10-04,info@paacolorado.org,Organizations,"Middletown, OH",Middletown,OH,,US,,,,,TRW,https://www.theatricalrights.com/show/addams-family-youngpart/,performance run,,2026-08-18
Steel Magnolias,Plant City Entertainment,Plant City Entertainment,2026-09-25,2026-10-04,pcetheater@gmail.com,Production,"101 N Thomas St, Plant City, FL",Plant City,FL,,US,http://plantcityentertainment.com,(813) 752-0728,https://www.facebook.com/PlantCityEntertainmentInc,https://instagram.com/plant_city_entertainment,CONCORD,https://www.concordtheatricals.com/p/10643/steel-magnolias,performance run,Amateur,2026-08-18
Shrek The Musical Jr,Playful People Productions,Historic Hoover Theatre,2026-09-25,2026-10-04,office@playfulpeople.org,Production,"1635 Park Ave., San Jose, CA 95126",San Jose,CA,95126,US,http://www.playfulpeople.org,(408) 878-5362,https://www.facebook.com/playfulpeopleproductions,https://www.instagram.com/playfulpeopleproductions/,MTI,https://www.mtishows.com/shows,performance run,Non-Professional,2026-08-18
Once Upon a Mattress,Saratoga Civic Theatre,Saratoga Civic Theatre,2026-09-25,2026-10-17,info@southbaymt.com,Production,"13777 Fruitvale Ave., Saratoga, CA",Saratoga,CA,,US,http://www.southbaymt.com,(408) 266-4734,https://www.facebook.com/southbaymusical/,https://www.instagram.com/southbaymusicaltheatre/,CONCORD,https://www.concordtheatricals.com/p/44799/once-upon-a-mattress,extended run,Amateur,2026-08-18
Come From Away,Stage West- West Fargo Events,Stage West,2026-09-25,2026-10-17,info@westfargoevents.com,Production,"300 Sheyenne Street, Suite 120, West Fargo, ND 58078",West Fargo,ND,58078,US,http://westfargoevents.com,+1-701-532-1793,https://www.facebook.com/westfargoevents/,https://www.instagram.com/westfargoevents/,MTI,https://www.mtishows.com/shows,extended run,Non-Professional,2026-08-18
Dracula (Dietz),Thalian Hall,Thalian Hall,2026-09-25,2026-10-04,friends@thalianhall.org,Production,"310 Chestnut Street, Wilmington, NC",Wilmington,NC,,US,http://www.thalianhall.org,9106322285,https://facebook.com/thcpa,https://instagram.com/thalianhall,CONCORD,https://www.concordtheatricals.com/p/99874/dracula-dietz,performance run,Amateur,2026-08-18
School of Rock (Lloyd Webber),The Assembly Theatre,The Assembly Theatre,2026-09-25,2026-09-27,assemblyact@gmail.com,Production,"26 East Avenue, Harrisville, RI",Harrisville,RI,,US,https://www.assemblytheatre.org/,,https://www.facebook.com/assemblytheatreRI,http://www.instagram.com/assemblyact,CONCORD,https://www.concordtheatricals.com/p/58738/school-of-rock-lloyd-webber,performance run,Amateur,2026-08-18
Dear Evan Hansen,The Key Players,Coral Shores High Auditorium,2026-09-25,2026-10-04,keyplayersinfo@gmail.com,Production,"89901 Old Hwy, Tavernier, FL 33070",Tavernier,FL,33070,US,http://www.thekeyplayers.org,(305) 942-4339,https://www.facebook.com/TheKeyPlayers/,https://www.instagram.com/keyplayerstheater/,MTI,https://www.mtishows.com/shows,performance run,Non-Professional,2026-08-18
Beetlejuice Jr.,The New Deal Creative Arts Center,Spencer Family Theatre,2026-09-25,2026-09-27,general@oakwoodfriends.org,Production,"22 Spackenkill Road, Poughkeepsie, NY 12603",Poughkeepsie,NY,12603,US,http://www.oakwoodfriends.org,(845) 462-4200,https://www.facebook.com/oakwoodfriends,https://www.instagram.com/oakwoodfriends/,MTI,https://www.mtishows.com/shows,performance run,Non-Professional,2026-08-18
Beetlejuice Jr.,The Stage Theater Co.,The Stage Theater Co.,2026-09-25,2026-09-27,thestageoffices@gmail.com,Production,"Chieftan Lane, Jonesboro, AR 72404-8091",Jonesboro,AR,72404-8091,US,http://www.thestagetheaterco.com,,https://www.facebook.com/thestagetheaterco,https://www.instagram.com/,MTI,https://www.mtishows.com/shows,performance run,Non-Professional,2026-08-18
Lerner And Loewe's Brigadoon,Univ Of Cincinnati,Corbet Auditorium,2026-09-25,2026-09-26,cox2em@ucmail.uc.edu,Production,"College Conservatory Of Music, Po Box 210003, Cincinnati, OH 45221",Cincinnati,OH,45221,US,https://ccm.uc.edu/overview/facilities.html,+1-513-556-6000,https://www.facebook.com/UCCollegeConservatoryofMusic,https://www.instagram.com/uc_ccm,MTI,https://www.mtishows.com/shows,performance run,School,2026-08-18
A Year With Frog And Toad,Univ Of South Alabama,Theatre Usa,2026-09-25,2026-10-02,theatre@southalabama.edu,Production,"5751 Usa Dr. S, 1048 Laidlaw Performing Arts Cntr, Mobile, AL",Mobile,AL,,US,http://southalabama.edu/drama,(251) 460-6101,https://www.facebook.com/USATheatreandDance/,https://www.instagram.com/usatheatreanddance/,MTI,https://www.mtishows.com/shows,performance run,School,2026-08-18
The Prom,Cary Players,Cary Players,2026-09-26,2026-10-05,info@caryplayers.org,Production,"Cary, NC",Cary,NC,,US,http://www.caryplayers.org,,https://www.facebook.com/CaryPlayers,http://instagram.com/caryplayers,TRW,https://www.theatricalrights.com/show/prom/,performance run,,2026-08-18
Disney's High School Musical,Frances Mohler Dance Company,Mukund S. Kulkarni Theatre,2026-09-26,2026-09-27,kulkarniboxoffice@psu.edu,Production,"777 West Harrisburg Pike, Middletown, PA 17057",Middletown,PA,17057,US,https://harrisburg.psu.edu/kulkarni-theatre,(717) 948-6000,https://www.facebook.com/pennstateharrisburg,https://instagram.com/pennstateharrisburg,MTI,https://www.mtishows.com/shows,performance run,Non-Professional,2026-08-18
Something Rotten!,Kemptville Youth Musical Theatre,Kemptville Youth Musical Theatre,2026-09-26,2026-10-10,kymtcinfo@gmail.com,Production,"285 County Rd #44, Kemptville, ON K0G 1J0, CA",Kemptville,ON,K0G 1J0,CA,http://www.kymtc.org,,https://www.facebook.com/KemptvilleYouthMusicalTheatreCompany,https://www.instagram.com/kymtc_/,MTI,https://www.mtishows.com/shows,performance run,Non-Professional,2026-08-18
Spring Awakening,Ohio University School Of Theater,The Ridges Auditorium,2026-09-26,2026-09-26,theater@ohio.edu,Production,"135 Ridges Circle, Athens, OH 45701",Athens,OH,45701,US,http://www.ohio.edu/theater,(740) 593-1000,https://www.facebook.com/OhioUniversity/,https://www.instagram.com/ohio.university/,MTI,https://www.mtishows.com/shows,performance run,School,2026-08-18
Into The Woods,Santa Monica Theatre Guild/morgan Wixson Theatre,Morgan Wixson Theatre,2026-09-26,2026-10-18,hollister@morgan-wixson.org,Production,"Santa Monica Theatre Guild, 2627 Pico Blvd, Santa Monica, CA 90405",Santa Monica,CA,90405,US,http://www.morgan-wixson.org,(310) 828-7519,https://www.facebook.com/MorganWixson/,https://www.instagram.com/morganwixson/,MTI,https://www.mtishows.com/shows,extended run,Non-Professional,2026-08-18
Into The Woods,South Bay Musical Theatre,Saratoga Civic Theatre,2026-09-26,2026-10-17,info@southbaymt.com,Production,"13777 Fruitvale Avenue, Saratoga, CA 95070",Saratoga,CA,95070,US,http://www.southbaymt.com,(408) 266-4734,https://www.facebook.com/southbaymusical/,https://www.instagram.com/southbaymusicaltheatre/,MTI,https://www.mtishows.com/shows,extended run,Non-Professional,2026-08-18
Disney's Aladdin Jr.,St Johns High School,St Johns High School,2026-09-26,2026-09-26,board@wsd1.org,Organizations,"Box 429, 360 Redskin Drive, St Johns, AZ 85936",St Johns,AZ,85936,US,,,,,MTI,https://www.mtishows.com/shows,performance run,School,2026-08-18
Little Shop Of Horrors,Proscenium Players Inc,Maizie Harris-jesse Blackbox,2026-09-27,2026-10-11,info@breweryarts.org,Production,"449 West King Street, 449 West King Street, Carson City, NV 89703",Carson City,NV,89703,US,http://breweryarts.org,(775) 883-1976,https://www.facebook.com/Breweryartscenter,https://www.instagram.com/breweryartscentercarsoncity,MTI,https://www.mtishows.com/shows,performance run,Non-Professional,2026-08-18
Elephant And Piggie's We Are In A Play,Columbia Childrens Theatre,Columbia Children's Theatre,2026-09-28,2026-10-02,sadie@columbiachildrenstheatre.com,Production,"1401 Washington St., Columbia, SC 29204",Columbia,SC,29204,US,http://www.columbiachildrenstheatre.com,(803) 691-4548,https://www.facebook.com/ColumbiaChildrensTheatre/,https://www.instagram.com/columbiact/,MTI,https://www.mtishows.com/shows,performance run,Non-Professional,2026-08-18
Frozen,Pittsburg Community Theatre,Pittsburg Memorial Auditorium,2026-09-30,2026-10-04,sebastian@aldusleaf.org,Organizations,"503 North Pine, Pittsburg, KS 66762",Pittsburg,KS,66762,US,http://www.memorialauditorium.org,,,,MTI,https://www.mtishows.com/shows,performance run,Non-Professional,2026-08-18
Snapshot,Studio Theater,Studio Theater,2026-09-30,2026-10-04,tickets@kcrep.org,Organizations,"800 University Drive, Maryville, MO",Maryville,MO,,US,,,,,CONCORD,https://www.concordtheatricals.com/p/102575/snapshot,performance run,Amateur,2026-08-18
Disney's The Little Mermaid,Anderson University,Anderson University/henderson,2026-10-01,2026-10-04,ocr@ed.gov,Production,"316 Boulevard, Anderson, SC 29621",Anderson,SC,29621,US,http://www.andersonuniversity.edu,(800) 421-3481,https://www.facebook.com/AndersonUniversitySC,https://www.instagram.com/AndersonUnivSC,MTI,https://www.mtishows.com/shows,performance run,School,2026-08-18
Act Without Words I & II,Arthur Miller Theatre,Arthur Miller Theatre,2026-10-01,2026-10-11,ruth.egherman@gmail.com,Production,"1226 Murfin Ave., Ann Arbor, MI",Ann Arbor,MI,,US,http://www.a2ct.org,4089307591,https://www.facebook.com/annarborcivictheatre/,https://www.instagram.com/annarborcivictheatre/,CONCORD,https://www.concordtheatricals.com/p/924/act-without-words-i-ii,performance run,Amateur,2026-08-18
Shrek The Musical,Bainbridge Little Theatre,Bainbridge Little Theatre,2026-10-01,2026-10-04,bainbridgelittletheatre@gmail.com,Production,"220 E Troupe St, Po Box 1245, Bainbridge, GA 39818",Bainbridge,GA,39818,US,http://www.bainbridgelittletheatre.com/,(229) 246-8345,,,MTI,https://www.mtishows.com/shows,performance run,Non-Professional,2026-08-18
Newsies,Blue Ridge Community Theatre,Blue Ridge Community Theater,2026-10-01,2026-10-11,info@blueridgecommunitytheater.com,Production,"2591 East First St, Blue Ridge, GA 30513",Blue Ridge,GA,30513,US,http://blueridgecommunitytheater.com,(706) 632-9191,https://www.facebook.com/BRCTGA/,https://www.instagram.com/blueridgecommunitytheater/,MTI,https://www.mtishows.com/shows,performance run,Non-Professional,2026-08-18
Company,Charles Stewart Howard Playhouse,Harter Hall,2026-10-01,2026-11-01,cshplayhouse@gmail.com,Production,"21338 Dumetz Road, Woodland Hills, CA 91436",Woodland Hills,CA,91436,US,http://www.cshplayhouse.org,(818) 835-0612,https://www.facebook.com/whctheatre,https://www.instagram.com/cshplayhouse,MTI,https://www.mtishows.com/shows,extended run,Non-Professional,2026-08-18
Annie,Christian Youth Theatre - Cyt Phoenix,"Mesa Arts Center, Piper",2026-10-01,2026-10-11,boxoffice@mesaartscenter.com,Production,"One E Main St, Mesa, AZ 85201",Mesa,AZ,85201,US,http://mesaartscenter.com,(480) 644-6500,https://www.facebook.com/mesaartscenteraz,https://instagram.com/mesaartscenter,MTI,https://www.mtishows.com/shows,performance run,Non-Professional,2026-08-18
All My Sons,George P Maffei Theatre,George P Maffei Theatre,2026-10-01,2026-10-04,williamskaggs@kings.edu,Production,"133 N River St, Wilkes Barre, PA",Wilkes Barre,PA,,US,http://www.kings.edu,,https://www.facebook.com/kingscollegepa,https://www.instagram.com/kingscollegepa/,CONCORD,https://www.concordtheatricals.com/p/6567/all-my-sons,performance run,Amateur,2026-08-18
Little Shop Of Horrors,Good Theatre Productions,Good Theatre,2026-10-01,2026-10-18,boxoffice@goodtheater.com,Production,"17 Schooner Rd, Scarborough, ME 04074-8775",Scarborough,ME,04074-8775,US,http://www.goodtheater.com,2078350895,https://www.facebook.com/TheGoodTheater/,https://www.instagram.com/goodtheater,MTI,https://www.mtishows.com/shows,extended run,Professional,2026-08-18
Agatha Christie's Murder on the Orient Express,Jefferson high school,Jefferson high school,2026-10-01,2026-10-04,info@lafayettecivic.org,Organizations,"4001 W 102nd st, Bloomington, MN",Bloomington,MN,,US,,,,,CONCORD,https://www.concordtheatricals.com/p/64584/agatha-christie-s-murder-on-the-orient-express,performance run,Amateur,2026-08-18
Little Shop Of Horrors (broadway Version),Kearney High School,Kearney High School,2026-10-01,2026-10-04,jasmundorf@kearneycats.com,Production,"2702 W. 11th St, Kearney, NE 68845",Kearney,NE,68845,US,http://www.kearneypublicschools.org,(308) 698-8000,https://www.facebook.com/kearneypublicschools,,MTI,https://www.mtishows.com/shows,performance run,School,2026-08-18
Into The Woods,Leeds Arts Council Inc,Leeds Theatre And Arts Center,2026-10-01,2026-10-11,leedsartscouncilal@gmail.com,Production,"8140 Parkway Dr., Leeds, AL 35094",Leeds,AL,35094,US,http://www.leedsartscouncil.org,205.699.1892,https://www.facebook.com/wix,https://www.instagram.com/wix/,MTI,https://www.mtishows.com/shows,performance run,Non-Professional,2026-08-18
The 25th Annual Putnam County Spelling Bee,Lewisville Playhouse,Lewisville Playhouse,2026-10-01,2026-10-18,info@lewisvilleplayhouse.org,Production,"160 W Main Street, Lewisville, TX",Lewisville,TX,,US,http://www.lewisvilleplayhouse.org,(972) 221-7469,https://www.facebook.com/lewisvilleph,https://www.instagram.com/lewisvilleph/,MTI,https://www.mtishows.com/shows,extended run,Non-Professional,2026-08-18
Marriage Can Be Hazardous to Your Health,Marion Ross Performing Arts Center,Marion Ross Performing Arts Center,2026-10-01,2026-10-10,act@actonbroadway.com,Production,"147 N. Broadway Ave, Albert Lea, MN",Albert Lea,MN,,US,http://www.actonbroadway.com,(507) 377-4371,https://www.facebook.com/ACT-on-Broadway-164879623522113/,,CONCORD,https://www.concordtheatricals.com/p/5391/marriage-can-be-hazardous-to-your-health,performance run,Amateur,2026-08-18
The Crucible,Northern Starz Theatre,Northern Starz Theatre,2026-10-01,2026-10-11,rachel@northernstarz.org,Production,"5300 Alpine Drive, Ramsey, MN",Ramsey,MN,,US,http://www.northernstarz.org,(612) 326-6158,https://www.facebook.com/NorthernStarzCenterforPerformingArts/,https://www.instagram.com/northernstarz_performingarts/,CONCORD,https://www.concordtheatricals.com/p/7459/the-crucible,performance run,Amateur,2026-08-18
The 25th Annual Putnam County Spelling Bee,Ohio Northern University,Ohio Northern University Studio The,2026-10-01,2026-10-04,freed-center@onu.edu,Production,"525 South Main Street, Ada, OH 45810",Ada,OH,45810,US,http://www.freedcenter.com,(419) 772-1900,https://www.facebook.com/ohionorthern,https://www.instagram.com/ohionorthern/,MTI,https://www.mtishows.com/shows,performance run,School,2026-08-18
Shrek The Musical Kids,Oldham County Schools Arts Center,Oldham County Schools Arts Center,2026-10-01,2026-10-03,arts.center@oldham.kyschools.us,Production,"7105 Floydsburg Road, Crestwood, KY 40014",Crestwood,KY,40014,US,http://ocsartscenter.org,(502) 241-6018,https://www.facebook.com/OldhamCoSchoolsArtsCenter,,MTI,https://www.mtishows.com/shows,performance run,Non-Professional,2026-08-18
Buried Child,Ollington Smith Playhouse,Ollington Smith Playhouse,2026-10-01,2026-10-04,web-accessibility@tsu.edu,Production,"3100 Cleburne St, Houston, TX",Houston,TX,,US,http://www.tsu.edu,(713) 313-7011,https://www.facebook.com/texassouthernuniversity/,https://www.instagram.com/texassouthern/,CONCORD,https://www.concordtheatricals.com/p/6564/buried-child,performance run,Amateur,2026-08-27
Footloose,Southeast Missouri State University,Southeast Missouri State University,2026-10-01,2026-10-04,ssteffens@semo.edu,Production,"518 South Fountain Street, Cape Girardeau, MO",Cape Girardeau,MO,,US,http://www.semo.edu/theatreanddance,(573) 651-2149,https://www.facebook.com/SEConservatoryTheatre/,https://www.instagram.com/seconservatorydance/,CONCORD,https://www.concordtheatricals.com/p/44822/footloose,performance run,Amateur,2026-08-18
Wait Until Dark (Hatcher),St. Charles Community College,St. Charles Community College,2026-10-01,2026-10-04,hr@stchas.edu,Organizations,"4601 Mid Rivers Mall Dr., St. Peters, MO",St. Peters,MO,,US,,,,,CONCORD,https://www.concordtheatricals.com/p/98167/wait-until-dark-hatcher,performance run,Amateur,2026-08-18
Magic Tree House: The Knight At Dawn Kids,The Habersham School,The Habersham School,2026-10-01,2026-10-01,info@thehabershamschool.org,Production,"4700 Skidaway Road Bld. B, Savannah, GA 31404",Savannah,GA,31404,US,http://thehabershamschool.org,(912) 509-0540,https://www.facebook.com/thehabershamschool/,https://www.instagram.com/thehabershamschool/,MTI,https://www.mtishows.com/shows,performance run,School,2026-08-18
Yellow Face,THE KANDER THEATER,THE KANDER THEATER,2026-10-01,2026-10-04,college.admissions@oberlin.edu,Production,"67 N Main St, Oberlin, OH",Oberlin,OH,,US,https://www.oberlin.edu/hall-auditorium,(800) 622-6243,,,CONCORD,https://www.concordtheatricals.com/p/15064/yellow-face,performance run,Amateur,2026-08-18
Hurricane Diane,The Ten Fifteen Theater,The Ten Fifteen Theater,2026-10-01,2026-10-17,info@thetenfifteentheater.com,Production,"1015 Commercial Street, Astoria, OR",Astoria,OR,,US,http://www.thetenfifteentheater.com,(503) 298-5255,http://www.facebook.com/thetenfifteentheater,http://www.instagram.com/thetenfifteen,CONCORD,https://www.concordtheatricals.com/p/65789/hurricane-diane,extended run,Amateur,2026-08-18
The 25th Annual Putnam County Spelling Bee,Windermere Preparatory School,Auditorium at Windermere Preparatory School,2026-10-01,2026-10-03,admissions@windermereprep.com,Production,"6189 Winter Garden Vineland Road, Windermere, FL 34786",Windermere,FL,34786,US,http://www.windermereprep.com,+1 407-905-7737,https://www.facebook.com/windermerepreparatoryschool/,https://www.instagram.com/windermereprepschool/,MTI,https://www.mtishows.com/shows,performance run,Non-Professional,2026-08-18
Sweeney Todd,Clarksville Little Theatre,Clarksville Little Theatre,2026-10-02,2026-10-11,clarksvillelittletheatre@gmail.com,Production,"301 E Montgomery Avenue, Clarksville, IN 47129",Clarksville,IN,47129,US,http://www.clarksvillelittletheatre.org,(812) 283-6522,https://m.facebook.com/ClarksvilleLittleTheatre/,,MTI,https://www.mtishows.com/shows,performance run,Non-Professional,2026-08-18
Beautiful,Dunwoody United Methodist Church,Dunwoody United Methodist Church,2026-10-02,2026-10-04,mail@dunwoodyumc.org,Production,"1548 Mt. Vernon Rd., Dunwoody, GA 30338",Dunwoody,GA,30338,US,http://dunwoodyumc.org,(770) 394-0675,https://www.facebook.com/DunwoodyUMC,https://www.instagram.com/dunwoodyumc/,MTI,https://www.mtishows.com/shows,performance run,Non-Professional,2026-08-18
Lionel Barts Oliver! Jr,Early Light Academy,Toni Butler,2026-10-02,2026-10-10,info@earlylightacademy.org,Production,"11709 S. Vadania Dr., South Jordan, UT 84009",South Jordan,UT,84009,US,http://earlylightacademy.org,(801) 302-5988,https://www.facebook.com/earlylightacademy/,https://www.instagram.com/eladaybreak,MTI,https://www.mtishows.com/shows,performance run,Non-Professional,2026-08-18
"The Seagull (Stoppard, trans.)",Evan P. and Marion Helfaer Theatre,Evan P. and Marion Helfaer Theatre,2026-10-02,2026-10-11,amanda.keeler@marquette.edu,Production,"1304 W. Clybourn Street, Milwaukee, WI",Milwaukee,WI,,US,http://www.marquette.edu/theatre,(414) 288-7133,https://www.facebook.com/MarquetteTheatre/,https://www.instagram.com/mutheatre/,CONCORD,https://www.concordtheatricals.com/p/7614/the-seagull-stoppard-trans,performance run,Amateur,2026-08-18
Sister Act,Flat Rock Playhouse,Flat Rock Playhouse,2026-10-02,2026-10-25,info@flatrockplayhouse.org,Production,"2661 Greenville Hwy, Flat Rock, NC 28731",Flat Rock,NC,28731,US,http://www.flatrockplayhouse.org,(828) 693-0731,https://www.facebook.com/FRPlayhouse,https://www.instagram.com/frplayhouse/,MTI,https://www.mtishows.com/shows,extended run,Professional,2026-08-18
Waiting (Coen),Henry Heymann Theatre,Henry Heymann Theatre,2026-10-02,2026-10-04,stages@pitt.edu,Production,"4301 Forbes Ave, Pittsburgh, PA",Pittsburgh,PA,,US,http://play.pitt.edu,(412) 624-6568,https://www.facebook.com/PittStages,https://www.instagram.com/pitt_stages/,CONCORD,https://www.concordtheatricals.com/p/101377/waiting-coen,performance run,Amateur,2026-08-18
Disney's Newsies Jr.,Hive Preparatory School,Hive Preparatory School,2026-10-02,2026-10-02,agonzalez@hiveprep.com,Production,"5855 Nw 171 Street, Hialeah, FL 33015",Hialeah,FL,33015,US,http://www.hiveprep.org,(305) 231-4888,https://www.facebook.com/HIVEPrep,https://www.instagram.com/hiveprep/,MTI,https://www.mtishows.com/shows,performance run,Non-Professional,2026-08-26
Evil Dead The Musical,Lamb Productions,Lamb Theatre,2026-10-02,2026-10-18,diana.wooley@gmail.com,Production,"1501 Morningside Ave., Sioux City, IA 51106",Sioux City,IA,51106,US,http://www.lambtheatre.com,(712) 251-3014,https://www.facebook.com/LAMBTheatre,https://www.instagram.com/lambtheatresc,MTI,https://www.mtishows.com/shows,extended run,Non-Professional,2026-08-18
Dracula (Dietz),Las Cruces Community Theatre,Las Cruces Community Theatre,2026-10-02,2026-10-18,boxoffice@lcctnm.org,Production,"313 N. Main St., Las Cruces, NM",Las Cruces,NM,,US,http://www.lcctnm.org,575-523-1200,https://www.facebook.com/lcctnm,https://www.instagram.com/lcctnm,CONCORD,https://www.concordtheatricals.com/p/99874/dracula-dietz,extended run,Amateur,2026-08-18
1776,Marigold Auditorium For Arts And Culture,Marigold Auditorium,2026-10-02,2026-10-04,wintervillecampus@gmail.com,Production,"373 N Church St., Winterville, GA 30683",Winterville,GA,30683,US,http://www.wintervillecenter.com,706-742-0823,https://www.facebook.com/TheWintervilleCenter/,https://www.instagram.com/wintervillecenter/,MTI,https://www.mtishows.com/shows,performance run,Non-Professional,2026-08-18
Come From Away,Merely Players,Merely Players,2026-10-02,2026-10-18,merelydirectors@gmail.com,Production,"789 Tech Center Drive, Durango, CO 81301",Durango,CO,81301,US,http://www.merelyplayers.org,,https://www.facebook.com/merelyplayers.us,https://www.instagram.com/merely_players_durango/,MTI,https://www.mtishows.com/shows,extended run,Non-Professional,2026-08-18
Disney's Aladdin Jr.,One School Of The Arts,One School Of The Arts,2026-10-02,2026-10-03,hello@oneschool.net,Production,"1675 Dixon Rd, Longwood, FL 32779",Longwood,FL,32779,US,http://oneschool.net,(407) 774-0168,http://www.facebook.com/oneschoolofthearts,http://instagram.com/oneschoolofthearts,MTI,https://www.mtishows.com/shows,performance run,Non-Professional,2026-08-18
Puffs (Two Act Edition),Oster Regent Theatre,Oster Regent Theatre,2026-10-02,2026-10-11,info@mycfct.org,Production,"103 Main Street, Cedar Falls, IA",Cedar Falls,IA,,US,https://www.mycfct.org/,(319) 277-5283,https://www.facebook.com/MyCFCT,https://www.instagram.com/mycfct/,CONCORD,https://www.concordtheatricals.com/p/65316/puffs-two-act-edition,performance run,Amateur,2026-08-18
Disney's Aladdin Jr.,Palace Cultural Arts Association,Marion Palace Theatre,2026-10-02,2026-10-04,info@marionpalace.org,Production,"276 W Center St, Marion, OH 43302",Marion,OH,43302,US,http://marionpalace.org,(740) 383-2101,https://www.facebook.com/marionpalace,https://www.instagram.com/marionpalace,MTI,https://www.mtishows.com/shows,performance run,Non-Professional,2026-08-18
Come From Away,Ph Friends D/b/a Playhouse 1960,Playhouse 1960 Inc,2026-10-02,2026-10-18,ph1960president@gmail.com,Production,"6814 Gant Road, #116, Houston, TX 77066",Houston,TX,77066,US,http://www.playhouse1960.com/,(281) 587-8243,https://www.facebook.com/Playhouse1960,https://www.instagram.com/playhouse1960/,MTI,https://www.mtishows.com/shows,extended run,Non-Professional,2026-08-18
Bye Bye Birdie,Pinole Community Playhouse,Pinole Community Playhouse,2026-10-02,2026-10-10,info@pinoleplayers.org,Production,"601 Tennent Ave., Pinole, CA",Pinole,CA,,US,http://www.pinoleplayers.org,(510) 724-9844,https://www.facebook.com/PinolePlayers/,http://instagram.com/pinoleplayers/,CONCORD,https://www.concordtheatricals.com/p/44595/bye-bye-birdie,performance run,Amateur,2026-08-18
"Almost, Maine",Powerhouse Community Arts Center,Powerhouse Community Arts Center,2026-10-02,2026-10-03,help@oxfordarts.com,Production,"413 S 14th Street, Oxford, MS",Oxford,MS,,US,https://www.oxfordarts.com/,(662) 236-6429,https://www.facebook.com/yoknapatawphaartscouncil,https://www.instagram.com/yacartscouncil/,CONCORD,https://www.concordtheatricals.com/p/12954/almost-maine,performance run,Amateur,2026-08-18
Hairspray,"Pretty As A Penny Productions, Inc.",Lawrenceville Arts Center,2026-10-02,2026-10-24,boxoffice@auroratheatre.com,Production,"125 N Clayton St, Lawrenceville, GA 30046",Lawrenceville,GA,30046,US,http://www.auroratheatre.com,(678) 226-6222,https://www.facebook.com/AuroraTheatre,https://www.instagram.com/aurora.theatre/,MTI,https://www.mtishows.com/shows,extended run,Professional,2026-08-18
The Addams Family Musical,Sherman Community Players,Sherman Community Players,2026-10-02,2026-10-18,pam@scptheater.org,Production,"Sherman, TX",Sherman,TX,,US,http://theatricks.org,(903) 892-8818,https://www.facebook.com/SCPTheater,https://www.instagram.com/explore/tags/shermancommunityplayers/,TRW,https://www.theatricalrights.com/show/addams-family-musical/,extended run,,2026-08-18
Disney's Frozen Jr,St Margaret Mary School,St Margaret Mary School,2026-10-02,2026-10-03,parish@stmm.org,Organizations,"1050-a Robert Blvd, Slidell, LA 70458",Slidell,LA,70458,US,http://www.saintmmschool.org,,,,MTI,https://www.mtishows.com/shows,performance run,Non-Professional,2026-08-18
Into The Woods,St Marks Players,St Marks Episcopal Church,2026-10-02,2026-10-17,info@stmarksplayers.org,Production,"301 A St, Se, Washington, DC 20003",Washington,DC,20003,US,http://www.stmarksplayers.org,(202) 854-9199,https://www.facebook.com/stmarksplayers,http://instagram.com/stmarksplayers,MTI,https://www.mtishows.com/shows,extended run,Non-Professional,2026-08-18
Little Shop Of Horrors,Standing Room Only,Outpost Church,2026-10-02,2026-10-31,standrmonly@gmail.com,Production,"102 E. Yelm Avenue, 102 E Yelm Ave, Yelm, WA 98597",Yelm,WA,98597,US,http://www.srotheater.org,,https://www.facebook.com/srotheater/,https://www.instagram.com/srotheater/,MTI,https://www.mtishows.com/shows,extended run,Non-Professional,2026-08-18
Spring Awakening,Stephens College,Macklanburg Playhouse,2026-10-02,2026-10-04,info@stephens.edu,Production,"100 Willis Avenue, Columbia, MO 65215",Columbia,MO,65215,US,http://www.stephens.edu,(573) 442-2211,https://www.facebook.com/stephenscollege,https://www.instagram.com/stephenscollege/,MTI,https://www.mtishows.com/shows,performance run,School,2026-08-18
Building the Wall,Tallgrass Theatre Company,Tallgrass Theatre,2026-10-02,2026-10-11,info@tallgrasstheatre.org,Production,"2019 Grand Ave., West Des Moines, IA",West Des Moines,IA,,US,http://www.tallgrasstheatre.org,(515) 518-0658,https://www.facebook.com/tallgrasstheatre/,https://www.instagram.com/tallgrasstheatrecompany/,CONCORD,https://www.concordtheatricals.com/p/63003/building-the-wall,performance run,Amateur,2026-08-18
Dracula (Dietz),The Arts Center of Cannon County,Arts Center of Cannon County,2026-10-02,2026-10-17,artscenter@artscenterofcc.com,Production,"1424 John Bragg Highway, Woodbury, TN",Woodbury,TN,,US,http://www.artscenterofcc.com,1-615-563-2787,https://facebook.com/artscenterofcc,https://instagram.com/artscenterofcc/,CONCORD,https://www.concordtheatricals.com/p/99874/dracula-dietz,extended run,Amateur,2026-08-18
Disney's The Lion King Jr,The Point Theater,Marian University Theater,2026-10-02,2026-10-04,mutheatrevenue@marian.edu,Production,"3200 Cold Spring Rd, Indianapolis, IN 46222",Indianapolis,IN,46222,US,http://www.marian.edu/about-marian/marian-university-theatre,(317) 955-6000,https://www.facebook.com/marianuniversity,http://instagram.com/marianuniversity,MTI,https://www.mtishows.com/shows,performance run,Non-Professional,2026-08-18
Irving Berlin's Annie Get Your Gun,The Steam Plant Theater,The Steam Plant Theater,2026-10-02,2026-10-11,steamplant@cityofsalida.com,Production,"220 West Sackett Ave., Salida, CO",Salida,CO,,US,http://salidasteamplant.com,(719) 530-0933,,,CONCORD,https://www.concordtheatricals.com/p/44769/irving-berlin-s-annie-get-your-gun,performance run,Amateur,2026-08-18
13 Jr.,Thomas Metcalf School - Illinois State University,Hayden Auditorium Thomas Metcalf,2026-10-02,2026-10-04,metcalfattendance@ilstu.edu,Production,"7000 Illinois State University, Normal, IL",Normal,IL,,US,http://www.metcalf.illinoisstate.edu/,(309) 838-7965,https://www.facebook.com/MetcalfSchool/,https://www.instagram.com/metcalf_school/,MTI,https://www.mtishows.com/shows,performance run,Non-Professional,2026-08-18
Songs For A New World,Univ Of Kansas,Univ Of Kansas,2026-10-02,2026-10-11,theatretickets@ku.edu,Production,"1530 Naismith Dr., 317 Murphy Hall, Lawrence, KS 66045",Lawrence,KS,66045,US,https://kutheatre.ku.edu/,(785) 864-3982,https://www.facebook.com/kutheatre,https://www.instagram.com/kutheatre,MTI,https://www.mtishows.com/shows,performance run,School,2026-08-18
Disney's Finding Nemo Kids,Wakefield High School,Wakefield High School Auditorium,2026-10-02,2026-10-03,cdelaney@wcpss.net,Production,"Wakefield High School, 2200 Wakefield Pines Drive, Raleigh, NC 27614",Raleigh,NC,27614,US,http://www.wakefieldhstheatre.com,,,,MTI,https://www.mtishows.com/shows,performance run,School,2026-08-19
A Year With Frog And Toad- Tya,Wando Voice Studio Llc,Encore Music Hall Black Box,2026-10-02,2026-10-03,info@fameperformingarts.org,Production,"757 Long Point Rd, Suite D, Mount Pleasant, SC 29464",Mount Pleasant,SC,29464,US,http://www.fameperformingarts.org,+18436197464,https://www.facebook.com/FamePerforms,https://www.instagram.com/fameperforms/,MTI,https://www.mtishows.com/shows,performance run,Non-Professional,2026-08-18
Dear Evan Hansen,White Plains Performing Arts Center,White Plains Performing Arts Center,2026-10-02,2026-10-25,wppac@wppac.com,Production,"11 City Place, White Plains, NY 10601",White Plains,NY,10601,US,http://www.wppac.com,(914) 328-1600,https://www.facebook.com/wppac,https://instagram.com/wppac/,MTI,https://www.mtishows.com/shows,extended run,Professional,2026-08-18
Sweeney Todd,Bedford County Players,Bedford County Playhouse,2026-10-03,2026-10-12,info@bedfordcountyplayers.org,Production,"1043 Centerville Rd, Bedford, PA 15522",Bedford,PA,15522,US,http://www.bedfordcountyplayers.org,814-625-7555,http://www.facebook.com/bedfordcountyplayers/,https://www.instagram.com/thebedfordcountyplayers/,MTI,https://www.mtishows.com/shows,performance run,Non-Professional,2026-08-18
A Gentleman's Guide To Love And Murder,City Of Torrance Parks And Recreation Department,Torrance Theatre Company At 1316,2026-10-03,2026-10-24,friendsofttc@gmail.com,Production,"1316 Cabrillo Ave/, #226, Torrance, CA 90501",Torrance,CA,90501,US,http://www.torrancetheatrecompany.com,(424)243-6882,https://www.facebook.com/TorranceTheatreCompany/,http://instagram.com/torrancetheatrecompany,MTI,https://www.mtishows.com/shows,extended run,Non-Professional,2026-08-18
Disney's Finding Nemo:a 60-minute Family Musical,Delaware Childrens Theatre,Delaware Childrens Theatre,2026-10-03,2026-10-18,info@dechildrenstheatre.org,Production,"1014 Delaware Avenue, Wilmington, DE 19806",Wilmington,DE,19806,US,http://www.dechildrenstheatre.org/,(302) 655-1014,https://www.facebook.com/DelawareChildrensTheatre,https://instagram.com/dechildrenstheatre,MTI,https://www.mtishows.com/shows,extended run,Non-Professional,2026-08-18
Night of the Living Dead Live,Ja'Duke Theater,Ja'Duke Theater,2026-10-03,2026-10-11,jaduketheater@gmail.com,Production,"110 Industrial Blvd., Turners Falls, MA",Turners Falls,MA,,US,http://www.jaduketheater.com,4134754805,https://www.facebook.com/jaduketheater/,https://www.instagram.com/jaduketheater,CONCORD,https://www.concordtheatricals.com/p/62036/night-of-the-living-dead-live,performance run,Amateur,2026-08-18
Peter And The Starcatcher,On The Stage Children's Theatre,The Eagle At Sugar Hill,2026-10-03,2026-10-04,info@pgatsh.com,Production,"5029 W Broad St. Ne, Sugar Hill, GA 30518",Sugar Hill,GA,30518,US,http://www.eagleatsugarhill.com,(770) 945-6929,,,MTI,https://www.mtishows.com/shows,performance run,Non-Professional,2026-08-18
10 Ways to Survive the Zombie Apocalypse,NTA Center For Creativity,NTA Center For Creativity,2026-10-04,2026-10-25,info@nitschtheatrearts.org,Production,"2442 Centennial Drive, Washington, IL",Washington,IL,,US,http://nitschtheatrearts.org,(309) 402-9457,https://www.facebook.com/groups/1616591632216660,,CONCORD,https://www.concordtheatricals.com/p/99269/10-ways-to-survive-the-zombie-apocalypse,extended run,Amateur,2026-08-18
Curious George Tya,Mill Mountain Theatre Conservatory,Tour,2026-10-05,2026-11-01,matt@millmountain.org,Production,"1 Market Sq Se, Second Floor, Roanoke, VA 24011",Roanoke,VA,24011,US,http://www.millmountain.org,+15403425740,https://www.facebook.com/Mill-Mountain-Theatre-141293293887/,https://www.instagram.com/millmountaintheatre/,MTI,https://www.mtishows.com/shows,extended run,Non-Professional,2026-08-18
A Year With Frog And Toad,Snow College,Snow College Theatre,2026-10-06,2026-10-10,snowcollege@snow.edu,Production,"150 College Ave, Ephraim, UT 84627",Ephraim,UT,84627,US,https://www.snow.edu/academics/fineart/music/calendar.html,(435) 283-7000,,,MTI,https://www.mtishows.com/shows,performance run,School,2026-08-18
The Legend of Sleepy Hollow (Heimbuch/Ferguson),"Cultural Arts Center, Dothan","Cultural Arts Center, Dothan",2026-10-07,2026-10-10,seact@seact.com,Production,"909 South St. Andrews Street, Dothan, AL",Dothan,AL,,US,http://www.seact.com,334-794-0400,https://www.facebook.com/seactdothan,https://www.instagram.com/seactdothan,CONCORD,https://www.concordtheatricals.com/p/61798/the-legend-of-sleepy-hollow-heimbuch-ferguson,performance run,Amateur,2026-08-18
Just Ask!,The Curators Of The University Of Missouri,Missouri Theatre,2026-10-07,2026-10-11,umct@missouri.edu,Production,"129 Fine Arts Building, Columbia, MO 65211",Columbia,MO,65211,US,http://theatre.missouri.edu,(573) 882-7529,,,MTI,https://www.mtishows.com/shows,performance run,School,2026-08-18
Company,Univ Of Wisconsin Milwaukee Peck School Of Arts,Mainstage Theatre,2026-10-07,2026-10-11,arts@uwm.edu,Production,"2400 E Kenwood Blvd, Milwaukee, WI 53211",Milwaukee,WI,53211,US,http://arts.uwm.edu/calendar,(414) 229-4763,https://www.facebook.com/uwmpsoa,https://www.instagram.com/uwmpsoa/,MTI,https://www.mtishows.com/shows,performance run,School,2026-08-18
Disney's Dare To Dream Jr,West Forsyth High School,School at West Forsyth High School,2026-10-07,2026-10-08,info@studiowestwfhs.com,Production,"4155 Drew Rd, Cumming, GA 30040-9441",Cumming,GA,30040-9441,US,http://www.studiowestwfhs.com,,,,MTI,https://www.mtishows.com/shows,performance run,School,2026-08-18
Roald Dahl's Willy Wonka,Bethesda Christian School,Bethesda Comm.church Youth Hall,2026-10-08,2026-10-11,bcs@bcsfw.org,Production,"4700 North Beach Street, Fort Worth, TX 76137",Fort Worth,TX,76137,US,http://bethesdachristianschool.org,(817) 281-6446,https://www.facebook.com/bethesdachristian/,https://www.instagram.com/bethesdafw/,MTI,https://www.mtishows.com/shows,performance run,School,2026-08-18
Beetlejuice Jr.,Breitling Youth Theater,Plaza Theatre,2026-10-08,2026-10-09,actingforchildren@hotmail.com,Production,"521 W. State St., Garland, TX 75040",Garland,TX,75040,US,http://www.breitlingperformingarts.com,,,,MTI,https://www.mtishows.com/shows,performance run,Non-Professional,2026-08-18
Dance Nation,Deborah K. Anderson Studio Theatre,Deborah K. Anderson Studio Theatre,2026-10-08,2026-10-10,kristi.shamburger@mtsu.edu,Production,"615 Champion Way, Murfreesboro, TN",Murfreesboro,TN,,US,http://mtsu.edu/theatreanddance,(615) 898-2640,https://www.facebook.com/mtsutheatre,https://www.instagram.com/mtsutheatre/,CONCORD,https://www.concordtheatricals.com/p/64509/dance-nation,performance run,Amateur,2026-08-19
Little Shop Of Horrors,Dominican High School,Dominican High School,2026-10-08,2026-10-11,info@dominicanhighschool.com,Production,"120 East Silver Spring Drive, Whitefish Bay, WI 53217",Whitefish Bay,WI,53217,US,http://www.dominicanhighschool.com,(414) 332-1170,https://www.facebook.com/DominicanKnights,https://www.instagram.com/dominicanhighschool/,MTI,https://www.mtishows.com/shows,performance run,School,2026-08-18
Spring Awakening,Elevator Theatre Company,Bus Stop Theatre,2026-10-08,2026-10-25,masuma@busstoptheatre.coop,Production,"2203 Gottingen Street, Halifax, NS B3K 3B5, CA",Halifax,NS,B3K 3B5,CA,http://busstoptheatre.coop,(888) 639-1169,https://www.facebook.com/thebusstoptheatre/,https://www.instagram.com/busstoptheatre,MTI,https://www.mtishows.com/shows,extended run,Non-Professional,2026-08-18
How To Train Your Dragon The Musical Jr.,First Stage Theatre Company,Huntington High School Auditorium,2026-10-08,2026-10-11,firststagewv@gmail.com,Production,"1 Highlander Way, Huntington, WV 25701",Huntington,WV,25701,US,http://www.firststagetheatre.org,(304) 416-5437,https://www.facebook.com/profile.php,https://www.instagram.com/firststage4/,MTI,https://www.mtishows.com/shows,performance run,Non-Professional,2026-08-18
Disney's Frozen Kids,Grand Theatre,Grand Theatre,2026-10-08,2026-10-10,info@thegrandtheatre.org,Production,"7 N Wall St, Cartersville, GA 30120-3331",Cartersville,GA,30120-3331,US,http://www.thegrandtheatre.org,(770) 386-7343,https://www.facebook.com/thegrandtheatre,http://www.instagram.com/instagrandtheatre,MTI,https://www.mtishows.com/shows,performance run,Non-Professional,2026-08-18
Disney's Alice In Wonderland Jr.,Greenhill School,Marshall Family Performing Arts Cen,2026-10-08,2026-10-08,abbondanziom@greenhill.org,Production,"4141 Spring Valley Road, Addison, TX 75001",Addison,TX,75001,US,http://www.greenhill.org,(972) 628-5400,https://www.facebook.com/GreenhillSchool,https://www.instagram.com/greenhillschool/,MTI,https://www.mtishows.com/shows,performance run,School,2026-08-18
Disney's Frozen Kids,Johnson Ferry Christian Academy,School at Johnson Ferry Christian Academy,2026-10-08,2026-10-10,admissions@jfca.org,Production,"955 Johnson Ferry Rd, Marietta, GA 30068",Marietta,GA,30068,US,http://jfca.org,(678) 784-5231,https://www.facebook.com/johnsonferrychristianacademy/timeline,https://www.instagram.com/johnsonferrychristianacademy,MTI,https://www.mtishows.com/shows,performance run,School,2026-08-18
Clue: The Musical,Little Theatre Of New Smyrna Beach,Little Theatre of New Smyrna Beach,2026-10-08,2026-10-25,info@nsbplayers.org,Production,"726 E. 3rd Ave., New Smyrna Beach, FL",New Smyrna Beach,FL,,US,http://nsbplayers.org,(386) 423-1246,https://www.facebook.com/LittleTheatreNSB/,https://www.instagram.com/littletheatrensb/,CONCORD,https://www.concordtheatricals.com/p/2191/clue-the-musical,extended run,Amateur,2026-08-18
Feeding Beatrice,Natchez Little Theatre,Natchez Little Theatre,2026-10-08,2026-10-11,natchezlittletheatre@gmail.com,Production,"319 Linton Ave, Natchez, MS",Natchez,MS,,US,http://www.thenatchezlittletheatre.com,16014422233,https://www.facebook.com/natchezlittletheatre32,https://instagram.com/natchezlittletheatre32,CONCORD,https://www.concordtheatricals.com/p/93590/feeding-beatrice,performance run,Amateur,2026-08-18
Spider's Web,Old Courthouse Theatre,Old Courthouse Theatre,2026-10-08,2026-10-18,info@octconcord.com,Organizations,"49 Spring Street Nw, Charlotte, NC",Charlotte,NC,,US,,,,,CONCORD,https://www.concordtheatricals.com/p/1028/spider-s-web,performance run,Amateur,2026-08-18
Into The Woods,Parrish Community High School,Parrish Community High School,2026-10-08,2026-10-11,bradshad@manateeschools.net,Production,"7505 Fort Hamer Rd, Parrish, FL 34219-7600",Parrish,FL,34219-7600,US,https://www.manateeschools.net/parrish,(941) 803-9330,https://www.facebook.com/Parrish-Community-High-School-2128345157456507,https://www.instagram.com/pchsbulls,MTI,https://www.mtishows.com/shows,performance run,School,2026-08-18
Disney's Frozen Jr,Prince Avenue Christian School,Pabc Children's Auditorium,2026-10-08,2026-10-09,zrogers@princeave.org,Production,"3691 Monroe Highway, Bogart, GA 30622",Bogart,GA,30622,US,http://pabc.org,(678) 726-2300,https://www.facebook.com/PrinceAvenueChristianSchool,https://www.instagram.com/pacswolverines/,MTI,https://www.mtishows.com/shows,performance run,School,2026-08-18
Puffs (Two Act for Young Wizards),Renaissance Secondary Theatre,Renaissance Secondary Theatre,2026-10-08,2026-10-10,info@rensec.org,Production,"3954 Trail Boss Lane, Castle Rock, CO",Castle Rock,CO,,US,http://rensec.org,(720) 689-6120,https://www.facebook.com/RenaissanceSecondarySchool,https://www.instagram.com/renaissance_secondary/,CONCORD,https://www.concordtheatricals.com/p/65318/puffs-two-act-for-young-wizards,performance run,Amateur,2026-08-18
Disney's The Little Mermaid,Ripon Christian Schools,Ripon Christian School,2026-10-08,2026-10-10,info@rcschools.com,Production,"435 North Maple Ave, Ripon, CA 95366",Ripon,CA,95366,US,http://rcschools.com,(209) 599-2155,https://www.facebook.com/RiponChristianSchools,https://www.instagram.com/explore/locations/686029361/ripon-christian-schools-pk-12,MTI,https://www.mtishows.com/shows,performance run,School,2026-08-18
The Addams Family Musical,Ruston Community Theatre,Ruston Community Theatre,2026-10-08,2026-10-11,rcttheatre@gmail.com,Production,"Ruston, LA",Ruston,LA,,US,http://www.rctruston.org,(318) 595-0872,https://www.facebook.com/RustonCommunityTheatre/,https://www.instagram.com/RCTRuston,TRW,https://www.theatricalrights.com/show/addams-family-musical/,performance run,,2026-08-18
Disney's Alice In Wonderland Jr.,Sellebration Farm Dba Red Barn Productions,Sellebration Farm Dba Red Barn Prod,2026-10-08,2026-10-17,kathisell@redbarnpro.org,Production,"27872 Moose Range Rd, Sycamore, IL 60178-8840",Sycamore,IL,60178-8840,US,http://redbarnpro.org,,,,MTI,https://www.mtishows.com/shows,performance run,Non-Professional,2026-08-18
Disney's The Lion King Jr,Sioux City Community Theatre,Sioux City Community Theatre,2026-10-08,2026-10-11,boxoffice@scctheatre.org,Production,"1401 Riverside Boulevard, Sioux City, IA 51109",Sioux City,IA,51109,US,http://www.scctheatre.org,(712) 233-2788,https://www.facebook.com/scctheatre,https://www.instagram.com/scctheatre1401,MTI,https://www.mtishows.com/shows,performance run,Non-Professional,2026-08-18
The Hunchback Of Notre Dame,The Academy At Westmoreland Cultural Trust,The Palace Theatre,2026-10-08,2026-10-11,marketing@wc-trust.org,Production,"21 W. Otterman Street, Greensburg, PA 15601",Greensburg,PA,15601,US,https://westmorelandculturaltrust.org/concerts-events-listing/,(724) 836-1123,https://www.facebook.com/WestmorelandCulturalTrust,https://www.instagram.com/westmorelandculturaltrust/,MTI,https://www.mtishows.com/shows,performance run,Non-Professional,2026-08-18
The Guys,Town and Gown Theatre,Town and Gown Theatre,2026-10-08,2026-10-11,townandgownstillwater@gmail.com,Production,"3524 South Perkins Road, Stillwater, OK",Stillwater,OK,,US,http://www.townandgown.org,4053729122,www.facebook.com/townandgowntheatre/,https://www.instagram.com/townandgownstillwater,CONCORD,https://www.concordtheatricals.com/p/99710/the-guys,performance run,Amateur,2026-08-27
Shrek The Musical,Verona Area High School,Vahs Pac Verona Schls,2026-10-08,2026-10-10,coxb@verona.k12.wi.us,Production,"234 Wildcat Way, Verona, WI 53593",Verona,WI,53593,US,http://www.verona.k12.wi.us/vahs/,(608) 653-1000,https://www.facebook.com/VeronaAreaHighSchool,,MTI,https://www.mtishows.com/shows,performance run,School,2026-08-18
Berlin To Broadway With Kurt Weill,Virginia Samford Theatre,Virginia Samford Theatre- Studio,2026-10-08,2026-10-18,boxoffice@vstbhm.org,Production,"1116 26th St. South, Birmingham, AL 35205",Birmingham,AL,35205,US,http://www.virginiasamfordtheatre.org,,https://www.facebook.com/VirginiaSamfordTheatre,https://www.instagram.com/thevst,MTI,https://www.mtishows.com/shows,performance run,Non-Professional,2026-08-18
Little Shop Of Horrors,Western Canada Theatre Co,Sagebrush Theatre,2026-10-08,2026-10-25,kfox@wctlive.ca,Production,"1300 9th Avenue, Kamloops, BC V2C 3X5, CA",Kamloops,BC,V2C 3X5,CA,http://www.wctlive.ca,(250) 374-5483,https://www.facebook.com/wctlive/,https://www.instagram.com/wctlive/,MTI,https://www.mtishows.com/shows,extended run,Professional,2026-08-18
Into The Woods,Wilmington Drama League,Wilmington Drama League,2026-10-08,2026-10-11,info@wdleague.org,Production,"10 Lea Blvd, Wilmington, DE 19802",Wilmington,DE,19802,US,http://www.wilmingtondramaleague.org,302.764.1172,https://www.facebook.com/WilmingtonDramaLeague,https://www.instagram.com/wilmdramaleague,MTI,https://www.mtishows.com/shows,performance run,Non-Professional,2026-08-18
The Addams Family Musical: Young@PartÂ®,Arms Wide Open,Arms Wide Open,2026-10-09,2026-10-18,bill@cygnettheatre.org,Production,"San Diego, CA",San Diego,CA,,US,,(619) 337-1525,https://www.facebook.com/CygnetTheatre,https://www.instagram.com/cygnettheatre/,TRW,https://www.theatricalrights.com/show/addams-family-youngpart/,performance run,,2026-08-18
A Gentleman's Guide To Love And Murder,Aurora Players Inc,Roycroft Pavilion,2026-10-09,2026-10-25,info@auroraplayers.org,Production,"166 South Grove Street, East Aurora, NY 14052",East Aurora,NY,14052,US,http://www.auroraplayers.org,(716) 687-6727,https://www.facebook.com/auroraplayers/,https://www.instagram.com/auroraplayers/,MTI,https://www.mtishows.com/shows,extended run,Non-Professional,2026-08-18
Roald Dahl's Willy Wonka Jr.,Capitol Theatre Of Greeneville,Capitol Theatre Of Greeneville,2026-10-09,2026-10-18,info@capitolgreeneville.org,Production,"104 S Main St, Greeneville, TN 37743",Greeneville,TN,37743,US,http://capitolgreeneville.org,,https://www.facebook.com/CapitolTheatreofGreeneville,https://www.instagram.com/capitoltheatreofgreeneville,MTI,https://www.mtishows.com/shows,performance run,Non-Professional,2026-08-18
Disney's Moana Jr.,Central Florida Community Arts,Cfcarts - Trinity Prep School,2026-10-09,2026-10-10,navek@trinityprep.org,Production,"5700 Trinity Prep Lane, Winter Park, FL 32792",Winter Park,FL,32792,US,http://www.trinityprep.org,(321) 282-2577,https://www.facebook.com/TrinityPrepFL,https://instagram.com/trinityprepfl,MTI,https://www.mtishows.com/shows,performance run,Non-Professional,2026-08-18
Madagascar-a Musical Adventure Kids,Chaska Middle School East,Chaska High School,2026-10-09,2026-10-11,cmwmainoffice@district112.org,Production,"545 Pioneer Trail, Chaska, MN 55318",Chaska,MN,55318,US,http://chs.district112.org,(952) 556-7100,http://facebook.com,https://www.instagram.com/chaskahawkssoar/,MTI,https://www.mtishows.com/shows,performance run,Non-Professional,2026-08-18
Disney's Dare To Dream Jr,Christian School Of Performing Arts,Christian School Of Performing Arts,2026-10-09,2026-10-10,adminteam@cspastaff.com,Production,"25 E Oneida St, Baldwinsville, NY 13027-2405",Baldwinsville,NY,13027-2405,US,http://www.cspacny.org,,https://www.facebook.com/p/CSPA-CNY-Christian-School-of-Performing-Arts-100064419892911/,,MTI,https://www.mtishows.com/shows,performance run,Non-Professional,2026-08-18
Dear Edwina Jr,Christian Youth Theatre,Charles Bender Performing Arts Cent,2026-10-09,2026-10-18,christinat@cythouston.org,Production,"611 Higgins St, Humble, TX 77338",Humble,TX,77338,US,http://www.cythouston.org,,https://www.facebook.com/CYTHouston/,https://www.instagram.com/cythoustontx/,MTI,https://www.mtishows.com/shows,performance run,Non-Professional,2026-08-18
Young Frankenstein,City Of Havre De Grace,Cultural Center At The Opera House,2026-10-09,2026-10-18,billm@havredegracemd.com,Production,"121 N. Union Ave., Havre De Grace, MD 21078",Havre De Grace,MD,21078,US,http://www.havredegracemd.gov,(410) 939-1800,https://www.facebook.com/havredegracemd,,MTI,https://www.mtishows.com/shows,performance run,Non-Professional,2026-08-18
Roald Dahl's Matilda The Musical,Civic Theatre Of Allentown,Civic Theatre Of Allentown,2026-10-09,2026-10-25,boxoffice@civictheatre.com,Production,"527 North 19th Street, Allentown, PA 18104",Allentown,PA,18104,US,http://www.civictheatre.com/,(610) 432-8943,https://www.facebook.com/CivicTheatreofAllentown,http://www.instagram.com/civictheatre,MTI,https://www.mtishows.com/shows,extended run,Non-Professional,2026-08-18
Disney's Aristocats Kids,Civic Theatre Of Greater Lafayette,Civic Theatre Of Greater Lafayette,2026-10-09,2026-10-11,info@lafayettecivic.org,Organizations,"313 N 5th Street, Layfayette, IN",Layfayette,IN,,US,http://www.lafayettecivic.com,,,,MTI,https://www.mtishows.com/shows,performance run,Non-Professional,2026-08-18
Come From Away,Commerce Street Theater,Commerce Street Theater,2026-10-09,2026-10-25,commercestreettheater@gmail.com,Production,"1022 Commerce St, Lynchburg, VA 24504-1720",Lynchburg,VA,24504-1720,US,http://commercestreettheater.org,(434) 528-3336,https://www.facebook.com/CSTLynchburg,https://www.instagram.com/commercesttheater/,MTI,https://www.mtishows.com/shows,extended run,Non-Professional,2026-08-18
Ken Ludwig's Baskerville: A Sherlock Holmes Mystery,"Community Players, Inc.","Community Players, Inc.",2026-10-09,2026-10-18,info@beatricecommunityplayers.com,Organizations,"Main Street Theatre, Sulphur Springs, TX",Sulphur Springs,TX,,US,,,,,CONCORD,https://www.concordtheatricals.com/p/57235/ken-ludwig-s-baskerville-a-sherlock-holmes-mystery,performance run,Amateur,2026-08-18
The Hunchback Of Notre Dame,Cowley County Community College,Robert Brown Theatre,2026-10-09,2026-10-11,admissions@cowley.edu,Production,"125 S 2nd St, Arkansas City, KS 67005-2662",Arkansas City,KS,67005-2662,US,http://www.cowley.edu,+1-800-593-2222,https://www.facebook.com/CowleyCollege,https://www.instagram.com/cowleycollege/,MTI,https://www.mtishows.com/shows,performance run,School,2026-08-18
Psycho Beach Party,Cranford Dramatic Club,Cranford Dramatic club,2026-10-09,2026-10-18,info@cdctheatre.org,Production,"78 Winans Ave, Cranford, NJ",Cranford,NJ,,US,http://www.cdctheatre.org/,(908) 276-7611,http://www.facebook.com/cdctheatre,https://www.instagram.com/cranford_dramatic_club,CONCORD,https://www.concordtheatricals.com/p/1640/psycho-beach-party,performance run,Amateur,2026-08-18
Mean Girls,Curtain Call Theatre For Children,Havens Auditorium,2026-10-09,2026-10-10,info@kcctc.org,Production,"2300 S Washington Street, Kokomo, IN 46902",Kokomo,IN,46902,US,http://www.kcctc.org,,https://www.google.com/url,https://www.google.com/url,MTI,https://www.mtishows.com/shows,performance run,Non-Professional,2026-08-18
Sweeney Todd,Cypress College,Cypress College -campus Theatre,2026-10-09,2026-10-18,lyoung@cypresscollege.edu,Production,"9200 Valley View St, Cypress, CA 90630",Cypress,CA,90630,US,http://www.cypresscollegetheatre.com,(714) 484-7000,https://www.facebook.com/cypresscollegetheatre,https://www.instagram.com/cypresscollegetheatre,MTI,https://www.mtishows.com/shows,performance run,School,2026-08-19
Disney's Descendants,Duluth Playhouse Inc,Norshor,2026-10-09,2026-10-12,boxoffice@duluthplayhouse.org,Production,"211 E Superior St, Duluth, MN 55802-2117",Duluth,MN,55802-2117,US,http://www.duluthplayhouse.org,(218) 733-7555,https://www.facebook.com/duluthplayhouse/,https://www.instagram.com/duluthplayhouse/,MTI,https://www.mtishows.com/shows,performance run,Non-Professional,2026-08-18
Dirty Rotten Scoundrels,Fine Arts Network,Old Town Temecula Community Theater,2026-10-09,2026-10-25,info@n-pac.com,Organizations,"42051 Main St, Temecula, CA 92590",Temecula,CA,92590,US,http://tickets.temeculatheater.org,,,,MTI,https://www.mtishows.com/shows,extended run,Non-Professional,2026-08-18
Young Frankenstein,Footlight Players,Footlight Players,2026-10-09,2026-10-24,sales@footlightplayers.com,Production,"Po Box 3, Coshocton, OH 43812",Coshocton,OH,43812,US,http://www.footlightplayers.com,(740) 622-2959,https://www.facebook.com/footlightplayers,http://instagram.com/wix,MTI,https://www.mtishows.com/shows,extended run,Non-Professional,2026-08-18
Disney's Alice In Wonderland Jr.,Hillsboro Artists Regional Theatre- Hart Theatre,Hillsboro Artists Regional Theatre,2026-10-09,2026-10-25,info@hart-theatre.org,Production,"185 Se Washington St, Hillsboro, OR 97123-4029",Hillsboro,OR,97123-4029,US,http://www.hart-theatre.org,(503) 693-7815,https://www.facebook.com/HARTtheatre/,https://www.instagram.com/hart_theatre/,MTI,https://www.mtishows.com/shows,extended run,Non-Professional,2026-08-18
Bonnie And Clyde,Little Theatre Of Tuscarawas County,Little Theatre Of Tuscarawas County,2026-10-09,2026-10-25,littletheatre@thelittletheatreonline.org,Production,"466 Carrie Avenue Nw, P.o. Box 53, New Philadelphia, OH 44663",New Philadelphia,OH,44663,US,http://www.thelittletheatreonline.org,3303086400,http://www.facebook.com/LittleTheatreTC,http://www.instagram.com/littletheatretc,MTI,https://www.mtishows.com/shows,extended run,Non-Professional,2026-08-18
Beetlejuice Jr.,Magic Curtain Playhouse,Magic Curtain,2026-10-09,2026-10-18,director@magiccurtainproductions.com,Production,"2860 S. Alafaya Tr., Orlando, GA 32828",Orlando,GA,32828,US,http://www.magiccurtainproductions.com,(407) 282-8368,https://www.facebook.com/MCPTheater/,https://www.instagram.com/magiccurtainproductions/,MTI,https://www.mtishows.com/shows,performance run,Non-Professional,2026-08-18
Some Enchanted Evening - The Songs of Rodgers & Hammerstein,Parish Theatre,Parish Theatre,2026-10-09,2026-10-18,boxoffice@kazoocivic.com,Production,"329 S Park St, Kalamazoo, MI",Kalamazoo,MI,,US,http://www.kazoocivic.com,(269) 343-1313,https://www.facebook.com/KalamazooCivicTheatre,https://instagram.com/kazoocivic/,CONCORD,https://www.concordtheatricals.com/p/44873/some-enchanted-evening-the-songs-of-rodgers-hammerstein,performance run,Amateur,2026-08-18
Young Frankenstein,Playcrafters Inc,"Playcrafters, Inc.",2026-10-09,2026-10-25,playcrafter@gmail.com,Production,"P.o. Box 1508, 2011 Store Rd, Skippack, PA 19474",Skippack,PA,19474,US,http://www.playcrafters.org,(610) 584-4005,https://www.facebook.com/playcrafterskippack,,MTI,https://www.mtishows.com/shows,extended run,Non-Professional,2026-08-18
Bat Boy: The Musical,Santa Maria Civic Theatre,Santa Maria Civic Theatre,2026-10-09,2026-10-25,smctboxoffice@gmail.com,Production,"P.O. Box 161, Santa Maria, CA",Santa Maria,CA,,US,http://www.smct.org,8058688520,https://www.facebook.com/thesmct,https://www.instagram.com/thesmct,CONCORD,https://www.concordtheatricals.com/p/13042/bat-boy-the-musical,extended run,Amateur,2026-08-18
Mean Girls,Schoolhouse Arts Center,Schoolhouse Arts Center,2026-10-09,2026-10-18,info@schoolhousearts.org,Production,"P.o. Box 140, Standish, ME",Standish,ME,,US,http://www.schoolhousearts.org,(207) 642-3743,https://www.facebook.com/theschoolhouseartscenter,https://www.instagram.com/schoolhousearts,MTI,https://www.mtishows.com/shows,performance run,Non-Professional,2026-08-18
Other Desert Cities,SCT Pam Kitto Black Box Theatre,SCT Pam Kitto Black Box Theatre,2026-10-09,2026-10-24,boxoffice@sctlivetheatre.com,Production,"2312 Rose Marie Lane, Stockton, CA",Stockton,CA,,US,http://www.sctlivetheatre.org,+12094732424,https://www.facebook.com/sctlivetheatre,https://www.instagram.com/sctlivetheatre,CONCORD,https://www.concordtheatricals.com/p/13963/other-desert-cities,extended run,Amateur,2026-08-18
Young Frankenstein,Shandaken Theatrical Society,Phoenicia Playhouse,2026-10-09,2026-10-25,info@phoeniciaplayhouse.com,Production,"10 Church St, Po Box 473, Phoenicia, NY 12464",Phoenicia,NY,12464,US,http://www.phoeniciaplayhouse.com,,https://www.facebook.com/PhoeniciaPlayhouse,https://www.instagram.com/phoeniciaplayhouse/,MTI,https://www.mtishows.com/shows,extended run,Non-Professional,2026-08-18
Roald Dahl's Matilda The Musical,Silhouette Stages,Slayton House,2026-10-09,2026-10-25,info@silhouettestages.com,Production,"10400 Cross Fox Lane, Columbia, MD 21044",Columbia,MD,21044,US,http://www.silhouettestages.com,410-216-4499,https://www.facebook.com/silhouettestages,http://www.instagram.com/silhouettestages,MTI,https://www.mtishows.com/shows,extended run,Non-Professional,2026-08-18
The Addams Family Musical,Spokane Childrens Theatre,Spokane Childrens Theatre,2026-10-09,2026-10-26,boxoffice@spokanechildrenstheatre.org,Production,"Spokane, WA",Spokane,WA,,US,http://spokanechildrenstheatre.org,(509) 328-4886,http://www.facebook.com/spokanechildrenstheatre,https://www.instagram.com/spochildrenstheatre/,TRW,https://www.theatricalrights.com/show/addams-family-musical/,extended run,,2026-08-18
Noises Off,Spring Lake Community House Theatre,Spring Lake Community House Theatre,2026-10-09,2026-10-24,info@springlaketheatre.com,Production,"300 Madison Avenue, Spring Lake, NJ",Spring Lake,NJ,,US,http://www.springlaketheatre.com,(732) 449-4530,https://www.facebook.com/springlaketheatre,https://www.instagram.com/springlaketheatre,CONCORD,https://www.concordtheatricals.com/p/2894/noises-off,extended run,Amateur,2026-08-18
The Crucible,The Center for Preforming Arts in Rhinebeck,The Center for Preforming Arts in Rhinebeck,2026-10-09,2026-10-25,boxoffice@centerforperformingarts.org,Production,"661 Route 308, Rhinebeck, NY",Rhinebeck,NY,,US,http://www.centerforperformingarts.org,18458763080,http://www.facebook.com/CENTER12572,http://www.instagram.com/rbkcenter,CONCORD,https://www.concordtheatricals.com/p/7459/the-crucible,extended run,Amateur,2026-08-18
The Curious Savage,The Keeton,The Keeton,2026-10-09,2026-10-25,boxoffice@thekeeton.org,Production,"108 Donelson Pike, Nashville, TN",Nashville,TN,,US,http://www.thekeeton.org,(615) 231-1231,https://www.facebook.com/TheKeeton,https://www.instagram.com/thelarrykeeton/,CONCORD,https://www.concordtheatricals.com/p/98181/the-curious-savage,extended run,Amateur,2026-08-18
Roald Dahl's Matilda The Musical Jr,The Stage,The Civic Auditorium,2026-10-09,2026-10-24,nowplaying@thestage.art,Production,"511 5th Street, Lincoln, CA 95648",Lincoln,CA,95648,US,http://thestage.art,(916) 258-2082,https://www.facebook.com/thestagedowntown,https://www.instagram.com/thestage_downtown/,MTI,https://www.mtishows.com/shows,extended run,Non-Professional,2026-08-18
Young Frankenstein,Theatre 55,Theatre 55,2026-10-09,2026-10-25,theatre55.wp@gmail.com,Production,"102 Maywood Place, Saint Paul, MN 55117",Saint Paul,MN,55117,US,http://theatre55.org,,https://www.facebook.com/theatre55,https://www.instagram.com/theatre_55/,MTI,https://www.mtishows.com/shows,extended run,Non-Professional,2026-08-18
Between The Lines Jr.,Theatre Of The Republic,Main Street Theatr,2026-10-09,2026-10-11,boxoffice@thetor.biz,Production,"331 Main Street, Conway, SC 29526",Conway,SC,29526,US,http://www.theatreoftherepublic.com,(843) 488-0821,https://www.facebook.com/TORConway/,https://www.instagram.com/theatreoftherepublicconway/,MTI,https://www.mtishows.com/shows,performance run,Non-Professional,2026-08-18
Jekyll And Hyde (b'way),Actors Repertory Theatre Of Simi,Simivalley Cultural Arts Center,2026-10-10,2026-11-08,svcacboxoffice@gmail.com,Production,"3050 Los Angles Avenue, Simi Valley, CA 93065",Simi Valley,CA,93065,US,http://www.simi-arts.org,(805) 583-7905,https://www.facebook.com/SVCAC3050,https://www.instagram.com/svculturalartsctr/,MTI,https://www.mtishows.com/shows,extended run,Non-Professional,2026-08-18
Puffs (Two Act for Young Wizards),Bucyrus Little Theatre,bucyrus little theatre,2026-10-10,2026-11-29,bucyruslittletheater@gmail.com,Production,"130 songer ave., bucyrus, OH",bucyrus,OH,,US,http://www.bucyruslittletheatre.com,419-562-0731,https://www.facebook.com/bucyruslittletheatre,https://www.instagram.com/bucyruslittletheatre/,CONCORD,https://www.concordtheatricals.com/p/65318/puffs-two-act-for-young-wizards,extended run,Amateur,2026-08-18
Hundred Days,Church Street Theater,Church Street Theater,2026-10-10,2026-11-15,boxoffice@keegantheatre.com,Production,"1742 Church Street NW, Washington, DC",Washington,DC,,US,http://www.keegantheatre.com,(202) 265-3767,https://www.facebook.com/KeeganTheatre/,https://www.instagram.com/keegan_theatre/,CONCORD,https://www.concordtheatricals.com/p/102234/hundred-days,extended run,Professional,2026-08-18
Disney's 101 Dalmatians Kids,Cincinnati Hills Christian Academy Middle School,Cincinnatti Hills Christian Academy,2026-10-10,2026-10-11,admissions@chca-oh.org,Production,"Attention: Mona Summers, 11525 Snider Road, Cincinnati, OH 45249",Cincinnati,OH,45249,US,http://www.chca-oh.org,5132470900,http://facebook.com/CincinnatiHillsChristianAcademy,http://instagram.com/gochca,MTI,https://www.mtishows.com/shows,performance run,Non-Professional,2026-08-18
Disney's Winnie The Pooh Kids,Endicott Performing Arts Center,Endicott Performing Arts Center,2026-10-10,2026-10-11,epacoffice102@gmail.com,Production,"102 Washington Avenue, Endicott, NY 13760",Endicott,NY,13760,US,http://www.endicottarts.com/,6077858903,https://www.facebook.com,https://instagram.com/endicottperformingartscenter/,MTI,https://www.mtishows.com/shows,performance run,Non-Professional,2026-08-18
Madagascar-a Musical Adventure Kids,Hawaii Childrens Theatre,Hawaii Childrens Theatre,2026-10-10,2026-10-10,info@hctkauai.org,Production,"Po Box 662295, Lihue, HI 96766",Lihue,HI,96766,US,http://www.hawaiichildrenstheatre.org,(808) 246-8985,,,MTI,https://www.mtishows.com/shows,performance run,Non-Professional,2026-08-18
Guys And Dolls,Lubbock Christian University,Mcdonald Moody Aud,2026-10-10,2026-10-11,admissions@lcu.edu,Production,"5601 West 19th St, Lubbock, TX 79407",Lubbock,TX,79407,US,http://www.lcu.edu,(806) 796-8800,https://www.facebook.com/LCUedu,https://www.instagram.com/lcuedu/,MTI,https://www.mtishows.com/shows,performance run,School,2026-08-18
Peter Pan Jr,St Charles Comm College Young People's Theatre,St Charles Comm.clge Young Peoples,2026-10-10,2026-10-11,hr@stchas.edu,Production,"4601 Mid Rivers Mall Drive, 5-mh 103a, Cottleville, MO 63376-2865",Cottleville,MO,63376-2865,US,http://www.stchas.edu,(636) 922-8000,https://www.facebook.com/stchas/,https://www.instagram.com/stchascc/,MTI,https://www.mtishows.com/shows,performance run,School,2026-08-18
Mary Poppins Jr,Statesboro High School,Statesboro High School Auditorium,2026-10-10,2026-10-11,kwright@bullochschools.org,Production,"10 Coach Lee Hill Blvd., Statesboro, GA 30458",Statesboro,GA,30458,US,http://shs.bulloch.k12.ga.us/,(912) 212-8860,https://www.facebook.com/statesborohighschool,https://www.instagram.com/statesborohigh/,MTI,https://www.mtishows.com/shows,performance run,School,2026-08-18
The Addams Family Musical,The Box Theatre Co.,Box Theatre Company,2026-10-10,2026-10-18,theboxtheatreco@gmail.com,Production,"Oconomowoc, WI",Oconomowoc,WI,,US,http://boxtheatreco.org,(262) 560-0564,https://www.facebook.com/The-New-Theatre-on-Main-190260987652832/,,TRW,https://www.theatricalrights.com/show/addams-family-musical/,performance run,,2026-08-18
Disney's Alice In Wonderland Jr.,Queensbury Theatre (amateur),Queensbury Theatre (amateur),2026-10-11,2026-11-08,boxoffice@queensburytheatre.org,Production,"12777 Queensbury Ln, Houston, TX 77024-4140",Houston,TX,77024-4140,US,,(713) 467-4497,https://www.facebook.com/QueensburyTheatre/,https://www.instagram.com/queensburytheatre/,MTI,https://www.mtishows.com/shows,extended run,Non-Professional,2026-08-18
Disney's Frozen Kids,Bay Street Theatre Education,Bay Street Theatre Education,2026-10-13,2026-10-13,boxoffice@baystreet.org,Production,"Po Box 810, Sag Harbor, NY 11963-0022",Sag Harbor,NY,11963-0022,US,http://www.baystreet.org,(631) 725-9500,,,MTI,https://www.mtishows.com/shows,performance run,Non-Professional,2026-08-21
Steel Magnolias,Pinnacle Playhouse,Pinnacle Playhouse,2026-10-13,2026-11-01,membership@bellevilletheatreguild.ca,Production,"256 Pinnacle Street, Belleville, ON, CA",Belleville,ON,,CA,http://bellevilletheatreguild.ca,,https://www.facebook.com/BellevilleTheatreGuild1951,https://www.instagram.com/bellevilletheatreguild/,CONCORD,https://www.concordtheatricals.com/p/10643/steel-magnolias,extended run,Amateur,2026-08-26
Death in England,Reno Little Theater,Reno Little Theater,2026-10-13,2026-10-16,info@renolittletheater.org,Production,"147 E. Pueblo St, Reno, NV",Reno,NV,,US,http://www.renolittletheater.org,(775) 813-8900,https://www.facebook.com/RenoLittleTheater,https://www.instagram.com/renolittletheater/,CONCORD,https://www.concordtheatricals.com/p/705/death-in-england,performance run,Amateur,2026-08-18
"Starting Here, Starting Now",Emerson College - Seal,Emerson Stage,2026-10-14,2026-10-25,samuel_barbagallo@emerson.edu,Production,"120 Bolyston, Boston, MA 02116",Boston,MA,2116,US,http://emerson.edu,,https://www.facebook.com/EmersonCollege/,https://www.instagram.com/emersoncollege/,MTI,https://www.mtishows.com/shows,performance run,Non-Professional,2026-08-18
Working-2012 Revised Version,Univ Of Missouri - Kansas City,Spencer Theater,2026-10-14,2026-10-17,tickets@kcrep.org,Production,"4949 Cherry St, Kansas City, MO 64110",Kansas City,MO,64110,US,http://www.kcrep.org,(816) 235-2700,https://www.facebook.com/KCREP,https://www.instagram.com/kcreptheatre/,MTI,https://www.mtishows.com/shows,performance run,School,2026-08-18
The Pajama Game,Univ Of New Hampshire,Johnson Theatre,2026-10-14,2026-10-18,theatre.dance@unh.edu,Production,"University Of New Hampshire, 30 Academic Way, Durham, NH 03824",Durham,NH,3824,US,http://cola.unh.edu/theatre-dance/current-season,(800) 735-2964,,,MTI,https://www.mtishows.com/shows,performance run,School,2026-08-18
Fiddler On The Roof,Abilene Christian University,Cullen Auditorium,2026-10-15,2026-10-18,humanresources@acu.edu,Production,"1201 E Ambler Blvd., Abilene, TX 79601",Abilene,TX,79601,US,http://www.acu.edu/theatre,(800) 460-6228,https://www.facebook.com/ACUTheatre/,https://www.instagram.com/acutheatre/,MTI,https://www.mtishows.com/shows,performance run,School,2026-08-18
Roald Dahl's Matilda The Musical,Academy Playhouse- Academy Of Performing Arts,Academy Of Performing Arts,2026-10-15,2026-11-01,info@academyplayhouse.org,Production,"120 Main Street, Orleans, MA 02653",Orleans,MA,2653,US,http://www.academyplayhouse.org,5082551963,http://www.facebook.com/apacape,https://www.instagram.com/academy.playhouse/,MTI,https://www.mtishows.com/shows,extended run,School,2026-08-18
Grease,Coronado Performing Arts Center,Coronado Performing Arts Center,2026-10-15,2026-10-18,cosacalendar@coronadousd.org,Production,"650 D Avenue, Coronado, CA",Coronado,CA,,US,http://cosasandiego.com,(619) 522-4050,https://www.facebook.com/CoronadoUSD/,https://instagram.com/cosasdofficial,CONCORD,https://www.concordtheatricals.com/p/2155/grease,performance run,Amateur,2026-08-18
Singin' In The Rain Sr.,Dancing Man Productions,Raleigh Little Theatre,2026-10-15,2026-10-18,info@raleighlittletheatre.org,Production,"310 Pogue St, Raleigh, NC 27607",Raleigh,NC,27607,US,http://raleighlittletheatre.org,(919) 821-4579,https://facebook.com/RLT1936,https://www.instagram.com/RLT1936,MTI,https://www.mtishows.com/shows,performance run,Non-Professional,2026-08-18
Spring Awakening,Ephrata Performing Arts Center,Sharadin Bigler Theater,2026-10-15,2026-10-25,zach.haines@epactheatre.org,Production,"320 Cocalico Street, Tom Grater Park, Ephrata, PA 17522",Ephrata,PA,17522,US,http://epactheatre.org,(717) 733-7966,https://www.facebook.com/epactheater/,https://www.instagram.com/epac_theater/,MTI,https://www.mtishows.com/shows,performance run,Non-Professional,2026-08-18
Forever Plaid,Fond Du Lac Community Theatre,Goodrich Little Theatre,2026-10-15,2026-10-18,fdlctboard@gmail.com,Production,"72 W. 9th Street, Fond Du Lac, WI 54935",Fond Du Lac,WI,54935,US,http://www.fdlct.com,(920) 923-2206,https://www.facebook.com/FDLCT/,,MTI,https://www.mtishows.com/shows,performance run,Non-Professional,2026-08-18
Les Miserables School Edition,Forever After Productions,The Parc,2026-10-15,2026-10-18,foreveraftermail@gmail.com,Production,"650 Church Street, Plymouth, MI 48170",Plymouth,MI,48170,US,http://www.iheartforeverafter.org/,734-547-5156,,,MTI,https://www.mtishows.com/shows,performance run,Non-Professional,2026-08-18
Sweeney Todd School Edition,Fort Worth Academy Of Fine Arts,Mary D. And F. Howard Walsh Fine Arts,2026-10-15,2026-10-18,info@artsacademics.org,Production,"3901 South Hulen Street, Ft Worth, TX 76109",Ft Worth,TX,76109,US,http://www.fwafa.org,+1-817-924-1482,https://www.facebook.com/AcademyFineArts/,https://www.instagram.com/fwafaofficial,MTI,https://www.mtishows.com/shows,performance run,School,2026-08-18
Disney's Alice In Wonderland Jr.,Gaston School Of The Arts,Gaston School Of The Arts,2026-10-15,2026-10-25,office@gastonschoolofthearts.org,Production,"825 Union Road, Gastonia, NC 28054",Gastonia,NC,28054,US,http://www.gastonschoolofthearts.org,7048668882,https://www.facebook.com/gastonschoolarts,,MTI,https://www.mtishows.com/shows,performance run,Non-Professional,2026-08-18
Come From Away,Hayswood Theatre,Hayswood Theatre,2026-10-15,2026-10-25,hayswoodgala@gmail.com,Production,"115 S. Capitol Ave, P.o. Box 301, Corydon, IN 47112",Corydon,IN,47112,US,http://www.hayswoodtheatre.org,,https://www.facebook.com/hayswood/,https://instagram.com/hayswoodtheatre,MTI,https://www.mtishows.com/shows,performance run,Non-Professional,2026-08-18
Little Shop Of Horrors,Hippodrome State Theatre Inc,Hippodrome State Theatre,2026-10-15,2026-11-02,boxoffice@thehipp.org,Production,"25 Southeast 2nd Place, Gainesville, FL 32601",Gainesville,FL,32601,US,http://www.thehipp.org,(352) 375-4477,https://www.facebook.com/HippodromeTheatre/,https://www.instagram.com/hipptheatre/,MTI,https://www.mtishows.com/shows,extended run,Professional,2026-08-18
Frozen,Kanab High School,Kanab High School,2026-10-15,2026-10-17,batemanb@kane.k12.ut.us,Production,"59 Cowboy Drive, Kanab, UT 84741",Kanab,UT,84741,US,http://khs.kanek12.org,(435) 644-5800,,,MTI,https://www.mtishows.com/shows,performance run,School,2026-08-18
The Hello Girls,Manatee School For The Arts,Manatee School for the Arts,2026-10-15,2026-10-17,info@msaschool.org,Production,"Palmetto, FL",Palmetto,FL,,US,http://www.msfta.org,(941) 721-6800,https://www.facebook.com/manatee.school.for.arts/,https://www.instagram.com/manatee_school_for_the_arts/,TRW,https://www.theatricalrights.com/show/hello-girls/,performance run,,2026-08-18
Urinetown,Music Theatre Of Wenatchee,Riverside Playhouse,2026-10-15,2026-10-31,info@mtow.org,Production,"233b N Wenatchee Ave, Wenatchee, WA 98801",Wenatchee,WA,98801,US,http://www.mtow.org,(509) 662-7814,https://www.facebook.com/musictheatrewenatchee,https://www.instagram.com/musictheatrewen/,MTI,https://www.mtishows.com/shows,extended run,Non-Professional,2026-08-18
Puffs (Two Act Edition),Newtown Arts Company,Newtown Arts Company,2026-10-15,2026-10-18,manager@thenewtowntheatre.com,Production,"Newtown Theatre, Newtown, PA",Newtown,PA,,US,http://www.thenewtowntheatre.com,,,,CONCORD,https://www.concordtheatricals.com/p/65316/puffs-two-act-edition,performance run,Amateur,2026-08-18
Young Frankenstein,Pier One Theatre,Mariner Theatre,2026-10-15,2026-10-25,info@pieronetheatre.org,Production,"600 East Fairview, Homer, AK 99603",Homer,AK,99603,US,http://www.pieronetheatre.org,,https://www.facebook.com/pieronetheatreinc,https://www.instagram.com/pieronetheatre/,MTI,https://www.mtishows.com/shows,performance run,Non-Professional,2026-08-18
Roald Dahl's Charlie And The Chocolate Factory,Portsmouth Area Arts Council,Vern Riffe Center For The Arts,2026-10-15,2026-10-18,info@paac4kids.org,Production,"940 Second Street, Portsmouth, OH 45662",Portsmouth,OH,45662,US,http://paac4kids.org,(740) 351-3642,https://www.facebook.com/paac4kids/,https://www.instagram.com/paac.4.kids/,MTI,https://www.mtishows.com/shows,performance run,Non-Professional,2026-08-18
Into The Woods,Rainey Mccullers School Of The Arts (high School),Rainey Mccullers School Of The Arts,2026-10-15,2026-10-18,c001174@muscogee.k12.ga.us,Production,"1700 Midtown Dr, Drama, Columbus, GA 31906",Columbus,GA,31906,US,http://sites.muscogee.k12.ga.us/rainey-mccullers/,(706) 748-3304,,,MTI,https://www.mtishows.com/shows,performance run,School,2026-08-28
Legally Blonde Jr.,Rivertowne Repertory Players,Rivertowne Repertory Players,2026-10-15,2026-10-25,nbrivertowneplayers@gmail.com,Production,"Po Box 796, New Bern, NC 28563",New Bern,NC,28563,US,http://www.rivertowneplayers.org,(252) 633-3318,https://www.facebook.com/RiverTownePlayers/,http://instagram.com/rivertowneplayers,MTI,https://www.mtishows.com/shows,performance run,Non-Professional,2026-08-18
Come From Away,Riverwalk Theatre Community Circle Players,Riverwalk Theatre,2026-10-15,2026-10-25,rwt@riverwalktheatre.com,Production,"228 Museum Dr., Lansing, MI 48933",Lansing,MI,48933,US,http://riverwalktheatre.com,(517) 482-5700,https://www.facebook.com/riverwalktheatre,https://www.instagram.com/riverwalk_theatre/,MTI,https://www.mtishows.com/shows,performance run,Non-Professional,2026-08-18
Seussical,School Board Of Polk County-harrison School Of Art,Harrison Theatre,2026-10-15,2026-10-18,lisa.leland@polk-fl.net,Production,"750 Hollingsworth Road, Lakeland, FL 33803",Lakeland,FL,33803,US,http://www.harrisonarts.com,(863) 499-2855,https://www.facebook.com/HarrisonArtsCenter/,https://www.instagram.com/harrisonartsfl/,MTI,https://www.mtishows.com/shows,performance run,School,2026-08-18
Disney's Alice In Wonderland Jr.,St Justin School,The Historic Hoover Theatre,2026-10-15,2026-10-16,office@playfulpeople.org,Production,"1635 Park Ave, San Jose, CA 95126",San Jose,CA,95126,US,http://www.playfulpeople.org,(408) 878-5362,https://www.facebook.com/playfulpeopleproductions,https://www.instagram.com/playfulpeopleproductions/,MTI,https://www.mtishows.com/shows,performance run,School,2026-08-18
The Addams Family Musical: School Edition,Stage Presence Llc,Stage Presence,2026-10-15,2026-10-19,info@mystagepresence.com,Production,"San Jose, CA",San Jose,CA,,US,http://www.mystagepresence.com,,https://www.facebook.com/mystagepresencce,https://www.instagram.com/stage_presence_,TRW,https://www.theatricalrights.com/show/addams-family-school-edition/,performance run,,2026-08-18
Mean Girls Jr,Sunbury Performing Arts,Big Walnut Middle School,2026-10-15,2026-10-17,barb@barbstitzer.com,Production,"555 S. Old 3c Rd, Sunbury, OH 43074",Sunbury,OH,43074,US,https://www.bwls.net,,https://www.facebook.com/SunburyPerformingArts,https://www.instagram.com/spa.theatre,MTI,https://www.mtishows.com/shows,performance run,Non-Professional,2026-08-18
The Cottage,The Goppert Theatre at Avila University,The Goppert Theatre at Avila University,2026-10-15,2026-10-18,boxoffice@leawoodstageco.org,Production,"11901 Wornall Road, Kansas City, MO",Kansas City,MO,,US,http://www.leawoodstageco.org,,https://www.facebook.com/leawoodstageco,,CONCORD,https://www.concordtheatricals.com/p/98976/the-cottage,performance run,Amateur,2026-08-18
Dial M for Murder (Hatcher),"The Plaza Theatre,inc",The Plaza Theatre,2026-10-15,2026-10-25,office@whartonplazatheatre.org,Production,"120 S. Houston St., Wharton, TX",Wharton,TX,,US,http://www.whartonplazatheatre.org,(979) 282-2226,https://www.facebook.com/whartonplaza,https://www.instagram.com/whartonplaza/,CONCORD,https://www.concordtheatricals.com/p/95632/dial-m-for-murder-hatcher,performance run,Amateur,2026-08-18
The Curious Savage,Twin Valley Players Colonnade Theater,Twin Valley Players Colonnade Theater,2026-10-15,2026-10-18,tvp@tvpcolonnade.com,Production,"269 Center Street, Millersburg, PA",Millersburg,PA,,US,http://www.tvpcolonnade.com,717-692-3453,http://facebook.com/tvpcolonnade,https://www.instagram.com/tvpcolonnade/,CONCORD,https://www.concordtheatricals.com/p/98181/the-curious-savage,performance run,Amateur,2026-08-18
Newsies,Univ Of Delaware- Harrington Theatre Arts Company,Pearson Hall Theatre,2026-10-15,2026-10-17,htac.theatre@gmail.com,Production,"125 Academy St, Newark, DE 19716-4399",Newark,DE,19716-4399,US,http://udhtac.org/,,https://www.facebook.com/HTACtheatre/,https://www.instagram.com/htactheatre/,MTI,https://www.mtishows.com/shows,performance run,Non-Professional,2026-08-19
How to Get Away with a Murder Mystery,Washington High School,Washington High School,2026-10-15,2026-10-17,jeff.solter@sdowmo.org,Organizations,"501 N. Sycamore Ave, Sioux Falls, SD",Sioux Falls,SD,,US,,,,,CONCORD,https://www.concordtheatricals.com/p/99139/how-to-get-away-with-a-murder-mystery,performance run,Amateur,2026-08-18
Frozen,Waterville Playshop,Maumee Indoor Theater,2026-10-15,2026-10-18,mailtoemail@watervilleplayshop.org,Production,"601 Conant St, Maumee, OH 43537",Maumee,OH,43537,US,http://www.watervilleplayshop.org,,https://www.facebook.com/WatervillePlayshop/,,MTI,https://www.mtishows.com/shows,performance run,Non-Professional,2026-08-18
Arsenic and Old Lace,Willow Glen High School Theatre,Willow Glen High School Theatre,2026-10-15,2026-10-24,wgpab.president@gmail.com,Production,"2001 Cottle Ave, San Jose, CA",San Jose,CA,,US,http://www.wgpab.org,(408) 535-6330,https://www.facebook.com/WillowGlenPAB,https://www.instagram.com/willowglenpab/,CONCORD,https://www.concordtheatricals.com/p/98176/arsenic-and-old-lace,performance run,Amateur,2026-08-18
Les Miserables School Edition,And Seen Theatrical Productions,North Front Theater,2026-10-16,2026-10-25,wilmingtonperformingarts@gmail.com,Production,"21 North Front Street, Wilmington, NC 28401",Wilmington,NC,28401,US,http://wilmingtonperformingarts.org,,https://www.facebook.com/profile.php,https://www.instagram.com/wilmingtonperformingarts/,MTI,https://www.mtishows.com/shows,performance run,Non-Professional,2026-08-18
She Kills Monsters: Young Adventurers Edition,Baldwinsville Theatre Guild,Baldwinsville Theatre Guild,2026-10-16,2026-10-25,baldwinsvilletheatreguild@gmail.com,Production,"64 Oswego St, Baldwinsville, NY",Baldwinsville,NY,,US,http://www.baldwinsvilletheatreguild.org/,(315) 546-5234,https://www.facebook.com/bvilletheatreguild,https://www.instagram.com/baldwinsvilletheatreguild/,CONCORD,https://www.concordtheatricals.com/p/9764/she-kills-monsters-young-adventurers-edition,performance run,Amateur,2026-08-18
Rumors,Banzerini House at Pioneer Opera House,Banzerini House at Pioneer Opera House,2026-10-16,2026-10-25,support@schedulista.com,Production,"3901 W Pioneer Rd, phoenix, AZ",phoenix,AZ,,US,http://banzerinihouse.org,+ 818.568.9908.,,https://www.instagram.com/banzerinihouse/,CONCORD,https://www.concordtheatricals.com/p/2811/rumors,performance run,Amateur,2026-08-18
Sweeney Todd,Big Noise Theatre,Prairie Lakes Recreation Center,2026-10-16,2026-11-01,info@bignoise.org,Production,"515 E. Thacker, Des Plaines, IL 60016",Des Plaines,IL,60016,US,http://www.bignoise.org,(847) 220-7268,https://www.facebook.com/bntheatre/,https://www.instagram.com/bignoisetheatre/,MTI,https://www.mtishows.com/shows,extended run,Non-Professional,2026-08-18
The Addams Family Musical,Blackbox Foundation,BlackBox Foundation,2026-10-16,2026-10-25,info@blackboxcg.org,Production,"Casa Grande, AZ",Casa Grande,AZ,,US,http://blackboxcg.org/,(520) 532-2337,https://www.facebook.com/blackboxfoundation,,TRW,https://www.theatricalrights.com/show/addams-family-musical/,performance run,,2026-08-18
The Hunchback Of Notre Dame,Carlisle Regional Performing Arts- Players On High,Carlisle Theatre,2026-10-16,2026-10-25,tickets@carlisletheatre.org,Production,"40 West High Street, Carlisle, PA 17013",Carlisle,PA,17013,US,http://www.carlisletheatre.org/,(717) 258-0666,https://facebook.com/137107843024560,https://www.instagram.com/carlisletheatre/,MTI,https://www.mtishows.com/shows,performance run,Non-Professional,2026-08-18
Frozen,Childrens Music Theater Of Alamogordo,Childrens Music Theater Of Alamogor,2026-10-16,2026-10-24,info@flickingercenter.com,Production,"1110 N New York Ave, Alamogordo, NM 88310",Alamogordo,NM,88310,US,http://www.flickingercenter.com/childrens-music-theater/,(575) 437-2202,https://www.facebook.com/fcfpa,https://www.instagram.com/flickinger.center/,MTI,https://www.mtishows.com/shows,performance run,Non-Professional,2026-08-18
Catch Me If You Can,Chino Hills High School,Chino Hills High School Theatre,2026-10-16,2026-10-24,tracy_freed@chino.k12.ca.us,Production,"16150 Pomona Rincon Road, Chino Hills, CA 91709",Chino Hills,CA,91709,US,http://www.chino.k12.ca.us,(909) 628-1201,https://www.facebook.com/chinovalleyusd/,https://www.instagram.com/chinovalleyusd/,MTI,https://www.mtishows.com/shows,performance run,School,2026-08-18
9 To 5,Coastal Carolina University-department Of Theatre,Wheelwright Auditorium,2026-10-16,2026-10-25,admissions@coastal.edu,Production,"Po Box 261954, Conway, SC 29528-6054",Conway,SC,29528-6054,US,http://www.coastal.edu,(843) 347-3161,https://www.facebook.com/CoastalCarolinaUniversity,https://instagram.com/ccuchanticleers/,MTI,https://www.mtishows.com/shows,performance run,School,2026-08-18
Vanya and Sonia and Masha and Spike,Community Learning Center,Community Learning Center,2026-10-16,2026-10-18,gaslightplayhouse75@gmail.com,Production,"401 E. Diamond St, Kendallville, IN",Kendallville,IN,,US,http://gaslightplayhouse.org,,,,CONCORD,https://www.concordtheatricals.com/p/39523/vanya-and-sonia-and-masha-and-spike,performance run,Amateur,2026-08-18
Ken Ludwig's Baskerville: A Sherlock Holmes Mystery,Community Players Theatre,Community Players Theatre,2026-10-16,2026-10-25,info@beatricecommunityplayers.com,Production,"412 Ella St, Beatrice, NE",Beatrice,NE,,US,http://www.beatricecommunityplayers.com,(402) 228-1801,https://facebook.com/CommunityPlayersInc,https://instagram.com/bcplayers/,CONCORD,https://www.concordtheatricals.com/p/57235/ken-ludwig-s-baskerville-a-sherlock-holmes-mystery,performance run,Amateur,2026-08-18
The Hunchback Of Notre Dame,Croswell Opera House,Croswell Opera House,2026-10-16,2026-10-25,office@croswell.org,Production,"129 E Maumee St, Adrian, MI 49221",Adrian,MI,49221,US,http://www.croswell.org,1-517-264-7469,,https://instagram.com/thecroswell,MTI,https://www.mtishows.com/shows,performance run,Non-Professional,2026-08-18
Seven Brides For Seven Brothers,Culver Stockton College,Culver Stockton College,2026-10-16,2026-10-18,admission@culver.edu,Production,"Division Of Fine Arts, 1 College Hill, Canton, MO 63435",Canton,MO,63435,US,http://www.culver.edu,+15732886000,https://www.facebook.com/CSCOnTheHill/,https://www.instagram.com/csc1853/,MTI,https://www.mtishows.com/shows,performance run,School,2026-08-19
Sweeney Todd,Downriver Actors Guild,2nd Street Performing Arts Center,2026-10-16,2026-10-25,downriveractorsguild@gmail.com,Production,"1123 2nd St, Wyandotte, MI 48192-5208",Wyandotte,MI,48192-5208,US,http://www.2ndstpac.com,7344077020,https://www.facebook.com/2ndst.pac,https://www.instagram.com/2ndst.pac/,MTI,https://www.mtishows.com/shows,performance run,Non-Professional,2026-08-18
Evil Dead The Musical,Drama Geek Studios,The Crescent Theater,2026-10-16,2026-11-08,dramageekstudios@gmail.com,Production,"74 Main Street, Sussex Borough, NJ 07461",Sussex Borough,NJ,7461,US,http://dramageekstudios.com,,,,MTI,https://www.mtishows.com/shows,extended run,Non-Professional,2026-08-18
Dracula: A Comedy of Terrors,Electric City Playhouse,electric city playhouse,2026-10-16,2026-10-25,info@ecplayhouse.com,Production,"514 North Murray Avenue, Anderson, SC",Anderson,SC,,US,http://ecplayhouse.com,(864) 224-4248,https://www.facebook.com/109352745772139,https://www.instagram.com/ecplayhouse/,CONCORD,https://www.concordtheatricals.com/p/95020/dracula-a-comedy-of-terrors,performance run,Amateur,2026-08-18
A Man Of No Importance,First Congregational Church Long Beach,First Congregational Church Long Be,2026-10-16,2026-11-01,info@lblandmark.org,Production,"241 Cedar Avenue, Long Beach, CA 90802",Long Beach,CA,90802,US,http://www.lblandmark.org,+1 (562) 436-2256,https://www.facebook.com/lblandmark/,https://www.instagram.com/lblandmark/,MTI,https://www.mtishows.com/shows,extended run,Non-Professional,2026-08-18
Night of the Living Dead Live,Foothills Performing Arts Center,Foothills Performing Arts Center,2026-10-16,2026-10-25,orpheus@orpheustheatre.org,Production,"24 Market Street, Oneonta, NY",Oneonta,NY,,US,http://orpheustheatre.org,+1-607-432-1800,https://www.facebook.com/OrpheusTheatre,https://www.instagram.com/orpheus_theatre/,CONCORD,https://www.concordtheatricals.com/p/62036/night-of-the-living-dead-live,performance run,Amateur,2026-08-18
Steel Magnolias,"Fredericksburg Theater Company, Inc.",Fredericksburg Theater Company,2026-10-16,2026-10-25,info@fredericksburgtheater.org,Production,"1668 S. US Hwy 87, Fredericksburg, TX",Fredericksburg,TX,,US,http://www.fredericksburgtheater.org,(830) 997-3588,https://www.facebook.com/FredericksburgTheaterCompany,https://www.instagram.com/p/DZaQAUcDres/,CONCORD,https://www.concordtheatricals.com/p/10643/steel-magnolias,performance run,Amateur,2026-08-18
The Addams Family Musical,Ghostlight Entertainment,Ghostlight Entertainment,2026-10-16,2026-10-25,thecolonnade@catoosacountyga.gov,Organizations,"Ooltewah, TN",Ooltewah,TN,,US,,,,,TRW,https://www.theatricalrights.com/show/addams-family-musical/,performance run,,2026-08-18
9 To 5,Gloriana Opera Company,Gloriana Studios,2026-10-16,2026-10-25,info@gloriana.org,Production,"183 Boatyard Dr., Fort Bragg, CA 95437",Fort Bragg,CA,95437,US,http://gloriana.org,707-964-7469,https://www.facebook.com/GlorianaMusicalTheatre,http://www.instagram.com/GlorianaTheatre,MTI,https://www.mtishows.com/shows,performance run,Non-Professional,2026-08-19
Frozen,High Street Arts Center,High Street Arts Center,2026-10-16,2026-11-15,boxoffice@highstreetartscenter.com,Production,"45 E. High Street, Moorpark, CA 93021",Moorpark,CA,93021,US,http://www.highstreetartscenter.com,(805) 529-8700,https://www.facebook.com/HighStreetArtsCenter,,MTI,https://www.mtishows.com/shows,extended run,Non-Professional,2026-08-18
The Lightning Thief,Highland High School,Highland High School,2026-10-16,2026-10-24,nbarnes@highlandschools.org,Organizations,"2900 Royal Scots Way, Bakersfield, CA",Bakersfield,CA,,US,,,,,CONCORD,https://www.concordtheatricals.com/p/93490/the-lightning-thief,performance run,Amateur,2026-08-18
Footloose,Huber Opera House,Huber Opera House,2026-10-16,2026-10-18,huberoperahouse@outlook.com,Production,"157 E. High St, Hicksville, OH",Hicksville,OH,,US,http://huberoperahouse.org,(419) 542-9553,https://www.facebook.com/huberoperahouse,,CONCORD,https://www.concordtheatricals.com/p/44822/footloose,performance run,Amateur,2026-08-18
Young Frankenstein,Inland Valley Repertory Theatre,Lewis Family Playhouse,2026-10-16,2026-10-25,info@ivrt.org,Production,"12505 Cultural Center Dr, Rancho Cucamonga, CA 91739",Rancho Cucamonga,CA,91739,US,http://ivrt.org,(909) 859-4878,http://www.facebook.com/ivrtco,http://instagram.com/inlandvalleyrep,MTI,https://www.mtishows.com/shows,performance run,Non-Professional,2026-08-18
Into The Woods Jr,"Inside Out Theatre Co, Inc",Sunrise Civic Center Theatre,2026-10-16,2026-10-18,insidebraun@aol.com,Production,"10610 West Oakland Park Blvd., Sunrise, FL 33351",Sunrise,FL,33351,US,http://www.sunrisefl.gov/index.aspx?page=296,(954) 249-1380,http://www.facebook.com/InsideOutTheatreCompany,,MTI,https://www.mtishows.com/shows,performance run,Non-Professional,2026-08-18
Avenue Q,Joliet Drama Guild,Billie Limacher Bicentennial Park,2026-10-16,2026-10-25,jolietdramaguild@gmail.com,Production,"201 W Jefferson, Joliet, IL 60434",Joliet,IL,60434,US,http://www.thejolietdramaguild.com,(815) 690-8051,https://www.facebook.com/TheJolietDramaGuild/,https://www.instagram.com/jolietdramaguild/,MTI,https://www.mtishows.com/shows,performance run,Non-Professional,2026-08-18
Godspell,K's Theatrical Korps,St. John The Baptist Auditorium,2026-10-16,2026-10-25,ktktheater@gmail.com,Production,"4200 Delor St., Saint Louis, MO 63116",Saint Louis,MO,63116,US,http://kurtainkall.org,(314) 351-8984,https://www.facebook.com/search/top,,MTI,https://www.mtishows.com/shows,performance run,Non-Professional,2026-08-18
Evil Dead The Musical,Korda Productions,Kordazone Theatre,2026-10-16,2026-10-31,kordazone@gmail.com,Production,"2520 Seminole Ave, Windsor, ON N9Y 1X8, CA",Windsor,ON,N9Y 1X8,CA,http://kordazone.com,(519) 562-3394,https://www.facebook.com/groups/15726790159,https://www.instagram.com/windsorimprovtheatre/,MTI,https://www.mtishows.com/shows,extended run,Non-Professional,2026-08-18
Frozen,Little Theatre Of Winston Salem,Hanesbrands Theatre,2026-10-16,2026-11-01,info@ltofws.org,Production,"209 N Spruce St, Winston Salem, NC 27101",Winston Salem,NC,27101,US,http://www.ltofws.org,+ 336-748-0857,https://www.facebook.com/LittleTheatreofWS/,http://instagram.com/littletheatrews,MTI,https://www.mtishows.com/shows,extended run,Non-Professional,2026-08-18
Godspell,Lyric Stage (amateur),Lyric Stage Studios,2026-10-16,2026-10-25,lyricstageinc@gmail.com,Production,"1170 Quaker St, Dallas, TX 75207",Dallas,TX,75207,US,http://lyricstage.org,214-871-5000,https://www.facebook.com/lyricstage,https://www.instagram.com/lyricstagedallas/,MTI,https://www.mtishows.com/shows,performance run,Non-Professional,2026-08-19
Clue,Lyric Theatre,Lyric Theatre,2026-10-16,2026-10-25,box@flynnvt.org,Organizations,"115 West Rush, Harrison, MO",Harrison,MO,,US,,,,,CONCORD,https://www.concordtheatricals.com/p/98692/clue,performance run,Amateur,2026-08-18
Evil Dead The Musical,Mind's Eye Theatre Company,Highview Arts Center,2026-10-16,2026-11-01,hello@highviewartscenter.com,Production,"7406 Fegenbush Ln, Louisville, KY 40228",Louisville,KY,40228,US,https://www.highviewartscenter.com/,5027836609,http://www.facebook.com/highviewarts,https://www.instagram.com/highviewartscenter/,MTI,https://www.mtishows.com/shows,extended run,Non-Professional,2026-08-18
Murder on the Nile,Mountain Roots Community Theatre,Mountain Roots Community Theatre,2026-10-16,2026-10-25,mountainrootstheatre@gmail.com,Production,"1201 Pike St, Milton, WV",Milton,WV,,US,http://mountainrootstheatre.org,6812640776,,,CONCORD,https://www.concordtheatricals.com/p/999/murder-on-the-nile,performance run,Amateur,2026-08-18
Come From Away,New Tampa Players,New Tampa Performing Arts Center,2026-10-16,2026-10-25,president@newtampaplayers.org,Production,"Bruce B Downs Blvd, Tampa, FL 33646",Tampa,FL,33646,US,http://www.newtampaplayers.org,(813) 543-6252,https://www.facebook.com/NewTampaPlayers,https://instagram.com/newtampaplayers,MTI,https://www.mtishows.com/shows,performance run,Non-Professional,2026-08-18
Young Frankenstein,Not So Common Players/town Of Clifton Park,The Edison Club,2026-10-16,2026-10-25,membership@edisonclub.com,Production,"891 Riverview Road, Rexford, NY 12148",Rexford,NY,12148,US,http://edisonclub.com,,,,MTI,https://www.mtishows.com/shows,performance run,Non-Professional,2026-08-18
Come From Away,Oregon Community Theatre,Oregon Community Theatre,2026-10-16,2026-10-25,info@octshows.org,Production,"3025 Starr Avenue, Oregon, OH 43616",Oregon,OH,43616,US,http://www.oregoncommunitytheatre.org/,,https://www.facebook.com/profile.php,https://www.instagram.com/octshows/,MTI,https://www.mtishows.com/shows,performance run,Non-Professional,2026-08-18
Frozen,Ovation Entertainment Group Inc,California Theatre /performing Arts,2026-10-16,2026-10-18,jbond007@gmail.com,Production,"562 West 4th, San Bernardino, CA 92401",San Bernardino,CA,92401,US,http://www.californiatheatre.net,(909) 885-8263,,,MTI,https://www.mtishows.com/shows,performance run,Professional,2026-08-18
The Woman in Black,Pelzer Auditorium,Pelzer Auditorium,2026-10-16,2026-10-31,info@milltownplayers.org,Production,"214 Lebby Street, Pelzer, SC",Pelzer,SC,,US,http://www.milltownplayers.org,(864) 947-8000,https://www.facebook.com/MillTownPlayers/,https://www.instagram.com/mill.town.players/,CONCORD,https://www.concordtheatricals.com/p/4619/the-woman-in-black,extended run,Amateur,2026-08-18
Freaky Friday,Perry High School,Perry High School,2026-10-16,2026-10-18,boxoffice@perrycsd.org,Organizations,"3737 - 13th Street Sw, Massilon, OH 44646",Massilon,OH,44646,US,,,,,MTI,https://www.mtishows.com/shows,performance run,School,2026-08-18
Roald Dahl's Matilda The Musical Jr,Providence Classical Academy,Bossier Parish Community College Th,2026-10-16,2026-10-17,amberdawn@bossierarts.org,Production,"6220 East Texas Street, Bossier City, LA 71111",Bossier City,LA,71111,US,https://www.bpcc.edu/academics/arts-humanities-and-social-sciences/theatre-box-office-tickets,(318) 459-6075,,,MTI,https://www.mtishows.com/shows,performance run,School,2026-08-18
"Almost, Maine",Richmond Community Theatre,Richmond Community Theatre,2026-10-16,2026-10-25,info@richmondtheatre.com,Production,"69619 Parker Street, Richmond, MI",Richmond,MI,,US,http://www.richmondtheatre.com,(586) 727-9518,https://www.google.com/url,https://www.google.com/url,CONCORD,https://www.concordtheatricals.com/p/12954/almost-maine,performance run,Amateur,2026-08-18
Godspell-2012 Revised Version,Santa Catalina School,Performing Arts Center,2026-10-16,2026-10-24,barbara.ostos@santacatalina.org,Production,"1500 Mark Thomas Drive, Monterey, CA 93940",Monterey,CA,93940,US,http://santacatalina.org,(831) 655-9300,https://www.facebook.com/catalinaprek8,https://www.instagram.com/catalina_prek8/,MTI,https://www.mtishows.com/shows,performance run,School,2026-08-18
Mindgame,"Southwest Iowa Theatre Group, The","Southwest Iowa Theatre Group, The",2026-10-16,2026-10-25,switg@switg.org,Production,"604 Sportsman Park Road, Shenandoah, IA",Shenandoah,IA,,US,http://www.switg.org,(712) 246-1061,https://www.google.com/url,,CONCORD,https://www.concordtheatricals.com/p/6785/mindgame,performance run,Amateur,2026-08-18
Grease,Stadium Theatre Performing Arts Center,Stadium Theatre Performing Arts Center,2026-10-16,2026-10-18,info@envisionsuccess.net,Production,"28 Monument Square, Woonsocket, RI",Woonsocket,RI,,US,http://www.stadiumtheatre.com,(401) 762-4545,https://www.facebook.com/StadiumTheatre,https://www.instagram.com/stadium_theatre/,CONCORD,https://www.concordtheatricals.com/p/2155/grease,performance run,Amateur,2026-08-18
Rent,Syracuse University,Storch Theater,2026-10-16,2026-10-25,admissu@syr.edu,Production,"820 East Genesee Street, Performing Arts - Drama Dept, Syracuse, NY 13244-2970",Syracuse,NY,13244-2970,US,http://vpa.syr.edu/drama,(315) 443-7671,https://www.facebook.com/Syracuse.VPA,https://www.instagram.com/sudrama_vpa/,MTI,https://www.mtishows.com/shows,performance run,School,2026-08-18
Annie,The Banzerini House,Angela Lavelle Boyajian,2026-10-16,2026-10-25,support@schedulista.com,Production,"3901 W Pioneer Rd, Phoenix, AZ 85086",Phoenix,AZ,85086,US,http://www.banzerinihouse.com,+ 818.568.9908.,,https://www.instagram.com/banzerinihouse/,MTI,https://www.mtishows.com/shows,performance run,Non-Professional,2026-08-18
Little Shop Of Horrors (broadway Version),Three Rivers Music Theatre,Three Rivers Music Theatre,2026-10-16,2026-11-01,info@threeriversmusictheatre.com,Production,"416 W 4th Street, Fort Wayne, IN 46808",Fort Wayne,IN,46808,US,http://www.threeriversmusictheatre.com,12604508015,http://www.facebook.com/threeriversmusictheatre,https://www.instagram.com/threeriversmusictheatre/,MTI,https://www.mtishows.com/shows,extended run,Non-Professional,2026-08-18
Little Women,Univ Of Wisconsin Eau Claire,Jamf Theatre / Pablo Center,2026-10-16,2026-10-25,boxoffice@pablocenter.org,Production,"128 Graham Ave, Eau Claire, WI 54701",Eau Claire,WI,54701,US,http://www.pablocenter.org,,https://www.facebook.com/pablocenterec,https://www.instagram.com/pablocenter,MTI,https://www.mtishows.com/shows,performance run,School,2026-08-18
Richard O'Brien's The Rocky Horror Show,Village Theatre at Cherry Hill,Village Theatre at Cherry Hill,2026-10-16,2026-10-17,foreveraftermail@gmail.com,Production,"50400 Cherry hill, canton, MI",canton,MI,,US,http://www.iheartforeverafter.org/,734-547-5156,,,CONCORD,https://www.concordtheatricals.com/p/2180/richard-o-brien-s-the-rocky-horror-show,performance run,Amateur,2026-08-18
Night Watch,Westfield Theatre Group,Westfield Theatre Group,2026-10-16,2026-10-24,westfieldtheatregroupma@gmail.com,Production,"28 Court St, Westfield, MA",Westfield,MA,,US,http://www.westfieldtheatregroup.com,413-572-6838,,,CONCORD,https://www.concordtheatricals.com/p/98190/night-watch,performance run,Amateur,2026-08-18
James And The Giant Peach,Windham Theatre Guild,Burton Leavitt Theatre,2026-10-16,2026-10-25,info@windhamtheatreguild.org,Production,"779 Main Street, Po Box 802, Willimantic, CT 06226-0802",Willimantic,CT,06226-0802,US,http://www.windhamtheatreguild.org,(860) 423-2245,https://www.facebook.com/WindhamTheatreGuild,,MTI,https://www.mtishows.com/shows,performance run,Non-Professional,2026-08-18
Anastasia: The Musical,Zao Theatre,Zao Theatre,2026-10-16,2026-11-07,shows@zaotheatre.org,Production,"6338 S Kings Ranch Rd, Gold Canyon, AZ",Gold Canyon,AZ,,US,http://www.zaotheatre.org,(480) 924-5122,,,CONCORD,https://www.concordtheatricals.com/p/92098/anastasia-the-musical,extended run,Amateur,2026-08-18
Disney's Aladdin Kids,Christian Arts And Theatre Of Corona,Cat Black Box Theater,2026-10-17,2026-10-18,admin@catcorona.org,Production,"815 W. 6th St., Suite 110, Corona, CA 92882",Corona,CA,92882,US,http://catcorona.org,9512792298,https://www.facebook.com/CATCorona/,https://www.instagram.com/catofcorona/,MTI,https://www.mtishows.com/shows,performance run,Non-Professional,2026-08-18
The Music Man Jr,Cinnabar Theater,Cinnabar Studio Space,2026-10-17,2026-10-18,boxoffice@cinnabartheater.org,Production,"2200 Petaluma Blvd N, Suite 700, Petaluma, CA 94952",Petaluma,CA,94952,US,https://cinnabartheater.org/,(707) 763-8920,https://www.facebook.com/CinnabarTheater/,https://www.instagram.com/cinnabartheater/,MTI,https://www.mtishows.com/shows,performance run,Non-Professional,2026-08-18
Junie B.'s Essential Survival Guide To School Jr.,Colquitt County Arts Council,Colquitt County Arts Center,2026-10-17,2026-10-22,director@moultriearts.org,Production,"401 7th Avenue Sw, Moultrie, GA 31768",Moultrie,GA,31768,US,http://www.moultriearts.org,229-985-1922,https://www.facebook.com/moultriearts,https://www.instagram.com/moultriearts,MTI,https://www.mtishows.com/shows,performance run,Non-Professional,2026-08-18
Roald Dahl's Charlie And The Chocolate Factory Jr.,Orbit Theatre Company And Perf Arts Academy,Spruce Creek High School,2026-10-17,2026-10-18,info@orbitperformingarts.com,Production,"801 Taylor Road, Port Orange, FL 32127",Port Orange,FL,32127,US,http://www.orbitperformingarts.com,3864051465,https://www.facebook.com/Orbit-Performing-Arts-102431401545933,https://www.instagram.com/orbitperformingarts/,MTI,https://www.mtishows.com/shows,performance run,Non-Professional,2026-08-18
"Love, Loss and What I Wore",The Strand Theatre,The Strand Theatre,2026-10-17,2026-10-18,strand@strandtheatrewv.com,Production,"811 Fifth Street, Moundsville, WV",Moundsville,WV,,US,http://www.strandtheatrewv.com,+ 304-845-3009,https://www.facebook.com/StrandTheatreWV/,,CONCORD,https://www.concordtheatricals.com/p/13759/love-loss-and-what-i-wore,performance run,Amateur,2026-08-18
Elf-the Musical Jr.,Excelsior Middle School,Excelsior Middle School,2026-10-20,2026-10-24,superintendent_schools@byron.k12.ca.us,Production,"14301 Byron Hwy, 14301 Byron Hwy, Byron, CA 94514",Byron,CA,94514,US,http://excelsiormiddleschool.us,(925) 809-7530,,,MTI,https://www.mtishows.com/shows,performance run,Non-Professional,2026-08-18
Disney's Finding Nemo Jr.,Stafford Intermediate School,Stafford Twsp Intermediate School,2026-10-20,2026-10-21,transportationoffice@staffordschools.org,Production,"1000 Mckinley Avenue, Manahawkin, NJ 08050",Manahawkin,NJ,8050,US,http://www.staffordschools.org,(609) 978-5700,,https://www.instagram.com/staffordschools/,MTI,https://www.mtishows.com/shows,performance run,Non-Professional,2026-08-25
Peter Pan Jr,Christ The King Catholic School,Christ The King School,2026-10-21,2026-10-22,ctk@ctkmesa.org,Organizations,"1905 Elmhurst Ave, Oklahoma City, OK 73120",Oklahoma City,OK,73120,US,http://www.ckschool.com,(405) 843-3909,https://www.facebook.com/Christ-the-King-Catholic-School-OKC-753897344751176/,https://www.instagram.com/ckschool_okc_pto/,MTI,https://www.mtishows.com/shows,performance run,Non-Professional,2026-08-18
Lunar Eclipse,Lake Mirror Theatre,Lake Mirror Theatre,2026-10-21,2026-10-22,boxofficelct@gmail.com,Production,"121 S. Lake Ave, Lakeland, FL",Lakeland,FL,,US,http://www.lakelandcommunitytheatre.com,863-603-7529,https://www.facebook.com/yourlct/,,CONCORD,https://www.concordtheatricals.com/p/99361/lunar-eclipse,performance run,Amateur,2026-08-18
Little Shop Of Horrors (broadway Version),Neenah High School,Neenah High School,2026-10-21,2026-10-25,jstrick@neenah.k12.wi.us,Production,"500 Rocket Way, Neenah, WI 54956",Neenah,WI,54956,US,http://www.neenah.k12.wi.us,(920) 751-6800,http://www.facebook.com/NeenahSchools,,MTI,https://www.mtishows.com/shows,performance run,School,2026-08-18
Assassins,Southern Illinois Univ - Edwardsville,Metcalf Theatre,2026-10-21,2026-10-25,kbest@siue.edu,Production,"Southern Illinois Univ, Edwardsville, IL 62026",Edwardsville,IL,62026,US,http://siue.edu/artsandsciences/theater,(618) 650-2773,//www.facebook.com/siuedwardsville,//www.instagram.com/siuedwardsville/,MTI,https://www.mtishows.com/shows,performance run,School,2026-08-18
Into The Woods,Univ Of Texas @ Arlington-dept.of Theatre Arts,Mainstage,2026-10-21,2026-10-25,theatrearts@uta.edu,Production,"502 S Cooper,fa-144, Box 19103, Arlington, TX 76019-0103",Arlington,TX,76019-0103,US,http://uta.edu/theatre,(817) 272-2011,https://www.facebook.com/utarlington/,https://www.instagram.com/uta_theatrearts/,MTI,https://www.mtishows.com/shows,performance run,School,2026-08-18
Disney's Frozen Kids,Acting Out Theatre Company,Acting Out Theater,2026-10-22,2026-10-24,actingoutregistrar@gmail.com,Production,"56 Island Street, Lawrence, MA 01840",Lawrence,MA,1840,US,http://www.actingouttheater.com,(978) 794-0001,https://www.facebook.com/Actingouttheaterco/,https://www.instagram.com/actingouttheater/,MTI,https://www.mtishows.com/shows,performance run,Non-Professional,2026-08-18
Jekyll And Hyde (b'way),Ann Arbor Civic Theatre,Arthur Miller Theatre,2026-10-22,2026-10-25,ruth.egherman@gmail.com,Production,"1226 Murfin Ave, Ann Arbor, MI 48109",Ann Arbor,MI,48109,US,http://www.a2ct.org,4089307591,https://www.facebook.com/annarborcivictheatre/,https://www.instagram.com/annarborcivictheatre/,MTI,https://www.mtishows.com/shows,performance run,Non-Professional,2026-08-18
Disney's Frozen Jr,Belfast Elementary/high School,Belfast Elementary/high School,2026-10-22,2026-10-24,caylor@belfastcsd.org,Production,"1 King Street, Belfast, NY 14711",Belfast,NY,14711,US,http://www.belfastcsd.org,(585) 365-2646,https://www.facebook.com/belfastbulldogs,,MTI,https://www.mtishows.com/shows,performance run,School,2026-08-18
Evil Dead The Musical,Birdcage Theatre,Birdcage Theatre,2026-10-22,2026-11-01,thebirdcagetheatre@gmail.com,Production,"1740 Bird Street, Oroville, CA 95965",Oroville,CA,95965,US,http://www.birdcagetheatre.org,+ 530-533-2473,https://www.facebook.com/thebirdcagetheatre/,https://www.instagram.com/birdcagetheatre,MTI,https://www.mtishows.com/shows,performance run,Non-Professional,2026-08-18
Disney's Beauty And The Beast Jr,Calvary Christian School,Calvary Baptist Church Worship Cent,2026-10-22,2026-10-24,admissions@calvaryknights.com,Production,"7556 Old Moon Road, Columbus, GA 31901",Columbus,GA,31901,US,http://www.calvaryknights.com,(706) 323-0467,https://www.facebook.com/ccsknightlife,https://www.instagram.com/ccsknightlife/,MTI,https://www.mtishows.com/shows,performance run,School,2026-08-18
Evil Dead The Musical,Camel City Playhouse,Camel City Playhouse,2026-10-22,2026-11-01,camelcityplayhouse@gmail.com,Production,"110 W. 7th St, 110 W. 7th St, Winston Salem, NC 27101",Winston Salem,NC,27101,US,http://www.camelcityplayhouse.com,,,,MTI,https://www.mtishows.com/shows,performance run,Non-Professional,2026-08-18
Beetlejuice Jr.,Central High School,Central High School,2026-10-22,2026-10-24,noelle.westcott@d51schools.org,Organizations,"14075 Ken Austin Parkway, Brooksville, FL 34613",Brooksville,FL,34613,US,,,,,MTI,https://www.mtishows.com/shows,performance run,School,2026-08-22
Little Shop Of Horrors,Christian Brothers High School,Cbhs Auditorium,2026-10-22,2026-10-24,jaycock@cbhs.org,Production,"5900 Walnut Grove Road, Memphis, TN 38120-2174",Memphis,TN,38120-2174,US,http://www.brothersonstage.org,,https://www.facebook.com/cbhstheatre,https://www.instagram.com/brothersonstage/,MTI,https://www.mtishows.com/shows,performance run,School,2026-08-18
Sweeney Todd,Community Players Of Streator,Engle Lane Theatre,2026-10-22,2026-10-25,boxoffice@englelane.org,Production,"1012 Columbus Road, Streator, IL 61364",Streator,IL,61364,US,http://englelane.org,(815) 672-3584,https://www.facebook.com/englelane,https://www.instagram.com/englelaneofficial/,MTI,https://www.mtishows.com/shows,performance run,Non-Professional,2026-08-18
Peter And The Starcatcher,Dexter High School,Dexter Center For Performing Arts,2026-10-22,2026-10-25,palmere@dexterschools.org,Production,"2200 North Parker Road, Dexter, MI 48130",Dexter,MI,48130,US,http://dexterdrama.org/,,https://www.facebook.com/dexterhsdramaclub,https://www.instagram.com/dexterdramaclub/,MTI,https://www.mtishows.com/shows,performance run,Non-Professional,2026-08-18
Godspell,Five Towns College,Five Towns College--new Space,2026-10-22,2026-10-25,admissions@ftc.edu,Production,"305 North Service Road, Lie Exit 50, Dix Hills, NY 11746",Dix Hills,NY,11746,US,http://www.ftc.edu,(631) 656-2110,https://www.facebook.com/fivetownscollege,http://instagram.com/fivetownscollege,MTI,https://www.mtishows.com/shows,performance run,School,2026-08-18
Richard O'Brien's The Rocky Horror Show,Ghostlight Theatre,Ghostlight Theatre,2026-10-22,2026-11-01,admin@ghostlightaz.com,Production,"13541 W Camino Del Sol, Sun City West, AZ",Sun City West,AZ,,US,http://www.ghostlightaz.com,(623) 777-9717,https://www.google.com/url,https://www.google.com/url,CONCORD,https://www.concordtheatricals.com/p/2180/richard-o-brien-s-the-rocky-horror-show,performance run,Amateur,2026-08-18
Seussical Jr.,Grace-st Luke's Episcopal School,Auditorium at Grace-st Luke's Episcopal School,2026-10-22,2026-10-24,learnmore@gslschool.org,Production,"246 S Belvedere Blvd, Memphis, TN 38104",Memphis,TN,38104,US,http://www.gslschool.org,(901) 278-0200,https://www.facebook.com/gslschool,https://www.instagram.com/gslschool,MTI,https://www.mtishows.com/shows,performance run,School,2026-08-18
Harvey,Jesuit High School,Jesuit High School,2026-10-22,2026-10-25,frontdesk@jesuitportland.org,Production,"9000 S.W. Beaverton Hillsdale Hwy, Portland, OR",Portland,OR,,US,http://www.jesuitportland.org,(503) 292-2663,https://www.facebook.com/JesuitPortland,https://www.instagram.com/jesuitpdx/,CONCORD,https://www.concordtheatricals.com/p/13523/harvey,performance run,Amateur,2026-08-18
Newsies,Lakeland Christian School,Cafeteria,2026-10-22,2026-10-24,abradley@lcsonline.org,Production,"1111 Forest Park Street, Lakeland, FL 33803",Lakeland,FL,33803,US,http://www.lcsonline.org,(863) 688-2771,https://www.facebook.com/LCSVikings/,https://www.instagram.com/lcsvikings/,MTI,https://www.mtishows.com/shows,performance run,School,2026-08-18
Dinner with Friends,MATCH - Midtown Arts & Theater Center,MATCH - Midtown Arts & Theater Center,2026-10-22,2026-11-07,info@matchouston.org,Production,"3400 Main St, Houston, TX",Houston,TX,,US,https://matchouston.org/,(713) 521-4533,http://www.facebook.com/MATCH.Houston,http://instagram.com/matchouston,CONCORD,https://www.concordtheatricals.com/p/13280/dinner-with-friends,extended run,Amateur,2026-08-18
Company,Missouri State University,Credo Academy,2026-10-22,2026-10-26,info@missouristate.edu,Production,"931 S Kickapoo Ave, Springfield, MO 65804-0054",Springfield,MO,65804-0054,US,http://www.missouristate.edu,(417) 836-5000,https://www.facebook.com/missouristateu,https://www.instagram.com/missouristate/,MTI,https://www.mtishows.com/shows,performance run,School,2026-08-18
Little Shop Of Horrors,Monument Arts And Cultural Center,Monument Arts And Cultural Center,2026-10-22,2026-11-01,maccentervt@gmail.com,Production,"44 Gypsy Lane, Bennington, VT 05201",Bennington,VT,5201,US,http://monumentcentervt.org,(802) 318-4444,https://www.facebook.com/profile.php,,MTI,https://www.mtishows.com/shows,performance run,Non-Professional,2026-08-26
Spring Awakening,Musical Theatre Repertory- Univ Of Southern Calif,Scene Dock Theatre,2026-10-22,2026-10-25,sdaspace@usc.edu,Production,"1030 W 37th Street, Los Angeles, CA 90089",Los Angeles,CA,90089,US,https://dramaticarts.usc.edu/about/theatres/scene-dock/,(213) 740-8686,https://www.facebook.com/USCSchoolofDramaticArts,https://instagram.com/uscsda/,MTI,https://www.mtishows.com/shows,performance run,School,2026-08-18
Disney's High School Musical,New London High School,New London High School,2026-10-22,2026-11-01,info@newlondon.k12.wi.us,Production,"1700 Klatt Road, New London, WI 54961",New London,WI,54961,US,http://www.newlondon.k12.wi.us,(920) 982-8530,https://www.facebook.com/newlondonschools,,MTI,https://www.mtishows.com/shows,performance run,School,2026-08-18
Elephant And Piggie's We Are In A Play Jr.,New Minowa Players,New Minowa Players,2026-10-22,2026-10-25,newminowaplayers@gmail.com,Production,"906 South Mill Street, Decorah, IA 52101",Decorah,IA,52101,US,http://newminowaplayers.org,(563) 382-5174,https://www.facebook.com/copyland52101/,https://www.instagram.com/newminowaplayers/,MTI,https://www.mtishows.com/shows,performance run,Non-Professional,2026-08-18
Roald Dahl's Matilda The Musical Jr,Nightingale Bamford School,Nightingale-bamford School,2026-10-22,2026-10-23,info@nightingale.org,Production,"20 East 92nd Street, New York, NY 10128",New York,NY,10128,US,http://www.nightingale.org,(212) 289-5020,,https://www.instagram.com/nightingalenyc,MTI,https://www.mtishows.com/shows,performance run,School,2026-08-18
Come From Away,Normandale Community College,Normandale Comm Coll,2026-10-22,2026-10-31,admissions@normandale.edu,Production,"Dept. Of Theatre, 9700 France Ave South, Bloomington, MN 55431",Bloomington,MN,55431,US,http://www.normandale.edu,(952) 358-8200,https://www.facebook.com/NormandaleCommunityCollege/,https://www.instagram.com/normandale_cc/,MTI,https://www.mtishows.com/shows,performance run,School,2026-08-18
Les Miserables School Edition,Notre Dame Preparatory High School,St. Catherine Of Bologna Pac,2026-10-22,2026-10-31,info@ndpsaints.org,Production,"9701 E Bell Rd, Scottsdale, AZ 85260",Scottsdale,AZ,85260,US,https://www.ndpsaints.org/,(480) 634-8200,http://www.facebook.com,http://www.instagram.com,MTI,https://www.mtishows.com/shows,performance run,School,2026-08-18
Finding Neverland,Oak Hall School,Oak Hall School,2026-10-22,2026-10-24,oakhall@oakhall.org,Production,"1700 Sw 75th Street, Gainesville, FL 32607",Gainesville,FL,32607,US,http://www.oakhall.org,(352) 332-3609,https://www.facebook.com/OakHallGainesville,https://www.instagram.com/oakhallschool/,MTI,https://www.mtishows.com/shows,performance run,School,2026-08-18
Shrek The Musical,Patriot Productions Llc,Cactus Shadows Performing Arts Cent,2026-10-22,2026-10-31,sandi@azfcf.org,Production,"33606 N 60th Street, Scottsdale, AZ 85266",Scottsdale,AZ,85266,US,http://www.dftheater.org,480-488-1981,,,MTI,https://www.mtishows.com/shows,performance run,Non-Professional,2026-08-18
Mary Poppins Jr,Project Performer Productions,The Grand Ritz Theater,2026-10-22,2026-10-24,tickets@thegrandescondido.org,Production,"301 E. Grand Ave., Escondido, CA 92025",Escondido,CA,92025,US,https://www.thegrandescondido.org,+1-760-309-7609,https://www.facebook.com/thegrandritztheater,https://www.instagram.com/thegrandescondido/#,MTI,https://www.mtishows.com/shows,performance run,Non-Professional,2026-08-18
Come From Away,School Of The Arts @ Central Gwinnett,School Of The Arts @ Cghs,2026-10-22,2026-10-24,webmaster@gcpsk12.org,Production,"564 W Crogan St, Lawrenceville, GA 30046",Lawrenceville,GA,30046,US,https://sota.gcpsk12.org,(770) 963-8041,https://www.facebook.com/profile.php,https://www.instagram.com/cgsota/,MTI,https://www.mtishows.com/shows,performance run,School,2026-08-18
She Loves Me,Southeastern Louisiana University,Pottle Auditorium,2026-10-22,2026-10-24,toby.everett@selu.edu,Production,"548 Western Ave., Hammond, LA 70401",Hammond,LA,70401,US,http://southeastern.edu,(985) 549-2000,https://www.facebook.com/southeastern/,https://www.instagram.com/oursoutheastern/,MTI,https://www.mtishows.com/shows,performance run,School,2026-08-18
Come From Away,Southern Illinois Univ Carbondale,Shryock Theater,2026-10-22,2026-10-25,theater@siu.edu,Production,"1050 S Normal Avenue, Carbondale, IL 62901",Carbondale,IL,62901,US,http://theateranddance.siu.edu,(618) 453-5741,https://www.facebook.com/SouthernIllinoisUniversityCarbondale,https://www.instagram.com/thisissiu/,MTI,https://www.mtishows.com/shows,performance run,School,2026-08-18
Disney's Alice In Wonderland Jr.,St Andrews Episcopal School- Middle And Upper School,St Andrews Episcopal School,2026-10-22,2026-10-24,admission@gosaints.org,Production,"370 Old Agency Road, Ridgeland, MS 39157",Ridgeland,MS,39157,US,http://www.gosaints.org,601-987-9300,https://www.facebook.com/StAndrewsMS,https://www.instagram.com/standrewsms/,MTI,https://www.mtishows.com/shows,performance run,School,2026-08-18
Disney's Frozen Jr,Strong Rock Christian School,Strong Rock Christian School,2026-10-22,2026-10-29,brendabowen722@gmail.com,Production,"4200 Strong Rock Parkway, Locust Grove, GA 30248",Locust Grove,GA,30248,US,http://www.strongrockchristianschool.com,(678) 833-1200,https://www.facebook.com/strongrockchristianschool,https://www.instagram.com/strongrockchristianschool/,MTI,https://www.mtishows.com/shows,performance run,School,2026-08-18
Trap,Temecula Valley High School,Temecula Valley High School,2026-10-22,2026-10-24,tvhsptsapresident@gmail.com,Production,"31555 Rancho Vista Road, Temecula, CA",Temecula,CA,,US,http://tvhs.tvusd.k12.ca.us/,(951) 695-7300,https://www.facebook.com/tvhsupdates,https://www.instagram.com/TvhsUpdates/,CONCORD,https://www.concordtheatricals.com/p/102392/trap,performance run,Amateur,2026-08-18
Lizzie,Theatre Lawrence (Venue),Theatre Lawrence (Venue),2026-10-22,2026-10-24,julmer@theatrelawrence.com,Production,"4660 Bauer Farm, Lawrence, KS",Lawrence,KS,,US,http://www.theatrelawrence.com,(785) 843-7469,https://www.facebook.com/theatrelawrence/,http://instagram.com/theatrelawrence,CONCORD,https://www.concordtheatricals.com/p/98972/lizzie,performance run,Amateur,2026-08-18
Disney's Descendants,Trinity Christian Academy,The Ned,2026-10-22,2026-10-25,ariel@jtgonline.com,Production,"314 E Main Street, Jackson, TN 38305",Jackson,TN,38305,US,http://www.jtgonline.com/,(731) 427-3200,,,MTI,https://www.mtishows.com/shows,performance run,School,2026-08-18
Kimberly Akimbo,Tryon Fine Arts Center,Tryon Fine Arts Center,2026-10-22,2026-10-25,tryonlittletheater@gmail.com,Production,"34 Melrose Ave, Tryon, NC",Tryon,NC,,US,http://www.tltinfo.org,(828) 859-2466,https://www.facebook.com/TryonLittleTheatre,https://www.instagram.com/tryonlittletheater/,CONCORD,https://www.concordtheatricals.com/p/6565/kimberly-akimbo,performance run,Amateur,2026-08-18
Cabin Chronicles,Valley high school,Valley high school,2026-10-22,2026-10-24,info@vhsdrama.org,Organizations,"2839 s burnham ave, Las vegas, NV",Las vegas,NV,,US,,,,,CONCORD,https://www.concordtheatricals.com/p/99110/cabin-chronicles,performance run,Amateur,2026-08-18
Disney's Dare To Dream Jr,Act Childrens Theater,Kennedy School Auditorium,2026-10-23,2026-10-24,kkendall@ogdensburgk12.org,Production,"801-809 Park Street, Ogdensburg, NY 13669",Ogdensburg,NY,13669,US,http://www.ogdensburgk12.org,(315) 393-0900,https://www.facebook.com/OgdensburgCitySchoolDistrict,,MTI,https://www.mtishows.com/shows,performance run,Non-Professional,2026-08-18
The Brothers Grimm Spectaculathon (one-act),BAAY Theatre,BAAY Theatre,2026-10-23,2026-10-25,info@baay.org,Production,"1059 N. State St., Bellingham, WA",Bellingham,WA,,US,http://www.baay.org,(360) 306-8531,https://www.facebook.com/bellinghamBAAY/,https://www.instagram.com/baayrocks/,CONCORD,https://www.concordtheatricals.com/p/101584/the-brothers-grimm-spectaculathon-one-act,performance run,Amateur,2026-08-18
Madagascar-a Musical Adventure Kids,Center Stage,Center Stage Theatre Inc,2026-10-23,2026-10-25,info@centerstageshelton.org,Production,"54 Grove St, Shelton, CT 06484",Shelton,CT,6484,US,http://www.centerstageshelton.org,(203) 225-6079,https://www.facebook.com/centerstageshelton,https://www.instagram.com/centerstageshelton,MTI,https://www.mtishows.com/shows,performance run,Non-Professional,2026-08-18
Seussical,Central Wisconsin Area Community Theatre,Sentry Theatre,2026-10-23,2026-10-31,president@cwact.org,Production,"1800 Northpoint Drive, Stevens Point, WI 54481",Stevens Point,WI,54481,US,http://www.cwact.org,(715) 341-6744,https://www.facebook.com/cwact,https://www.instagram.com/cwact_wi,MTI,https://www.mtishows.com/shows,performance run,Non-Professional,2026-08-18
Peter Pan Jr,Childrens Creations,Cc,2026-10-23,2026-10-24,grandrapids@childrenscreations.org,Production,"6161 28th St., Grand Rapids, MI 49546",Grand Rapids,MI,49546,US,http://www.childrenscreations.org,(616) 957-9707,https://www.facebook.com/childrenscreations.org,,MTI,https://www.mtishows.com/shows,performance run,Non-Professional,2026-08-18
Little Shop Of Horrors (broadway Version),College Of Southern Maryland,Fine Arts Center Theatre,2026-10-23,2026-11-01,askme@csmd.edu,Production,"8730 Mitchell Road, Laplata, MD 20646",Laplata,MD,20646,US,http://www.csmd.edu,+1-301-934-2251,https://www.facebook.com/CollegeofSouthernMaryland/,https://www.instagram.com/collegeofsouthernmaryland/,MTI,https://www.mtishows.com/shows,performance run,School,2026-08-18
Don't Let The Pigeon Drive The Bus,Denver Center For The Performing Arts,Randy Weeks Conservatory Theatre,2026-10-23,2026-12-20,education@dcpa.org,Production,"1101 13th St, Denver, CO 80204-5319",Denver,CO,80204-5319,US,http://denvercenter.org,+13038934100,http://www.facebook.com/denvercenter,http://instagram.com/DenverCenter,MTI,https://www.mtishows.com/shows,extended run,Professional,2026-08-18
Into The Woods,Desert Theatricals,Rancho Mirage Amphitheater,2026-10-23,2026-10-25,info@desert-theatricals.com,Production,"71560 San Jacinto Dr, Rancho Mirage, CA 92270",Rancho Mirage,CA,92270,US,http://www.desert-theatricals.com,760-620-5993,https://www.facebook.com/deserttheatricals/,https://www.instagram.com/deserttheatricals/,MTI,https://www.mtishows.com/shows,performance run,Non-Professional,2026-08-18
Sweeney Todd,District Bd Of Trustees Of Pensacola State College,Ashmore Fine Arts Auditorium,2026-10-23,2026-11-01,kgeyer@pensacolastate.edu,Production,"1000 College Blvd, Pensacola, FL 32504",Pensacola,FL,32504,US,http://performingarts.pensacolastate.edu,(850) 484-1800,https://www.facebook.com/PSCperformarts/,,MTI,https://www.mtishows.com/shows,performance run,School,2026-08-18
Disney's Descendants,Due West Methodist Chruch,Due West United Methodst Church,2026-10-23,2026-10-24,info@duewest.org,Production,"3956 Due West Road, Marietta, GA",Marietta,GA,,US,http://www.duewest.org,(770) 427-3835,https://www.facebook.com/DWMChurch,https://www.instagram.com/duewestmc,MTI,https://www.mtishows.com/shows,performance run,Non-Professional,2026-08-18
Carrie: The Musical,Exit 7 Players Theater,Exit 7 Players Theater,2026-10-23,2026-12-20,admin@exit7players.org,Production,"37 Chestnut Street, Ludlow, MA",Ludlow,MA,,US,http://www.exit7players.org,(413) 583-4301,https://www.facebook.com/Exit-7-Players-Theater-119940764845545/,https://www.instagram.com/exit7players/,CONCORD,https://www.concordtheatricals.com/p/44973/carrie-the-musical,extended run,Amateur,2026-08-18
Little Shop Of Horrors (broadway Version),Footlighters Theater,Footlighters Theater,2026-10-23,2026-11-08,sebastian@aldusleaf.org,Production,"58 Main Avenue, Berwyn, PA 19312",Berwyn,PA,19312,US,http://www.footlighterstheater.com,,https://www.facebook.com/footlighterstheater/,https://www.instagram.com/footlighterstheater,MTI,https://www.mtishows.com/shows,extended run,Non-Professional,2026-08-18
Disney's Frozen Jr,Forsyth Academy Of Performing Arts,Academy,2026-10-23,2026-10-24,info@forsythapa.com,Production,"520 Industrial Way Ste B, Cumming, GA 30040",Cumming,GA,30040,US,http://www.forsythapa.com,(678) 468-1731,https://www.facebook.com/forsythapa,https://www.instagram.com/forsythperforms/,MTI,https://www.mtishows.com/shows,performance run,Non-Professional,2026-08-18
Frozen,Glens Falls Community Theatre,Charles R. Wood Theatre,2026-10-23,2026-10-25,gfcommunitytheatre@gmail.com,Production,"207 Glen Street, Glens Falls, NY 12801",Glens Falls,NY,12801,US,http://www.gfcommunitytheatre.org,,https://www.facebook.com/GlensFallsCommunityTheatre/,https://www.instagram.com/gfcommunitytheatre/,MTI,https://www.mtishows.com/shows,performance run,Non-Professional,2026-08-18
Ken Ludwig's Moriarty,Havens Auditorium - IUK,Havens Auditorium - IUK,2026-10-23,2026-10-25,info@kcctc.org,Production,"2300 S. Washington St., Kokomo, IN",Kokomo,IN,,US,http://www.kcctc.org,,https://www.google.com/url,https://www.google.com/url,CONCORD,https://www.concordtheatricals.com/p/96144/ken-ludwig-s-moriarty,performance run,Amateur,2026-08-18
Disney's Frozen Jr,Houston High School,Houston Elementary School,2026-10-23,2026-10-25,angi.mcandrews@hsd294.us,Production,"310 S. Sherman St., 310 S. Sherman St., Houston, MN 55919",Houston,MN,55919,US,https://www.houston.k12.mn.us/,,https://facebook.com/hhshurricanes,,MTI,https://www.mtishows.com/shows,performance run,School,2026-08-18
Disney's The Jungle Book Kids,Jitterug Performing Arts,Campbell Middle School,2026-10-23,2026-10-24,campbellmiddle@cobbk12.org,Production,"3295 Atlanta Rd Se, Smyrna, GA 30080",Smyrna,GA,30080,US,https://www.cobbk12.org/campbellms/,(678) 842-6873,https://www.facebook.com/cobbschools,,MTI,https://www.mtishows.com/shows,performance run,Non-Professional,2026-08-18
Disney's The Little Mermaid Jr,Kalamazoo Civic Theatre,Civic Auditorium,2026-10-23,2026-11-01,boxoffice@kazoocivic.com,Production,"329 South Park Street, Kalamazoo, MI 49007",Kalamazoo,MI,49007,US,http://www.kazoocivic.com,(269) 343-1313,https://www.facebook.com/KalamazooCivicTheatre,https://instagram.com/kazoocivic/,MTI,https://www.mtishows.com/shows,performance run,Non-Professional,2026-08-18
Come From Away,Live Arts,Live Arts,2026-10-23,2026-11-22,mandy@livearts.org,Production,"123 E Water St, Charlottesville, VA 22902-5218",Charlottesville,VA,22902-5218,US,http://livearts.org/,(434) 977-4177,https://www.facebook.com/livearts/,https://www.instagram.com/livearts,MTI,https://www.mtishows.com/shows,extended run,Non-Professional,2026-08-18
Bright Star,Manhattan School Of Music,Manhattan School of Music,2026-10-23,2026-10-25,boxoffice@msmnyc.edu,Production,"New York, NY",New York,NY,,US,http://www.msmnyc.edu,(212) 749-2802,https://www.facebook.com/msmnyc/,https://www.instagram.com/msm.nyc/,TRW,https://www.theatricalrights.com/show/bright-star/,performance run,,2026-08-18
The 25th Annual Putnam County Spelling Bee,Menlo School,Menlo School,2026-10-23,2026-10-25,info@menloschool.org,Production,"50 Valparaiso Avenue, Atherton, CA 94027",Atherton,CA,94027,US,http://www.menloschool.org,(650) 330-2000,https://www.facebook.com/MenloSchool/,,MTI,https://www.mtishows.com/shows,performance run,School,2026-08-18
Gypsy,Middletown Arts Center,Middletown Arts Center,2026-10-23,2026-11-01,artscenter@middletownnj.org,Production,"36 Church Street, Middletown, NJ",Middletown,NJ,,US,http://www.middletownarts.org,(732) 706-4100,https://www.facebook.com/middletown.arts.center.nj/,,CONCORD,https://www.concordtheatricals.com/p/65753/gypsy,performance run,Amateur,2026-08-18
Shrek The Musical,Northfield Arts Guild,Theatre at Northfield Arts Guild,2026-10-23,2026-11-08,info@northfieldartsguild.org,Production,"411 West Third, Northfield, MN 55057",Northfield,MN,55057,US,http://northfieldartsguild.org,(507) 645-8877,https://www.facebook.com/northfieldartsguild,https://www.instagram.com/northfield_arts_guild/,MTI,https://www.mtishows.com/shows,extended run,Non-Professional,2026-08-18
A Year With Frog And Toad-kids,Osceola Arts,Studio Theatre,2026-10-23,2026-10-25,boxoffice@osceolaarts.org,Production,"2411 E. Irlo Bronson Memorial Hwy, Kissimmee, FL 34744",Kissimmee,FL,34744,US,http://www.osceolaarts.org,4078466257,https://www.facebook.com/osceolaarts,https://www.instagram.com/osceolaarts,MTI,https://www.mtishows.com/shows,performance run,Non-Professional,2026-08-18
Little Women,Out Of Door Academy,Black Box Theatre Middle School,2026-10-23,2026-10-25,admissions@oda.edu,Production,"5950 Deer Dr., Sarasota, FL 34240",Sarasota,FL,34240,US,http://oda.edu,(941) 349-3223,https://www.facebook.com/theoutofdooracademy/,https://www.instagram.com/oda_thunder,MTI,https://www.mtishows.com/shows,performance run,School,2026-08-18
Richard O'Brien's The Rocky Horror Show,Performing Arts Community Center,Performing Arts Community Center,2026-10-23,2026-10-31,info@wacoindie.com,Production,"924 Austin Avenue Suite 150, Waco, TX",Waco,TX,,US,http://www.paccwaco.com,254-300-4447,,,CONCORD,https://www.concordtheatricals.com/p/2180/richard-o-brien-s-the-rocky-horror-show,performance run,Amateur,2026-08-18
Once On This Island Jr,Punahou High School,Dillingham Hall,2026-10-23,2026-10-24,drigg@punahou.edu,Production,"1601 Punahou Street, Honolulu, HI 96822",Honolulu,HI,96822,US,http://www.punahou.edu,(808) 944-5711,https://www.facebook.com/PunahouSchool,https://www.instagram.com/punahouschool/,MTI,https://www.mtishows.com/shows,performance run,School,2026-08-18
Little Shop Of Horrors,San Angelo Central High School,Brooks And Bates Theatre,2026-10-23,2026-10-25,bookings@sanangelopac.org,Production,"82 Gillis St., San Angelo, TX 76903",San Angelo,TX,76903,US,https://www.sanangelopac.org/the-brooks-bates-theatre,(325) 284-3825,https://www.facebook.com/SanAngeloPAC/,https://www.instagram.com/sanangelopac/,MTI,https://www.mtishows.com/shows,performance run,School,2026-08-18
Shrek The Musical,Shane Lalani Center For The Arts,Shane Lalani Center For The Arts,2026-10-23,2026-11-15,info@theshanecenter.org,Production,"Shane Lalani Center For The Arts, 415 E. Lewis St., Livingston, MT 59047",Livingston,MT,59047,US,http://www.theshanecenter.org,406-222-1420,https://www.facebook.com/TheShaneCenter,http://instagram.com/theshanecenter,MTI,https://www.mtishows.com/shows,extended run,Non-Professional,2026-08-18
Chitty Chitty Bang Bang,Shine Performing Arts Studio,Courtyard Theater,2026-10-23,2026-10-25,markth@plano.gov,Production,"1509 H Ave, Plano, TX 75074",Plano,TX,75074,US,https://www.visitplano.com/find-a-venue/courtyard-theater/,972-941-5600,https://www.facebook.com/visitplano,https://www.instagram.com/visitplano/,MTI,https://www.mtishows.com/shows,performance run,Non-Professional,2026-08-18
Dear Evan Hansen,Southwestern College,Richardson Performing Arts Center,2026-10-23,2026-10-25,webmaster@sckans.edu,Production,"100 College St., Winfield, KS 67156",Winfield,KS,67156,US,https://www.sckans.edu/other/richardson-performing-arts-center/,(800) 846-1543,https://www.facebook.com/SouthwesternCollegeKansas,http://instagram.com/moundbuilders,MTI,https://www.mtishows.com/shows,performance run,School,2026-08-18
The Addams Family Musical,Stage 13,Stage 13,2026-10-23,2026-10-31,christina@wildwoodpark.org,Production,"Little Rock, AR",Little Rock,AR,,US,http://wildwoodpark.org,,http://facebook.com/wildwoodparkforthearts,http://instagram.com/wildwoodparkforthearts,TRW,https://www.theatricalrights.com/show/addams-family-musical/,performance run,,2026-08-18
Disney's Finding Nemo Jr.,Sylvania Community Arts Commision,Franciscan Center,2026-10-23,2026-10-24,msample@lourdes.edu,Production,"6832 Convent Blvd., Sylvania, OH 43560",Sylvania,OH,43560,US,https://www.lourdes.edu/about-lourdes-2/franciscan-center-rentals/,(419) 517-8950,http://www.facebook.com/lourdesuniversity/,http://www.instagram.com/lourdesuniversity/,MTI,https://www.mtishows.com/shows,performance run,Non-Professional,2026-08-18
Shrek The Musical,"The Community House, Inc.- D.b.a Stage 284",The Community House,2026-10-23,2026-11-15,info@communityhouse.org,Production,"284 Bay Road, Hamilton, MA 01982",Hamilton,MA,1982,US,https://communityhouse.org/stage284/,(978) 468-4818,https://www.facebook.com/hwcommunityhouse,https://www.instagram.com/communityhousehw/,MTI,https://www.mtishows.com/shows,extended run,Non-Professional,2026-08-18
Sweeney Todd,Univ Of Colorado - College Of Music,Macky Auditorium,2026-10-23,2026-10-25,cupresents@colorado.edu,Production,"301 Ucb, Boulder, CO 80309",Boulder,CO,80309,US,https://cupresents.org/,(303) 492-8008,https://www.facebook.com/cupresents/,https://www.instagram.com/cupresents/,MTI,https://www.mtishows.com/shows,performance run,School,2026-08-18
Merrily We Roll Along,Univ Of Evansville,Shanklin Theatre,2026-10-23,2026-11-01,theatre@evansville.edu,Production,"1800 Lincoln Avenue, Evansville, IN 47722",Evansville,IN,47722,US,http://www.evansville.edu/majors/theatre/,(812) 488-2744,https://www.facebook.com/UETheatre,https://www.instagram.com/uetheatre/,MTI,https://www.mtishows.com/shows,performance run,School,2026-08-18
The Curious Incident of the Dog in the Night-Time,Victory Theater,Victory Theater,2026-10-23,2026-11-01,manager@arkansaspublictheatre.org,Production,"116 S 2nd St, Rogers, AR",Rogers,AR,,US,http://www.arkansaspublictheatre.org,4796318988,,,CONCORD,https://www.concordtheatricals.com/p/15082/the-curious-incident-of-the-dog-in-the-night-time,performance run,Amateur,2026-08-18
Mary Poppins,Waxahachie Community Theatre,University Church,2026-10-23,2026-10-25,wct.texas@gmail.com,Production,"221 Solon Road, Waxahachie, TX 75165",Waxahachie,TX,75165,US,http://www.waxahachiecommunitytheatre.com,(972) 646-1050,https://www.facebook.com/wct.texas,https://www.instagram.com/wcttexas,MTI,https://www.mtishows.com/shows,performance run,Non-Professional,2026-08-18
The Play That Goes Wrong (High School Edition),Waynesville High School Auditorium,Waynesville High School Auditorium,2026-10-23,2026-10-25,traveltrackerrouting@app-garden.com,Production,"200 GW Lane, Waynesville, MO",Waynesville,MO,,US,http://www.waynesville.k12.mo.us,(573) 842-2000,https://www.facebook.com/WayTigers,https://www.instagram.com/waynesville_tiger_pr/,CONCORD,https://www.concordtheatricals.com/p/101014/the-play-that-goes-wrong-high-school-edition,performance run,Amateur,2026-08-18
Shrek The Musical Jr,"Winter Springs Performing Arts,inc",The Stage,2026-10-23,2026-10-25,info@winterspringsarts.org,Production,"1425 Tuskawilla Rd #145, Winter Springs, FL 33837",Winter Springs,FL,33837,US,http://www.winterspringsarts.org,4073595309,https://www.facebook.com/wix,https://www.instagram.com/wix,MTI,https://www.mtishows.com/shows,performance run,Non-Professional,2026-08-18
Madagascar-a Musical Adventure Kids,Ft Wayne Youtheatre,Allen County Public Library,2026-10-24,2026-10-24,lisa@fireandlightproductions.com,Production,"900 Library Plaza, Fort Wayne, IN 46802",Fort Wayne,IN,46802,US,http://fireandlightproductions.com,,http://facebook.com/FnLAcad,https://www.instagram.com/fireandlightproductions/,MTI,https://www.mtishows.com/shows,performance run,Non-Professional,2026-08-18
Beetlejuice Jr.,Kids Theatre Network,Bornemann Theatre,2026-10-24,2026-10-25,info@campusoflife.org,Production,"555 Deer Springs Road, San Marcos, CA 92069",San Marcos,CA,92069,US,http://www.thebornemann.com/,(858) 356-4546,https://www.facebook.com/thebornemanntheatre,https://www.instagram.com/thebornemann,MTI,https://www.mtishows.com/shows,performance run,Non-Professional,2026-08-18
9 To 5 Jr.,Summit Theatre Group,Lee's Summit West High School,2026-10-24,2026-10-24,info@summittheatre.org,Production,"2600 Sw Ward Road, Lees Summit, MO 64082",Lees Summit,MO,64082,US,http://www.summittheatre.org,(816) 272-5451,https://www.facebook.com/SummitTheatreGroup,https://www.instagram.com/stgtheatre,MTI,https://www.mtishows.com/shows,performance run,Non-Professional,2026-08-18
The Great American Trailer Park Musical,The WesternStage,The WesternStage,2026-10-24,2026-11-15,westernstage@hartnell.edu,Production,"411 Central Avenue, Salinas, CA",Salinas,CA,,US,http://www.westernstage.com,(831) 755-6816,https://www.facebook.com/westernstage/,https://www.instagram.com/westernstage/,CONCORD,https://www.concordtheatricals.com/p/14517/the-great-american-trailer-park-musical,extended run,Amateur,2026-08-18
The Addams Family Musical: Younger@PartÂ®,"Treehouse Theater, Inc",Treehouse Theater,2026-10-24,2026-10-25,info@treehousetheater.com,Production,"Manitowoc, WI",Manitowoc,WI,,US,http://www.treehousetheater.com,(920) 234-5022,http://www.facebook.com/treehousetheater.manitowoc,https://www.instagram.com/thtdrama/,TRW,https://www.theatricalrights.com/show/addams-family-younger-at-part/,performance run,,2026-08-18
Singin' In The Rain Sr.,Players Theatre Of The Villages,Ezellrecreation Center,2026-10-25,2027-02-21,info.playerstheatre@gmail.com,Production,"769 Marilee Rd, The Villages, FL 32163",The Villages,FL,32163,US,http://www.playerstheatreofsouthernoaks.com,,https://www.facebook.com/The-Everglades-Players-Theatre-of-Southern-Oaks-412414649483992,,MTI,https://www.mtishows.com/shows,extended run,Non-Professional,2026-08-18
Annie Jr,Crete High School,Crete Middle School Auditorium,2026-10-27,2026-10-27,lindsey.knutson@creteschools.org,Production,"1500 E. 15th Street, Crete, NE 68333",Crete,NE,68333,US,http://www.creteschools.org,(402) 826-5855,https://www.facebook.com/CretePublicSchools,,MTI,https://www.mtishows.com/shows,performance run,School,2026-08-18
Disney's Frozen Kids,Christian Youth Theater Colorado Springs,Cyt Performing Arts Center,2026-10-28,2026-10-29,kyla@cytcoloradosprings.org,Production,"5805 Mark Dabling Blvd, Suite 120, Colorado Springs, CO 80919",Colorado Springs,CO,80919,US,http://cytcoloradosprings.org,(619) 964-2785,https://www.facebook.com/CYTColoradoSprings/,,MTI,https://www.mtishows.com/shows,performance run,Non-Professional,2026-08-18
The Music Man Kids,6th Street Playhouse,6th Street Studio Theatre,2026-10-29,2026-11-01,boxoffice@6thstreetplayhouse.com,Production,"52 West 6th Street, Santa Rosa, CA 95401",Santa Rosa,CA,95401,US,http://www.6thstreetplayhouse.com,(707) 523-4185,https://www.facebook.com/6thStreetPlayhouse,https://www.instagram.com/6thstplayhouse,MTI,https://www.mtishows.com/shows,performance run,Non-Professional,2026-08-18
Between The Lines Jr.,Aubry Bend Middle School,Aubry Bend Middle School,2026-10-29,2026-10-30,ejpunswick@bluevalleyk12.org,Production,"12501 W 175th Street, Overland Park, KS 66062",Overland Park,KS,66062,US,http://www.bluevalleyk12.org,(913) 239-4000,https://www.facebook.com/BlueValleySchoolDistrict/,https://www.instagram.com/bv_schools/,MTI,https://www.mtishows.com/shows,performance run,Non-Professional,2026-08-18
Beetlejuice Jr.,Audience Of One Youth Theater,West Bowles Community Church,2026-10-29,2026-10-31,admin@ao1theater.org,Production,"12325 W Bowles Ave, Littleton, CO 80127",Littleton,CO,80127,US,http://ao1theater.org,(303) 995-9192,https://www.facebook.com/ao1theater/,https://www.instagram.com/audienceofonetheater/,MTI,https://www.mtishows.com/shows,performance run,Non-Professional,2026-08-18
How To Train Your Dragon The Musical Jr.,Bayshore Christian School,Bayshore Christian School,2026-10-29,2026-10-31,bguzman@bayshorechristianschool.org,Production,"3090 South Mac Dill Avenue, Tampa, FL 33611",Tampa,FL,33611,US,http://www.bayshorechristianschool.org,(813) 839-4297,https://www.facebook.com/bcstampa,https://www.instagram.com/bcstampa/,MTI,https://www.mtishows.com/shows,performance run,School,2026-08-21
Jaja's African Hair Braiding,Bowie Center for the Performing Arts- Bowie High School,Bowie Center for the Performing Arts- Bowie High School,2026-10-29,2026-10-30,bcpa15200@gmail.com,Production,"15200 Annapolis Rd., Bowie, MD",Bowie,MD,,US,http://www.bowiecenter.org,(301) 805-6880,https://www.facebook.com/Bowie-Center-for-the-Performing-Arts-112018811274431/,https://www.instagram.com/bcpa.md/,CONCORD,https://www.concordtheatricals.com/p/99411/jaja-s-african-hair-braiding,performance run,Amateur,2026-08-18
Shrek The Musical,Central Lyon High School,Auditorium at Central Lyon High School,2026-10-29,2026-11-01,bjorth@centrallyon.org,Production,"1105 S Story Street, Rock Rapids, IA 51246",Rock Rapids,IA,51246,US,http://www.centrallyon.org,(712) 472-2664,https://www.facebook.com/CLlions/,,MTI,https://www.mtishows.com/shows,performance run,School,2026-08-18
The Crucible,City Lights Theater Company,City Lights Theater,2026-10-29,2026-11-01,info@cltc.org,Production,"529 S 2nd St, San Jose,, CA","San Jose,",CA,,US,http://www.cltc.org,(408) 295-4200,https://www.facebook.com/citylightstheater,https://instagram.com/citylightstheater,CONCORD,https://www.concordtheatricals.com/p/7459/the-crucible,performance run,Amateur,2026-08-18
Rent,Cleveland State Univ,Allen Theatre,2026-10-29,2026-11-08,salesandservices@playhousesquare.org,Production,"1407 Euclid Avenue, Cleveland, OH 44115",Cleveland,OH,44115,US,http://www.playhousesquare.org,(216) 771-4444,http://www.facebook.com/playhousesquare,http://www.instagram.com/playhousesquare,MTI,https://www.mtishows.com/shows,performance run,School,2026-08-18
Wonderland,Highlands High School,Performing Arts Center,2026-10-29,2026-11-01,mbonnett@goldenrams.com,Organizations,"2400 Memorial Parkway, Ft Thomas, KY 41075",Ft Thomas,KY,41075,US,,,,,MTI,https://www.mtishows.com/shows,performance run,School,2026-08-18
Come From Away,Lawrence University Theatre Dept,Lawrence University,2026-10-29,2026-10-31,web_marketing@lawrence.edu,Production,"711 E Boldt Way, Appleton, WI 54911",Appleton,WI,54911,US,http://www.lawrence.edu,(920) 832-7000,https://www.facebook.com/lawrenceuni,https://instagram.com/lawrenceuni,MTI,https://www.mtishows.com/shows,performance run,School,2026-08-18
Richard O'Brien's The Rocky Horror Show,Little Theatre of Wilkes-Barre,Little Theatre of Wilkes-Barre,2026-10-29,2026-11-01,webadmin@ltwb.org,Organizations,"537 North Main St, Wilke-Barre, PA",Wilke-Barre,PA,,US,,,,,CONCORD,https://www.concordtheatricals.com/p/2180/richard-o-brien-s-the-rocky-horror-show,performance run,Amateur,2026-08-18
Come From Away,Medicine Hat Firehall Theatre Society,Medicin E Hat College,2026-10-29,2026-11-15,info@mhc.ab.ca,Production,"299 College Drive Se, Medicine Hat, AB T1A 4K1, CA",Medicine Hat,AB,T1A 4K1,CA,https://www.mhc.ab.ca/,+1-403-529-3811,http://www.facebook.com/MHCollege,https://www.instagram.com/mhcollege/,MTI,https://www.mtishows.com/shows,extended run,Non-Professional,2026-08-18
Lucky Stiff,New World School Of The Arts-theater Division,Studio 5902,2026-10-29,2026-10-31,dandai@mdc.edu,Production,"25 Ne 2nd Street, Room 5901, Miami, FL 33132-2297",Miami,FL,33132-2297,US,http://nwsa.mdc.edu,(305) 237-3135,https://www.facebook.com/New-World-School-of-the-Arts-54395903197/,https://www.instagram.com/nwsaschool/,MTI,https://www.mtishows.com/shows,performance run,School,2026-08-18
Beetlejuice Jr.,Northampton Academy Of Music Inc,Northampton Academy Of Music,2026-10-29,2026-10-30,boxoffice@aomtheatre.com,Production,"274 Main Street, Northampton, MA 01060",Northampton,MA,1060,US,http://www.aomtheatre.com,(413) 584-9032,https://www.facebook.com/academyofmusictheatre,https://www.instagram.com/aomtheatre/,MTI,https://www.mtishows.com/shows,performance run,Non-Professional,2026-08-18
The Play That Goes Wrong,Providence Academy,Providence Academy,2026-10-29,2026-11-01,info@providenceacademy.com,Organizations,"15100 Schmidt Lake Road, Plymouth, MN",Plymouth,MN,,US,,,,,CONCORD,https://www.concordtheatricals.com/p/98605/the-play-that-goes-wrong,performance run,Amateur,2026-08-18
Beetlejuice Jr.,Reel Kids,Reel Kids,2026-10-29,2026-11-01,karijensen129@gmail.com,Production,"3063 Sterling Circle Unit 5, Boulder, CO 80301",Boulder,CO,80301,US,http://www.myreelkids.com,(720) 896-0504,https://www.facebook.com/myreelkids,https://www.instagram.com/reelkids/,MTI,https://www.mtishows.com/shows,performance run,Non-Professional,2026-08-18
The Play That Goes Wrong,Rust Flexible Theatre,Rust Flexible Theatre,2026-10-29,2026-11-01,ssteffens@semo.edu,Production,"518 S. Fountain Street, Cape Girardeau, MO",Cape Girardeau,MO,,US,http://www.semo.edu/theatreanddance,(573) 651-2149,https://www.facebook.com/SEConservatoryTheatre/,https://www.instagram.com/seconservatorydance/,CONCORD,https://www.concordtheatricals.com/p/98605/the-play-that-goes-wrong,performance run,Amateur,2026-08-18
Trolls The Musical Jr.,"Soho Performing Arts, Llc",Franklin Park Arts Center,2026-10-29,2026-10-30,info@franklinparkartscenter.org,Production,"36441 Blueridge View Ln,, Purcellville, VA 20132",Purcellville,VA,20132,US,https://www.franklinparkartscenter.org,(540) 338-7973,https://www.facebook.com/franklinpark.artscenter,https://instagram.com/franklinparkartscenter,MTI,https://www.mtishows.com/shows,performance run,Non-Professional,2026-08-18
Witness for the Prosecution,The Cottage Theatre,The Cottage Theatre,2026-10-29,2026-11-07,mail@centerforhomeeducation.com,Production,"5733 Watauga Road, Watauga, TX",Watauga,TX,,US,http://www.centerforhomeeducation.com,817-281-2293,https://www.facebook.com/thecenterforhomeeducation,https://www.instagram.com/thecenterforhomeeducation/,CONCORD,https://www.concordtheatricals.com/p/1060/witness-for-the-prosecution,performance run,Amateur,2026-08-18
Rent,University Of Memphis,Mainstage Theatre,2026-10-29,2026-11-01,universityofmemphis@memphis.edu,Production,"144 Theatre Communication Bldg, Memphis, TN 38152",Memphis,TN,38152,US,http://www.memphis.edu/theatre,(901) 678-2000,https://www.facebook.com/uofmemphis/,https://www.instagram.com/uofmemphis/,MTI,https://www.mtishows.com/shows,performance run,School,2026-08-18
Sweeney Todd School Edition,Valley Theater Company Dba Princess Theater,Valley Theater Company,2026-10-29,2026-11-01,info@prosserprincess.com,Production,"1228 Meade Ave, Prosser, WA 99350",Prosser,WA,99350,US,http://www.theprincesstheatre.net,(509) 786-2180,https://www.facebook.com/ProsserPrincessTheatre,https://www.instagram.com/prosserprincess/,MTI,https://www.mtishows.com/shows,performance run,Non-Professional,2026-08-26
Spring Awakening,Willamette University,M Lee Pelton Theatre,2026-10-29,2026-11-15,info@willamette.edu,Production,"900 State St, Salem, OR 97301-3930",Salem,OR,97301-3930,US,http://wutheatre.com,(503) 370-6221,https://www.facebook.com/WUTheatre,https://www.instagram.com/wutheatre/,MTI,https://www.mtishows.com/shows,extended run,School,2026-08-18
Little Shop Of Horrors,Bethel High School,Bethel High School,2026-10-30,2026-11-01,brooksk@bethel.k12.ct.us,Production,"300 Whittlesey Drive, Bethel, CT 06801",Bethel,CT,6801,US,http://www.bethel.k12.ct.us,(203) 794-8601,https://www.facebook.com/BethelPublicSchoolsCT,https://www.instagram.com/christinelcarver/,MTI,https://www.mtishows.com/shows,performance run,School,2026-08-18
Failure: A Love Story,Centennial High School Auditorium,Centennial High School Auditorium,2026-10-30,2026-11-07,jacob_traver@hcpss.org,Production,"4300 Centennial Lane, Ellicott City, MD",Ellicott City,MD,,US,https://sites.google.com/hcpss.org/skyward-theatre-centennial-hs/home,,https://www.google.com/url,,CONCORD,https://www.concordtheatricals.com/p/99265/failure-a-love-story,performance run,Amateur,2026-08-18
1776,Centerstage Church- Dba Zao Theatre,Zao Theatre,2026-10-30,2026-11-21,shows@zaotheatre.org,Production,"6338 S Kings Ranch Rd, Gold Canyon, AZ 85118",Gold Canyon,AZ,85118,US,http://www.zaotheatre.org,(480) 924-5122,,,MTI,https://www.mtishows.com/shows,extended run,Non-Professional,2026-08-18
Frozen,Childrens Theatre Of Annapolis,Childrens Theatre Of Annapolis,2026-10-30,2026-11-15,info@childrenstheatreofannapolis.org,Production,"1661 Bay Head Road, Annapolis, MD 21409",Annapolis,MD,21409,US,http://childrenstheatreofannapolis.org,(410) 757-2281,https://www.facebook.com/ChildrensTheatreofAnnapolis,https://www.instagram.com/childrenstheatreofannapolis/,MTI,https://www.mtishows.com/shows,extended run,Non-Professional,2026-08-18
Beetlejuice Jr.,Cr Music Dba Bach To Rock Of Coon Rapids,Davince Academy,2026-10-30,2026-10-31,enrollment@davincicharterschool.org,Production,"532 Bunker Lake Blvd Ne, Ham Lake, MN 55304",Ham Lake,MN,55304,US,https://davincicharterschool.org/,(763) 754-6577,https://www.facebook.com/davincicharterschool/,https://www.instagram.com/davincicharterschool/,MTI,https://www.mtishows.com/shows,performance run,Non-Professional,2026-08-18
Disney's The Little Mermaid Kids,Faith Christian School,First United Methodist Church/fcs,2026-10-30,2026-10-30,aslan@fcs-k12.org,Production,"3105 Colusa Highway, Yuba City, CA 95993",Yuba City,CA,95993,US,https://www.fcs-k12.org/fine-arts/fcsplayers-history.cfm,(530) 674-5474,https://www.facebook.com/FCS.k12,https://www.instagram.com/fcs_k12/,MTI,https://www.mtishows.com/shows,performance run,School,2026-08-28
Eurydice,Macklanburg Playhouse,Macklanburg Playhouse,2026-10-30,2026-11-01,info@stephens.edu,Production,"100 Willis Ave, COLUMBIA, MO",COLUMBIA,MO,,US,http://www.stephens.edu,(573) 442-2211,https://www.facebook.com/stephenscollege,https://www.instagram.com/stephenscollege/,CONCORD,https://www.concordtheatricals.com/p/2949/eurydice,performance run,Amateur,2026-08-18
Misery,Mary Godfrey Playhouse,Mary Godfrey Playhouse,2026-10-30,2026-11-15,info@littletheatre.org,Production,"2706 East Pershing Blvd, Cheyenne, WY",Cheyenne,WY,,US,http://www.cheyennelittletheatre.org,3076386543,https://www.facebook.com/CLTPCheyenne/,https://www.instagram.com/cheyennelittletheatre,CONCORD,https://www.concordtheatricals.com/p/98619/misery,extended run,Amateur,2026-08-21
Richard O'Brien's The Rocky Horror Show,Orange Community Players,Orange Community Players,2026-10-30,2026-11-07,info@ocplayers.org,Production,"708 W Division, Orange, TX",Orange,TX,,US,http://www.ocplayers.org,(409) 440-7482,https://www.facebook.com/OCPlayers,https://www.instagram.com/ocplayers/,CONCORD,https://www.concordtheatricals.com/p/2180/richard-o-brien-s-the-rocky-horror-show,performance run,Amateur,2026-08-18
Beetlejuice Jr.,Pope County Drama Club,Pope County High School,2026-10-30,2026-11-01,cpoole@popek12.org,Production,"125 State Highway 146 West, Golconda, IL 62938",Golconda,IL,62938,US,http://popek12.org,(618) 683-2301,,,MTI,https://www.mtishows.com/shows,performance run,School,2026-08-18
Peter Pan Jr,Providence Christian Academy,Auditorium at Providence Christian Academy,2026-10-30,2026-11-01,pca.storm@providencechristianacademy.org,Organizations,"410 Dejarnette Lane, Murfreesboro, TN 37130",Murfreesboro,TN,37130,US,,,,,MTI,https://www.mtishows.com/shows,performance run,Non-Professional,2026-08-18
Alice By Heart,Providence College,Angell Blackfriars Theatre,2026-10-30,2026-11-08,web@providence.edu,Production,"1 Cunningham Square, Providence, RI 02918",Providence,RI,2918,US,http://www.providence.edu/theatre,(401) 865-2327,http://www.facebook.com/pctdf,,MTI,https://www.mtishows.com/shows,performance run,School,2026-08-18
Caroline Or Change,Rockville Musical Theatre,F. Scott Fitzgerald Theatre,2026-10-30,2026-11-15,contact@r-m-t.org,Production,"603 Edmonston Dr, Rockville, MD 20851",Rockville,MD,20851,US,http://www.r-m-t.org/,,https://www.facebook.com/rockvillemusicaltheatre/,https://www.instagram.com/rockvillemusicaltheatre/,MTI,https://www.mtishows.com/shows,extended run,Non-Professional,2026-08-18
10 Ways to Survive the Zombie Apocalypse,The Warehouse at E Street,The Warehouse at E Street,2026-10-30,2026-10-30,info@harfordmusicandarts.com,Production,"2113 Columbia Park Rd, Edgewood, MD",Edgewood,MD,,US,http://www.harfordmusicandarts.com,5405997163,https://www.facebook.com/HarfordMusicAndArtsAcademy,https://www.instagram.com/voicesharco/,CONCORD,https://www.concordtheatricals.com/p/99269/10-ways-to-survive-the-zombie-apocalypse,performance run,Amateur,2026-08-28
Crimes of the Heart,Western Connecticut State University,Western Connecticut State University,2026-10-30,2026-11-08,admissions@wcsu.edu,Production,"181 White Street, Danbury, CT",Danbury,CT,,US,http://wcsu.edu,(203) 837-8900,http://www.facebook.com/westconn,http://www.instagram.com/westconn,CONCORD,https://www.concordtheatricals.com/p/11501/crimes-of-the-heart,performance run,Amateur,2026-08-18
Urinetown,Westminster Presbyterian Church,Westminster Theatre,2026-10-30,2026-11-15,church@westminstersd.org,Production,"3598 Talbot St., San Diego, CA 92107",San Diego,CA,92107,US,http://www.vanguardsd.org,619-223-3193,https://www.facebook.com/pg/VanguardTheatreSD,https://www.instagram.com/vanguardtheatresd/,MTI,https://www.mtishows.com/shows,extended run,Non-Professional,2026-08-18
A Little Night Music,New York Univ/tisch School Of The Arts,Theater 104,2026-10-31,2026-11-07,info@itp.nyu.edu,Production,"113 Second Avenue, New York, NY 10003",New York,NY,10003,US,http://www.nyu.edu/tisch/drama,(212) 998-1900,https://www.facebook.com/TischDrama,https://instagram.com/tischdrama,MTI,https://www.mtishows.com/shows,performance run,School,2026-08-18
Annie,The Footlight Club,Footlight Club,2026-10-31,2026-11-15,info@footlight.org,Production,"Eliot Hall, 7a Eliot Street, Jamaica Plain, MA 02130",Jamaica Plain,MA,2130,US,http://www.footlight.org,,https://www.facebook.com/footlightclub/,https://www.instagram.com/footlightclub/,MTI,https://www.mtishows.com/shows,extended run,Non-Professional,2026-08-18
[title of show] (clean version),Stadium Theatre Marquee Room,Stadium Theatre Marquee Room,2026-11-01,2026-11-08,info@envisionsuccess.net,Production,"28 Monument Square, Woonsocket, RI",Woonsocket,RI,,US,http://www.stadiumtheatre.com,(401) 762-4545,https://www.facebook.com/StadiumTheatre,https://www.instagram.com/stadium_theatre/,CONCORD,https://www.concordtheatricals.com/p/65875/title-of-show-clean-version,performance run,Amateur,2026-08-18
Annie Kids,Monterey Bay Charter School,Monterey Bay Charter School,2026-11-02,2026-12-20,office@mbcharterschool.org,Production,"1004 David Ave., Pacific Grove, CA 93950",Pacific Grove,CA,93950,US,http://www.mbayschool.org,(831) 655-4638,https://www.facebook.com/MontereyBayCharterSchool/,https://www.instagram.com/monterey_bay_charter_school/,MTI,https://www.mtishows.com/shows,extended run,Non-Professional,2026-08-18
A Year With Frog And Toad- Tya,Berkeley High School,Richard And Rhoda Goldman Theater,2026-11-03,2026-11-15,contact@browercenter.org,Production,"2150 Allston Way, Berkeley, CA 94704",Berkeley,CA,94704,US,https://browercenter.org/event-room/goldman-theater/,(510) 809-0900,https://www.facebook.com/davidbrowercenter/,https://www.instagram.com/browercenter/,MTI,https://www.mtishows.com/shows,performance run,School,2026-08-18
Young Frankenstein,Eastern Kentucky University,Eku Theatre Gifford,2026-11-04,2026-11-08,admissions@eku.edu,Production,"Eastern Kentucky University, 521 Lancaster Ave, Richmond, KY 40475",Richmond,KY,40475,US,http://theatre.eku.edu,(859) 622-1000,https://www.facebook.com/MusicEKU/,https://www.instagram.com/easternkentuckyu,MTI,https://www.mtishows.com/shows,performance run,School,2026-08-18
Disney's 101 Dalmatians Kids,Encore Community Arts,Trinity Lutheran Church,2026-11-04,2026-11-07,info@encorecommunity.org,Production,"17750 Knollwood Dr., Monument,, CO 80132","Monument,",CO,80132,US,http://encorecommunityarts.org,(719) 301-7842,https://www.facebook.com/profile.php,https://www.instagram.com/encorecoarts/,MTI,https://www.mtishows.com/shows,performance run,Non-Professional,2026-08-18
Disney's Finding Nemo Kids,Grace Brethren Jr/sr High School,Grace Elementary,2026-11-04,2026-11-05,dmunden@gracebrethren.com,Production,"1717 Arcane St, Simi Valley, CA 93065",Simi Valley,CA,93065,US,http://www.gracebrethren.com,(805) 582-4270,,,MTI,https://www.mtishows.com/shows,performance run,School,2026-08-18
Madagascar-a Musical Adventure Kids,Graland Country Day School,Fries Theatre,2026-11-04,2026-11-05,karinbisogno@me.com,Production,"55 Clermont Street, Denver, CO 80220",Denver,CO,80220,US,http://www.graland.org,303-399-0390,https://www.facebook.com/gralandcountryday,https://www.instagram.com/gralandcountrydayschool/,MTI,https://www.mtishows.com/shows,performance run,Non-Professional,2026-08-18
The 25th Annual Putnam County Spelling Bee,Ithaca College,Hoerner Theatre,2026-11-04,2026-11-09,mtd@ithaca.edu,Production,"953 Danby Road, Ithaca, NY 14850",Ithaca,NY,14850,US,http://www.ithaca.edu/theatre,(607) 274-7300,https://www.facebook.com/IthacaMTD,https://www.instagram.com/ithacamtd/,MTI,https://www.mtishows.com/shows,performance run,School,2026-08-18
Beetlejuice Jr.,Lakeview Academy-high School,Brenau Downtown Center,2026-11-04,2026-11-07,info@lakeviewacademy.org,Production,"301 Main Street Sw, Gainesville, GA 30501",Gainesville,GA,30501,US,http://lakeviewacademy.org,(770) 532-4383,https://www.facebook.com/LakeviewAcademy,http://instagram.com/lakeview_academy/,MTI,https://www.mtishows.com/shows,performance run,School,2026-08-18
Noises Off,Mukund S. Kulkarni Theatre,Mukund S. Kulkarni Theatre,2026-11-04,2026-11-07,kulkarniboxoffice@psu.edu,Production,"777 West Harrisburg Pike, Middletown, PA",Middletown,PA,,US,https://harrisburg.psu.edu/kulkarni-theatre,(717) 948-6000,https://www.facebook.com/pennstateharrisburg,https://instagram.com/pennstateharrisburg,CONCORD,https://www.concordtheatricals.com/p/2894/noises-off,performance run,Amateur,2026-08-18
Treasure Island: A New Adventure,Saint George's School,Saint George's School,2026-11-04,2026-11-05,communitysupport@sgs.org,Production,"2929 W Waikiki Rd, Spokane, WA",Spokane,WA,,US,http://sgs.org,(509) 466-1636,https://www.facebook.com/sgs.spokane/,https://www.instagram.com/sgsdragons/,CONCORD,https://www.concordtheatricals.com/p/99548/treasure-island-a-new-adventure,performance run,Amateur,2026-08-21
Shrek The Musical,Seattle Academy Of Arts And Sciences,Seattle Academy Of Arts And Science,2026-11-04,2026-11-07,collegeadvising@seattleacademy.org,Production,"1201 East Union, Seattle, WA 98122",Seattle,WA,98122,US,http://www.seattleacademy.org,(206) 323-6600,https://www.facebook.com/seattleacademy/,https://www.instagram.com/seattleacademy/,MTI,https://www.mtishows.com/shows,performance run,School,2026-08-18
Into The Woods,St Josephs University,St Josephs University Theatre,2026-11-04,2026-11-08,webs@sju.edu,Production,"Boland Hall, 5600 City Avenue, Philadelphia, PA 19131",Philadelphia,PA,19131,US,http://sju.edu,(610) 660-1000,https://www.facebook.com/saintjosephsuniversity,https://www.instagram.com/saintjosephs,MTI,https://www.mtishows.com/shows,performance run,School,2026-08-18
Roald Dahl's Matilda The Musical,Academy For Dramatic Arts,Academy For Dramatic Arts,2026-11-05,2026-11-15,afdaberea@gmail.com,Production,"23114 West Road, Olmsted Falls, OH 44138",Olmsted Falls,OH,44138,US,http://www.academyfordramaticarts.net,,http://facebook.com/afdaberea,http://instagram.com/academyfordramaticarts,MTI,https://www.mtishows.com/shows,performance run,Non-Professional,2026-08-18
Frozen,Amelia Musical Playhouse,Amelia Musical Playhouse,2026-11-05,2026-11-22,info@ameliamusicalplayhouse.com,Production,"1930 Woodrow Dr, Fernandina Beach, FL 32034",Fernandina Beach,FL,32034,US,http://www.ameliamusicalplayhouse.com,(904) 277-3455,https://www.facebook.com/AmeliaMusicalPlayhouse/,http://instagram.com/ameliamusicalplayhouse,MTI,https://www.mtishows.com/shows,extended run,Non-Professional,2026-08-18
The Wizard of Oz (RSC Version),American Heritage School,American Heritage School,2026-11-05,2026-11-07,mediarelations@ahschool.com,Organizations,"736 North 1100 East, American Fork, UT",American Fork,UT,,US,,,,,CONCORD,https://www.concordtheatricals.com/p/65772/the-wizard-of-oz-rsc-version,performance run,Amateur,2026-08-18
Xanadu Jr.,American Heritage Summer Camp,American Heritage Main Theatre,2026-11-05,2026-11-06,mediarelations@ahschool.com,Production,"12200 West Broward Blvd, Plantation, FL 33325",Plantation,FL,33325,US,http://ahschool.com,(954) 472-0022,https://www.facebook.com/ahschoolbroward,https://www.instagram.com/americanheritagebroward/,MTI,https://www.mtishows.com/shows,performance run,Non-Professional,2026-08-18
Children Of Eden Jr.,Beachside High School,Beachside High School,2026-11-05,2026-11-07,greg.bergamasco@stjohns.k12.fl.us,Production,"200 Great Barracuda Way, St. Johns, FL 32259",St. Johns,FL,32259,US,https://www-bhs.stjohns.k12.fl.us/,(904) 547-4400,,,MTI,https://www.mtishows.com/shows,performance run,School,2026-08-28
Frozen,Bellows Free Academy,Bellows Free Academy,2026-11-05,2026-11-07,rmasse@fwsu.org,Production,"Hunt Street, Fairfax, VT 05454",Fairfax,VT,5454,US,http://www.bfafairfax.com,(802) 849-6711,https://www.facebook.com/bfafairfax,,MTI,https://www.mtishows.com/shows,performance run,School,2026-08-20
Godspell-2012 Revised Version,Bethel University,Bethel University,2026-11-05,2026-11-14,admissions@betheluniversity.edu,Production,"Everest Rohrer Chapel/fine Arts Ctr, 1001 Bethel Cir, Mishawaka, IN 46545-2232",Mishawaka,IN,46545-2232,US,http://betheluniversity.edu,(574) 807-7000,https://www.facebook.com/BethelUniversityIndiana/,https://www.instagram.com/bethelindiana/,MTI,https://www.mtishows.com/shows,performance run,School,2026-08-18
Something Rotten! Jr.,Braver Players Theater Company,Braver Players Studio,2026-11-05,2026-11-15,contactbraverplayers@gmail.com,Production,"151 Kalmus Unit H9, Costa Mesa, CA 92626",Costa Mesa,CA,92626,US,http://www.braverplayers.org,,https://www.facebook.com/Braver-Players-Theater-Company-225936854216204/,https://www.instagram.com/braverplayers_theater/,MTI,https://www.mtishows.com/shows,performance run,Non-Professional,2026-08-18
Spring Awakening,Brown University,Stuart Theatre,2026-11-05,2026-11-15,taps@brown.edu,Production,"77 Waterman St, Providence, RI 02912",Providence,RI,2912,US,http://www.brown.edu/academics/theatre-arts-performance-studies,(401) 863-1000,https://www.facebook.com/pages/TAPS-at-Brown/100262813147,https://instagram.com/browntheatre,MTI,https://www.mtishows.com/shows,performance run,School,2026-08-18
Annie Jr,Community Park District Of La Grange Park,Mario Parente Theater,2026-11-05,2026-11-08,info@communityparkdistrict.org,Production,"1s325 Ardmore Ave., Oakbrook Terrace, IL 60180",Oakbrook Terrace,IL,60180,US,http://www.communityparkdistrict.org,(708) 354-4580,https://www.facebook.com/pages/Community-Park-District/205917612110,,MTI,https://www.mtishows.com/shows,performance run,Non-Professional,2026-08-18
Little Shop Of Horrors,Concordia University Theatre Arts,Concordia University Theatre Arts,2026-11-05,2026-11-08,admissions@cuw.edu,Production,"12800 N Lake Shore Drive, Mequon, WI 53092",Mequon,WI,53092,US,http://www.cuw.edu,+1-877-437-2291,https://www.facebook.com/CUWisconsin,https://www.instagram.com/CUWisconsin,MTI,https://www.mtishows.com/shows,performance run,School,2026-08-18
The Miracle Worker,Edmond North High School,Edmond North High School,2026-11-05,2026-11-07,dillon.rasberry@edmondschools.net,Production,"215 W. Danforth Road, Edmond, OK",Edmond,OK,,US,https://sites.google.com/edmondschools.net/edmondnorththeatre/about,(405) 726-7228,,,CONCORD,https://www.concordtheatricals.com/p/2824/the-miracle-worker,performance run,Amateur,2026-08-18
Shrek The Musical,First City Players,Ketchikan High School (kayhi Aud),2026-11-05,2026-11-14,schoolblocks@k21schools.org,Production,"2610 Fourth Avenue, Ketchikan, AK 99901",Ketchikan,AK,99901,US,http://www.kgbsd.org,(907) 247-2109,https://www.facebook.com/KetchikanGatewayBoroughSchoolDistrict/,,MTI,https://www.mtishows.com/shows,performance run,Non-Professional,2026-08-21
The Last Days of Judas Iscariot,Kennesaw State University,Kennesaw State University,2026-11-05,2026-11-15,cmeacham@kennesaw.edu,Production,"471 Bartow Ave. NW, Kennesaw, GA",Kennesaw,GA,,US,http://arts.kennesaw.edu/theatre,(470) 578-4636,https://www.facebook.com/KennesawStateTheatreandPerformanceStudies,https://www.instagram.com/ksu_tps/,CONCORD,https://www.concordtheatricals.com/p/14585/the-last-days-of-judas-iscariot,performance run,Amateur,2026-08-18
Annie,Marathon Community Theatre,Marathon Community Theatre,2026-11-05,2026-11-28,info@marathontheater.org,Production,"5101 Overseas Highway, Marathon, FL 33050",Marathon,FL,33050,US,http://www.marathontheater.org,(305) 743-0994,https://www.facebook.com/313843552013600,https://www.instagram.com/marathoncommunitytheatre/,MTI,https://www.mtishows.com/shows,extended run,Non-Professional,2026-08-18
Come From Away,Masquers Inc,Capitol Civic Centre,2026-11-05,2026-11-07,boxoffice@cccshows.org,Production,"913 South 8th Street, Manitowoc, WI 54220",Manitowoc,WI,54220,US,http://www.cccshows.org,(920) 683-2184,https://www.facebook.com/capitolciviccentre,https://instagram.com/capitolciviccentre,MTI,https://www.mtishows.com/shows,performance run,Non-Professional,2026-08-18
Disaster!,Mercyhurst Univ,Taylor Little Theatre,2026-11-05,2026-11-08,president@mercyhurst.edu,Production,"Mercyhurst University, 501 East 38th Street, Erie, PA 16546",Erie,PA,16546,US,http://www.mercyhurst.edu,(814) 824-2000,https://www.facebook.com/hurstu,https://www.instagram.com/mercyhurstu/,MTI,https://www.mtishows.com/shows,performance run,School,2026-08-18
Pippin,Mid Pacific Institute,Mid-pacifc Institute,2026-11-05,2026-11-15,admissions@midpac.edu,Production,"2445 Kaala Street, Honolulu, HI 96822",Honolulu,HI,96822,US,http://www.midpac.edu,(808) 973-5000,https://www.facebook.com/midpac,https://www.instagram.com/midpacific,MTI,https://www.mtishows.com/shows,performance run,Non-Professional,2026-08-18
Rumors,Northwood High School,Northwood High School,2026-11-05,2026-11-07,julie_w_rivera@mcpsmd.org,Organizations,"310 Northwood High School Rd., Pittsboro, NC",Pittsboro,NC,,US,,,,,CONCORD,https://www.concordtheatricals.com/p/2811/rumors,performance run,Amateur,2026-08-18
Blithe Spirit,Olean Community Theatre Inc,Olean Community Theatre,2026-11-05,2026-11-08,info@oleancommunitytheatre.com,Production,"127 S Barry St, Olean, NY",Olean,NY,,US,http://oleancommunitytheatre.com,(716) 375-1628,https://www.facebook.com/OleanCommunityTheatre/,https://www.instagram.com/oleancommunitytheatre/,CONCORD,https://www.concordtheatricals.com/p/2823/blithe-spirit,performance run,Amateur,2026-08-18
Mean Girls Jr,Performing Artists Collective Alliance (paca),Performing Artists Collective Allia,2026-11-05,2026-11-08,paca1505@gmail.com,Production,"1505 State St Fl 2, Erie, PA 16501-2206",Erie,PA,16501-2206,US,http://www.paca1505.org,(814) 616-PACA,https://www.facebook.com/paca1505/,https://www.instagram.com/paca1505/,MTI,https://www.mtishows.com/shows,performance run,Non-Professional,2026-08-18
Mamma Mia!,Pine Crest School,Pine Crest School,2026-11-05,2026-11-07,communications@pinecrest.edu,Production,"1501 Ne 62nd Street, Ft Lauderdale, FL 33334",Ft Lauderdale,FL,33334,US,http://www.pinecrest.edu,(954) 492-4100,https://www.facebook.com/PineCrestSchool/,https://www.instagram.com/pinecrestschool/,MTI,https://www.mtishows.com/shows,performance run,Non-Professional,2026-08-18
Shrek The Musical,Pleasant Valley High School,Pvhs Auditorium,2026-11-05,2026-11-08,pencelisa@pleasval.org,Production,"604 Belmont Road, Bettendorf, IA 52722",Bettendorf,IA,52722,US,http://www.pleasval.org/theatre,,https://www.google.com/url,https://www.google.com/url,MTI,https://www.mtishows.com/shows,performance run,School,2026-08-21
The 25th Annual Putnam County Spelling Bee,Providence Catholic High School,Bicentennial Theater,2026-11-05,2026-11-08,jolietdramaguild@gmail.com,Production,"201 W. Jefferson St., Joliet, IL 60432",Joliet,IL,60432,US,http://www.thejolietdramaguild.com,(815) 690-8051,https://www.facebook.com/TheJolietDramaGuild/,https://www.instagram.com/jolietdramaguild/,MTI,https://www.mtishows.com/shows,performance run,School,2026-08-18
Little Shop Of Horrors,St Charles Community College,St Charles Community College,2026-11-05,2026-11-08,hr@stchas.edu,Production,"Shook Theatre, 4601 Mid Rivers Mall Drive, 4st, Cottleville, MO 63376",Cottleville,MO,63376,US,http://www.stchas.edu,(636) 922-8000,https://www.facebook.com/stchas/,https://www.instagram.com/stchascc/,MTI,https://www.mtishows.com/shows,performance run,Non-Professional,2026-08-18
Diary of a Wimpy Kid,The Virginia Theatre,The Virginia Theatre,2026-11-05,2026-11-07,virginia@champaignparks.org,Production,"203 West Park Ave, Champaign, IL",Champaign,IL,,US,http://thevirginia.org,(217) 356-9063,https://www.facebook.com/TheVirginiaTheatre,http://instagram.com/thevirginiatheatre,CONCORD,https://www.concordtheatricals.com/p/99012/diary-of-a-wimpy-kid,performance run,Amateur,2026-08-18
Fiddler On The Roof,Valley Light Opera,Valley Light Opera,2026-11-05,2026-11-08,paec.arts@gmail.com,Production,"362 N Main St, South Hadley, MA 01062-1209",South Hadley,MA,01062-1209,US,http://www.vlo.org,(413) 348-1300,https://www.google.com/url,http://www.google.com/url,MTI,https://www.mtishows.com/shows,performance run,Non-Professional,2026-08-18
Pippin,Vermont State University,"Casella Theater, Casteton",2026-11-05,2026-11-08,admissions@vermontstate.edu,Production,"45 Alumni Dr, Fine Arts Center, Castleton, VT 05735-4454",Castleton,VT,05735-4454,US,http://www.vermontstate.edu,(888) 398-8878,https://www.facebook.com/VermontStateUniversity,https://www.instagram.com/vermontstateuniversity/,MTI,https://www.mtishows.com/shows,performance run,School,2026-08-18
Disney's Descendants,Virginia Academy,The Virginia Academy,2026-11-05,2026-11-06,info@virginia-academy.com,Production,"19790 Ashburn Road, Ashburn, VA 20147",Ashburn,VA,20147,US,http://www.virginia-academy.com,(571) 209-5500,https://www.facebook.com/VirginiaAcademy/,https://www.instagram.com/vaacademy/,MTI,https://www.mtishows.com/shows,performance run,School,2026-08-18
A Year With Frog And Toad,Wabash College,Wabash College Theater,2026-11-05,2026-11-08,webmaster@wabash.edu,Production,"301 W. Wabash Ave, Crawfordvile, IN 47933",Crawfordvile,IN,47933,US,https://www.wabash.edu/academics/theater,(765) 361-6100,http://www.facebook.com/pages/Wabash-College/16568430836,http://www.instagram.com/wabashcollege,MTI,https://www.mtishows.com/shows,performance run,School,2026-08-18
Joseph and the Amazing Technicolor Dreamcoat,West Bowles Community Church,West Bowles Community Church,2026-11-05,2026-11-14,admin@ao1theater.org,Production,"12325 W. Bowles Ave., Littleton, CO",Littleton,CO,,US,http://ao1theater.org,(303) 995-9192,https://www.facebook.com/ao1theater/,https://www.instagram.com/audienceofonetheater/,CONCORD,https://www.concordtheatricals.com/p/44899/joseph-and-the-amazing-technicolor-dreamcoat,performance run,Amateur,2026-08-18
Frozen,West Delaware High School,Hanson Auditorium,2026-11-05,2026-11-08,boxoffice@hansonauditorium.com,Production,"701 New Street, Manchester, IA 52057",Manchester,IA,52057,US,http://www.hansonauditorium.com,(563) 927-3515,,,MTI,https://www.mtishows.com/shows,performance run,School,2026-08-18
Alice By Heart,Westminster University,Courage Theatre,2026-11-05,2026-11-14,housing@westminsteru.edu,Production,"1840 S 1300 E, Salt Lake City, UT 84105",Salt Lake City,UT,84105,US,http://westminsteru.edu,(801) 832-2200,https://www.facebook.com/westminsteruniversity,https://www.instagram.com/westminsterslc/,MTI,https://www.mtishows.com/shows,performance run,School,2026-08-18
The Wedding Singer,"Actorsingers Of Nashua, Inc",Keefe Auditorium,2026-11-06,2026-11-08,secretary@actorsingers.org,Production,"117 Elm St, Nashua, NH 03060",Nashua,NH,3060,US,http://www.actorsingers.org,(603) 204-1289,https://facebook.com/actorsingers/,https://www.instagram.com/actorsingers/,MTI,https://www.mtishows.com/shows,performance run,Non-Professional,2026-08-18
Newsies,Arias And Arpeggios Music Academy,Melody Musical Theater,2026-11-06,2026-11-14,boxoffice@melodymusicaltheater.org,Production,"12365 Huron Street, Westminster, CO 80234",Westminster,CO,80234,US,http://www.melodymusicaltheater.org,7206610788,http://www.facebook.com/melodymusicaltheatre,http://instagram.com/melodymusicaltheatre,MTI,https://www.mtishows.com/shows,performance run,Non-Professional,2026-08-18
Disney's High School Musical Jr.,Bellingham Arts Academy For Youth - Baay!,Baay Theatre,2026-11-06,2026-11-22,info@baay.org,Production,"1059 N. State St., Bellingham, WA 98225",Bellingham,WA,98225,US,http://www.baay.org,(360) 306-8531,https://www.facebook.com/bellinghamBAAY/,https://www.instagram.com/baayrocks/,MTI,https://www.mtishows.com/shows,extended run,Non-Professional,2026-08-18
Disney's The Little Mermaid Jr,Blue River Valley Elementary School,Blue River Valley Jr./sr. High,2026-11-06,2026-11-08,lori.dickerson@brv.k12.in.us,Production,"4741 N Viking Trl, New Castle, IN 47362",New Castle,IN,47362,US,http://brv.k12.in.us,(765) 836-4816,https://www.facebook.com/Blue-River-Valley-Schools-106536561699853,https://www.instagram.com/brvschools,MTI,https://www.mtishows.com/shows,performance run,School,2026-08-18
Rodgers + Hammerstein's Cinderella (Broadway Version),Capistrano Valley Christian School,Capistrano Valley Christian School,2026-11-06,2026-11-14,attendance@cvcs.org,Production,"32032 Del Obispo, San Juan Capistrano, CA",San Juan Capistrano,CA,,US,http://www.cvcs.org,(949) 493-5683,http://www.facebook.com/capovalleychristian,https://www.instagram.com/cvcseagles/,CONCORD,https://www.concordtheatricals.com/p/65836/rodgers-hammerstein-s-cinderella-broadway-version,performance run,Amateur,2026-08-18
Lionel Barts Oliver! Jr,Centennial High School,Centennial Main Stage,2026-11-06,2026-11-08,jacob_traver@hcpss.org,Organizations,"9310 Scott Rd, Roswell, GA 30076",Roswell,GA,30076,US,,,,,MTI,https://www.mtishows.com/shows,performance run,School,2026-08-18
Beetlejuice Jr.,Center Stage Theater,Messiah Lutheran Church,2026-11-06,2026-11-08,info@center-stage-theater.com,Production,"4861 Liverpool St., Yorba Linda, CA 92886",Yorba Linda,CA,92886,US,http://www.center-stage-theater.com,+1 714 855 8215,,,MTI,https://www.mtishows.com/shows,performance run,Non-Professional,2026-08-18
Mary Poppins,Christian Youth Theatre,The Crighton Theatre,2026-11-06,2026-11-15,boxoffice@playerstheatrecompany.com,Production,"234 Main Street, Conroe, TX 77301",Conroe,TX,77301,US,http://www.playerstheatrecompany.com,9365394090,https://www.facebook.com/ThePlayersTheatreCompany/,https://www.instagram.com/playerstheatrecompany/,MTI,https://www.mtishows.com/shows,performance run,Non-Professional,2026-08-18
Beetlejuice Jr.,Columbian Theatre Museum And Art Center,Columbian Theatre-museum And,2026-11-06,2026-11-08,boxoffice@columbiantheatre.com,Production,"521 Lincoln Avenue, Wamego, KS 66547",Wamego,KS,66547,US,http://www.columbiantheatre.com,(785) 456-2029,https://www.facebook.com/ColumbianTheatre/,https://www.instagram.com/columbiantheatre,MTI,https://www.mtishows.com/shows,performance run,Non-Professional,2026-08-18
Sister Act,Community Theatre Of Cabot,Community Theatre Of Cabot,2026-11-06,2026-11-15,office@ctcabot.org,Production,"208 N 1st St, Cabot, AR 72023-2602",Cabot,AR,72023-2602,US,http://ctcabot.org,(501) 941-2266,https://www.facebook.com/CommunityTheatreOfCabot,https://www.instagram.com/ctcafa/,MTI,https://www.mtishows.com/shows,performance run,Non-Professional,2026-08-18
Beetlejuice Jr.,Company Theatre,Company Theatre,2026-11-06,2026-11-08,boxoffice@companytheatre.com,Production,"30 Accord Park Drive, Norwell, MA 02061",Norwell,MA,2061,US,http://www.companytheatre.com,(781) 871-2787,https://www.facebook.com/pages/The-Company-Theatre-Centre-for-the-Arts/162248790757,https://instagram.com/companytheatre,MTI,https://www.mtishows.com/shows,performance run,Non-Professional,2026-08-18
Seussical,Corbett Childrens Theater Dba Eastside Theater Co.,Corbett Childrens Theatre,2026-11-06,2026-11-15,info@eastsidetheater.com,Production,"3445 Se Hillyard Rd, Gresham, OR 97080",Gresham,OR,97080,US,http://eastsidetheater.com,(971) 231-5032,https://www.facebook.com/EastsideTheater,https://www.instagram.com/eastsidetheatercompany/,MTI,https://www.mtishows.com/shows,performance run,Non-Professional,2026-08-18
Peter And The Starcatcher,Crossroads Christian School,Crossroads Christian School,2026-11-06,2026-11-07,info@crossroadsschool.org,Production,"2380 Fullerton Ave., Corona, CA 92881",Corona,CA,92881,US,http://www.crossroadsschool.org,(951) 278-3196,https://www.facebook.com/crossroadschristianschool/,https://www.instagram.com/crossroadsschoolca/,MTI,https://www.mtishows.com/shows,performance run,School,2026-08-18
Little Shop Of Horrors,Dance Unlimited - Spotlight Acting Academy,Freede Little Theatre,2026-11-06,2026-11-07,ducustomercare99@gmail.com,Production,"201 N Walker Ave, Oklahoma City, OK 73131-1643",Oklahoma City,OK,73131-1643,US,http://danceunlimitedpac.com,(405) 242-4612,,,MTI,https://www.mtishows.com/shows,performance run,Non-Professional,2026-08-18
The Musical Adventures Of Flat Stanley Jr,Decatur Community Players,Decatur Community Players,2026-11-06,2026-11-07,melissa@dcpkids.org,Production,"141b Sams Street, Decatur, GA 30030",Decatur,GA,30030,US,http://www.dcpkids.org,404-849-5168,https://www.facebook.com/dcpkids,https://www.instagram.com/decaturcommunity/,MTI,https://www.mtishows.com/shows,performance run,Non-Professional,2026-08-19
Little Women,Drury Lane Theatrical Productions Inc,Drury Lane Theatrical Prod.,2026-11-06,2026-11-29,boxoffice@drurylane.ca,Production,"2269 New St, Burlington, ON L7R 1J4, CA",Burlington,ON,L7R 1J4,CA,http://www.drurylane.ca/,(555) 555-5555,https://www.facebook.com/DruryLaneTheatricalProductions/,https://www.instagram.com/drurylanetheatre/,MTI,https://www.mtishows.com/shows,extended run,Non-Professional,2026-08-18
Working-2012 Revised Version,East Brunswick Community Players,Playhouse 22,2026-11-06,2026-11-22,information@playhouse22.org,Production,"Po Box 181, E Brunswick, NJ 08816",E Brunswick,NJ,8816,US,http://www.playhouse22.org,732-254-3939,http://www.facebook.com/pages/Playhouse-22/286527463465,https://www.instagram.com/playhouse22eb/,MTI,https://www.mtishows.com/shows,extended run,Non-Professional,2026-08-18
Disney's High School Musical,Eisenhower High School,Eisenhower High School,2026-11-06,2026-11-07,mwilks@dps61.org,Production,"1200 South 16th Street, Decatur, IL 62521",Decatur,IL,62521,US,http://www.dps61.org,(217) 362-3000,http://www.facebook.com/decaturpublicschools/,http://www.instagram.com/decaturpublicschools61,MTI,https://www.mtishows.com/shows,performance run,School,2026-08-18
Disney's The Little Mermaid,Eleva-strum High School,Eleva-strum High School,2026-11-06,2026-11-08,jb@esschools.k12.wi.us,Production,"W23597 U.s. Hwy 10, Strum, WI 54770",Strum,WI,54770,US,http://www.esschools.k12.wi.us/,(715) 695-2696,https://www.facebook.com/Cardinal-Pride-PTO-380536702129018/,https://www.instagram.com/sdofelevastrum/,MTI,https://www.mtishows.com/shows,performance run,School,2026-08-18
Frozen,Embassy Cultural Center Foundation,Mcgregor Hall,2026-11-06,2026-11-15,info@mcgregorhall.org,Production,"201 Breckenridge Street, Po Box 1333, Henderson, NC 27536",Henderson,NC,27536,US,http://www.mcgregorhall.org,(252) 598-0662,https://facebook.com/McGregorHallHenderson,https://instagram.com/mcgregorhallhenderson/,MTI,https://www.mtishows.com/shows,performance run,Non-Professional,2026-08-18
Trolls The Musical Jr.,Freeland High School,Freeland High School,2026-11-06,2026-11-08,hillborgm@freelandschools.net,Production,"8250 Webster Road, Freeland, MI 48623",Freeland,MI,48623,US,http://freelandschools.net,(989) 695-5527,https://www.facebook.com/FREELANDYOUTHFOOTBALL/,https://www.instagram.com/freelandschools/,MTI,https://www.mtishows.com/shows,performance run,School,2026-08-18
Come From Away,Garden City Productions,Garden City Productions,2026-11-06,2026-11-15,contact_gcp@gcp.ca,Production,"Box 817, St Catharines, ON L2R 6Y3, CA",St Catharines,ON,L2R 6Y3,CA,http://gcp.ca,(905) 682-1353,https://www.facebook.com/gcp.ca/,https://www.instagram.com/gardencityproductions/,MTI,https://www.mtishows.com/shows,performance run,Non-Professional,2026-08-18
The Pajama Game,Geneva College,Bagpiper Theater,2026-11-06,2026-11-14,alumni@geneva.edu,Production,"3200 College Avre, Beaver Falls, PA 15010",Beaver Falls,PA,15010,US,https://www.geneva.edu/dept/communication/theater-program/,(724) 847-6515,https://www.facebook.com/genevacollege,https://instagram.com/genevacollege/,MTI,https://www.mtishows.com/shows,performance run,School,2026-08-18
Annie,Goodspeed Opera House,Goodspeed Opera House,2026-11-06,2027-01-03,info@goodspeed.org,Production,"Goodspeed Landing, East Haddam, CT 06423",East Haddam,CT,6423,US,http://www.goodspeed.org,(860) 873-8668,http://www.facebook.com/GoodspeedMusicals,https://www.instagram.com/goodspeedmusicals,MTI,https://www.mtishows.com/shows,extended run,Professional,2026-08-18
Roald Dahl's Matilda The Musical,Gratiot County Players,Strand Theatre,2026-11-06,2026-11-06,admin@gratiotcountyplayers.com,Production,"217 E Superior St, Alma, MI 48801-1818",Alma,MI,48801-1818,US,http://www.gratiotcountyplayers.com,(989) 463-2593,https://www.facebook.com/gcplayers/,https://www.instagram.com/gratiotcountyplayers,MTI,https://www.mtishows.com/shows,performance run,Non-Professional,2026-08-18
Frozen,Harding High School,Marion's Palace Theatre,2026-11-06,2026-11-08,info@marionpalace.org,Production,"276 West Center Street, Marion, OH 43302",Marion,OH,43302,US,http://marionpalace.org,(740) 383-2101,https://www.facebook.com/marionpalace,https://www.instagram.com/marionpalace,MTI,https://www.mtishows.com/shows,performance run,School,2026-08-20
Roald Dahl's Matilda The Musical Jr,Houghton High School,Houghton High School Alumni Theater,2026-11-06,2026-11-08,ahill@hpts.us,Production,"1603 Gundlach Rd, Houghton, MI 49931",Houghton,MI,49931,US,http://hpts.us,(906) 482-0450,https://www.facebook.com/HoughtonHighSchool/,https://www.instagram.com/hhsgremlins/,MTI,https://www.mtishows.com/shows,performance run,School,2026-08-18
Into The Woods Jr,Juda School,Juda High School,2026-11-06,2026-11-08,info@judaschool.com,Production,"N2385 Spring Street, Juda, WI 53550",Juda,WI,53550,US,http://www.judaschool.com,(608) 934-5251,https://www.facebook.com/judaschooldistrict,https://www.instagram.com/juda_school_district,MTI,https://www.mtishows.com/shows,performance run,School,2026-08-18
Mean Girls,Kaleidoscope Productions,Kaleidoscope Productions,2026-11-06,2026-11-15,kaleidoscope07844@gmail.com,Production,"428 Hope-great Meadows Road, Po Box 206, Hope, NJ 07844",Hope,NJ,7844,US,http://kaleidoscopeproductions.org,,https://www.facebook.com/p/Kaleidoscope-Productions-100090063668895/,https://www.instagram.com/kaleidoscopeproductionsnj,MTI,https://www.mtishows.com/shows,performance run,Non-Professional,2026-08-18
Unnecessary Farce,Lake Wales Little Theatre,Lake Wales Little Theatre,2026-11-06,2026-11-22,lwlt.media@gmail.com,Production,"411 N. 3rd Street, Lake Wales, FL",Lake Wales,FL,,US,http://www.lwlt.org,(863) 676-1266,https://www.facebook.com/lakewaleslittletheatre,https://www.instagram.com/lwltshows,CONCORD,https://www.concordtheatricals.com/p/98949/unnecessary-farce,extended run,Amateur,2026-08-18
Little Shop Of Horrors,Liberty Central High School,Liberty Central High School,2026-11-06,2026-11-07,communication@libertyk12.org,Production,"Pannebaker Auditorium, 125 Buckley Street, Liberty, NY 12754",Liberty,NY,12754,US,http://www.libertyk12.org,(845) 292-5400,https://www.facebook.com/libertyschoolspta,,MTI,https://www.mtishows.com/shows,performance run,School,2026-08-18
The Crucible,Liberty High School,Liberty High School,2026-11-06,2026-11-14,shayna.crews@bedford.k12.va.us,Organizations,"7445 NE Wagon Way, Hillsboro, OR",Hillsboro,OR,,US,,,,,CONCORD,https://www.concordtheatricals.com/p/7459/the-crucible,performance run,Amateur,2026-08-26
Fiddler On The Roof,Lighthouse Players,The Bornemann Theater,2026-11-06,2026-11-08,info@campusoflife.org,Production,"555 Deer Springs Road, San Marcos, CA 92069",San Marcos,CA,92069,US,http://www.thebornemann.com/,(858) 356-4546,https://www.facebook.com/thebornemanntheatre,https://www.instagram.com/thebornemann,MTI,https://www.mtishows.com/shows,performance run,Non-Professional,2026-08-18
Annie,Living Word Lutheran High School,Living Word Lutheran High School,2026-11-06,2026-11-07,info@lwlhs.com,Production,"2230 Living Word Lane, Jackson, WI 53037",Jackson,WI,53037,US,http://www.lwlhs.com,262-677-9353,https://www.facebook.com/livingwordlutheran,https://www.instagram.com/lwlhs/,MTI,https://www.mtishows.com/shows,performance run,School,2026-08-18
Tick Tick Boom!,Mad Artists' Entertainment,Georgia Ensemble Theater,2026-11-06,2026-11-08,danielle.madartists@gmail.com,Production,"6285-r Roswell Rd, Sandy Springs, GA 30328",Sandy Springs,GA,30328,US,https://www.madartistsco.com/,(706) 577-9447,https://www.facebook.com/madartistsentertainment,https://www.instagram.com/madartistsentertainment/,MTI,https://www.mtishows.com/shows,performance run,Non-Professional,2026-08-18
Something Rotten!,Madison County Dramatic Player,Madison County Dramatic Player,2026-11-06,2026-11-15,info@mainstagetheatre.org,Production,"Po Box 864, Anderson, IN 46015",Anderson,IN,46015,US,http://www.mainstagetheatre.org/,(765) 644-5111,http://www.facebook.com/AndersonMainstageTheatre/,https://www.instagram.com/anderson_mainstage_theatre/,MTI,https://www.mtishows.com/shows,performance run,Non-Professional,2026-08-18
Roald Dahl's Willy Wonka Kids,Marburn Academy,Marburn Academy,2026-11-06,2026-11-07,ecarr@marburnacademy.org,Production,"9555 Johnstown Road, New Albany, OH 43054",New Albany,OH,43054,US,http://marburnacademy.org,(614) 433-0822,https://www.facebook.com/marburnacademy,https://www.instagram.com/marburnacademy/,MTI,https://www.mtishows.com/shows,performance run,School,2026-08-27
Shrek The Musical,Mishicot High School,Mishicot High School,2026-11-06,2026-11-08,sdirkmann@mishicot.k12.wi.us,Production,"660 Washington Street, Mishicot, WI 54228",Mishicot,WI,54228,US,http://www.mishicot.k12.wi.us,(920) 755-4633,https://www.facebook.com/mishicot.schools,,MTI,https://www.mtishows.com/shows,performance run,School,2026-08-18
Lerner And Loewe's My Fair Lady,Music Theatre West,Ellen Eccles Theatre,2026-11-06,2026-11-14,info@cachearts.org,Production,"43 South Main, Logan, UT 84321",Logan,UT,84321,US,http://www.cachearts.org,4355547067,https://www.facebook.com/cachearts,https://www.instagram.com/cachearts,MTI,https://www.mtishows.com/shows,performance run,Non-Professional,2026-08-18
Little Women,Musical Theatre West,Carpenter Performing Arts Center,2026-11-06,2026-11-22,info@musical.org,Production,"6200 E. Atherton Street, Long Beach, CA 90804-5546",Long Beach,CA,90804-5546,US,http://www.musical.org,(562) 856-1999,https://www.facebook.com/MusicalTheatreWest/,https://www.instagram.com/musicaltheatrewest/,MTI,https://www.mtishows.com/shows,extended run,Professional,2026-08-18
Avenue Q,Opera House Players,Opera House Players,2026-11-06,2026-11-22,info@operahouseplayers.org,Production,"100 High Street, Enfield, CT 06082",Enfield,CT,6082,US,http://www.operahouseplayers.org,860-498-8899,https://facebook.com/,https://instagram.com/,MTI,https://www.mtishows.com/shows,extended run,Non-Professional,2026-08-18
Sweeney Todd,Opera Wyoming,Ow Theatre,2026-11-06,2026-11-22,info@operawyoming.org,Production,"150 W 2nd Street, Casper, WY 82601",Casper,WY,82601,US,http://www.operawyoming.org,307-333-1688,https://www.facebook.com/operawyoming/,,MTI,https://www.mtishows.com/shows,extended run,Non-Professional,2026-08-18
Dear Evan Hansen,Out Of The Box Theatre Company,Center Stage Theater,2026-11-06,2026-11-15,info@outoftheboxtheatre.org,Production,"751 Paseo Nuevo, Santa Barbara, CA 93101",Santa Barbara,CA,93101,US,http://www.outoftheboxtheatre.org,,https://www.facebook.com/outoftheboxtheatre/,https://www.instagram.com/outoftheboxtheatre/,MTI,https://www.mtishows.com/shows,performance run,Non-Professional,2026-08-18
Mary Poppins,Palm Beach Principal Players/entr'acte Theatrix,The William G Skaff Center,2026-11-06,2026-11-22,bereketab.lakew@candid.org,Production,"500 Spencer Drive, West Palm Beac H, FL 33409",West Palm Beac H,FL,33409,US,http://www.palmbeachtheater.org,,https://www.facebook.com/EntrActePB/,http://www.instagram.com/EntrActePB,MTI,https://www.mtishows.com/shows,extended run,Non-Professional,2026-08-18
Roald Dahl's Matilda The Musical,Playhouse 395,Bishop Union High School Auditorium,2026-11-06,2026-11-22,info395@gmail.com,Production,"301 N. Fowler Street, Bishop, CA 93514",Bishop,CA,93514,US,http://www.playhouse395.com,(760) 920-9100,https://www.facebook.com/Playhouse395/,https://www.instagram.com/playhouse_395/,MTI,https://www.mtishows.com/shows,extended run,Non-Professional,2026-08-18
A Chorus Line,Praire Lakes Theatre,Praire Lakes Theatre,2026-11-06,2026-11-15,info@bignoise.org,Production,"515 E. Thacker St., Des Plaines, IL",Des Plaines,IL,,US,http://www.bignoise.org,(847) 220-7268,https://www.facebook.com/bntheatre/,https://www.instagram.com/bignoisetheatre/,CONCORD,https://www.concordtheatricals.com/p/44602/a-chorus-line,performance run,Amateur,2026-08-18
Godspell-2012 Revised Version,Providence St Mel School,Providence St Mel School,2026-11-06,2026-11-07,adamsp@psmnow.com,Production,"119 South Central Park Blvd, Chicago, IL 60624",Chicago,IL,60624,US,http://www.psmnow.com,,,,MTI,https://www.mtishows.com/shows,performance run,School,2026-08-18
Into The Woods,Regis Jesuit High School,The Z Theater,2026-11-06,2026-11-14,admissions@regisjesuit.com,Production,"6400 S. Lewiston Way, Performing Arts Center, Aurora, CO 80016",Aurora,CO,80016,US,http://www.regisjesuit.com,303-269-8000,http://www.facebook.com/RegisJesuitHS,http://www.instagram.com/regisjesuiths/,MTI,https://www.mtishows.com/shows,performance run,School,2026-08-18
Urinetown,Revolution Stage Company,Revolution Stage Company,2026-11-06,2026-11-29,info@revolutionstagecompany.com,Production,"611 S Palm Canyon Drive Suite 16, Palm Springs, CA 92264",Palm Springs,CA,92264,US,http://www.revolutionstagecompany.com,,https://www.facebook.com/groups/265899315837908/,https://www.instagram.com/revolutionstagecompany/,MTI,https://www.mtishows.com/shows,extended run,Non-Professional,2026-08-18
The 25th Annual Putnam County Spelling Bee,Ridley Senior High School,Ridley Senior High School,2026-11-06,2026-11-22,cmcgovern@ridleysd.org,Production,"901 Morton Avenue, Folsom, PA 19033",Folsom,PA,19033,US,http://www.ridleydrama.com,(610) 534-1900,http://www.facebook.com/wix,,MTI,https://www.mtishows.com/shows,extended run,School,2026-08-18
Frozen,Rock Hill Community Theatre,Rock Hill Comm Theatre,2026-11-06,2026-11-15,rht@rockhilltheatre.org,Production,"Po Box 4464, Rock Hill, SC 29732",Rock Hill,SC,29732,US,http://www.rockhilltheatre.org,(803) 326-7428,https://www.facebook.com/RockHillTheatreSC/,https://www.instagram.com/rockhilltheatresc/,MTI,https://www.mtishows.com/shows,performance run,Non-Professional,2026-08-18
Sister Act,Rockport High School,Rockport High School,2026-11-06,2026-11-08,dnokes@rpk12.org,Production,"24 Jerdens Lane, Rockport, MA 01966",Rockport,MA,1966,US,http://www.rpk12.org,(978) 546-1200,,https://www.instagram.com/rkpt_ps/,MTI,https://www.mtishows.com/shows,performance run,School,2026-08-18
Roald Dahl's Willy Wonka Jr.,Romulus Central School,Romulus Central School,2026-11-06,2026-11-07,vmccusker@romuluscsd.org,Production,"5705 Main Street, Romulus, NY 14541",Romulus,NY,14541,US,http://www.romuluscsd.org,(607) 869-5391,https://www.facebook.com/people/Romulus-CSD/61573199865773,https://www.instagram.com/romulus_csd,MTI,https://www.mtishows.com/shows,performance run,School,2026-08-18
Once Upon A One More Time,"School Of The Performing Arts, Richmond -sparc",Sparc,2026-11-06,2026-11-15,sparc@sparcrichmond.org,Production,"2106 N Hamilton Street, Richmond, VA 23230",Richmond,VA,23230,US,http://sparcrichmond.org,(804) 353-3393,https://www.facebook.com/sparcrichmond/,https://www.instagram.com/sparcrichmond/,MTI,https://www.mtishows.com/shows,performance run,Non-Professional,2026-08-18
Schoolhouse Rock Live!,Sky Performing Arts,Wagner Performing Arts,2026-11-06,2026-11-15,skyperformingarts.spa@gmail.com,Production,"639 West Main Street, Monroe, WA 98272",Monroe,WA,98272,US,http://www.skyperformingarts.org,(360) 863-1663,https://www.facebook.com/skyperformingarts/,https://www.instagram.com/skyperforming/,MTI,https://www.mtishows.com/shows,performance run,Non-Professional,2026-08-18
Disney's The Little Mermaid Jr,South Jefferson Central School,Sjcs Clarke Auditorium,2026-11-06,2026-11-07,publiccomment@spartanpride.org,Production,"Route 11 North, Adams, NY 13605",Adams,NY,13605,US,http://www.spartanpride.org,(315) 583-6104,https://www.facebook.com/SouthJeffersonCSD,,MTI,https://www.mtishows.com/shows,performance run,School,2026-08-18
Trolls The Musical Jr.,Springfield High School,John Legend Theater,2026-11-06,2026-11-07,hanrahanjm@scsdoh.org,Production,"700 South Limestone: Suite A, 700 South Limestone: Suite A, Springfield, OH 45505",Springfield,OH,45505,US,http://www.jlttickets.org,(937) 505-2945,https://www.facebook.com/https://www.facebook.com/p/John-Legend-Theater-at-Springfield-City-School-District-100063558161022/,https://instagram.com/thejohnlegendtheater,MTI,https://www.mtishows.com/shows,performance run,School,2026-08-18
Frozen,St Ignatius College Prep,Saint Ignatius High School,2026-11-06,2026-11-14,president@ignatius.org,Production,"1076 W. Roosevelt Road, Attn: Harlequins/kevin Bellie, Chicago, IL 60608",Chicago,IL,60608,US,http://www.ignatius.org,312-421-5900,http://www.facebook.com/SICPChicago,https://www.instagram.com/saintignatiuschicago/,MTI,https://www.mtishows.com/shows,performance run,School,2026-08-18
Guys And Dolls,Stage Crafters Community Theater,Stage Crafters Community Theater,2026-11-06,2026-11-15,stagecraftersfwb@gmail.com,Production,"107 Miracle Strip Parkway, Fort Walton Beach, FL 32548",Fort Walton Beach,FL,32548,US,http://www.stagecrafters.com,(850) 243-1101,https://www.facebook.com/stagecraftersfwb,https://www.instagram.com/stagecraftersfwb/,MTI,https://www.mtishows.com/shows,performance run,Non-Professional,2026-08-18
How To Train Your Dragon The Musical Jr.,Stillwater Childrens Theatre,Stillwater Community Center,2026-11-06,2026-11-07,utilitypayments@stillwaterok.gov,Production,"315 W. 8th Street, Stillwater, Stillwater, OK 74074-1449",Stillwater,OK,74074-1449,US,http://stillwaterok.gov,(405) 372-0025,https://www.facebook.com/StillwaterAnimalWelfare/,https://www.instagram.com/stillwater_regional_airport/,MTI,https://www.mtishows.com/shows,performance run,Non-Professional,2026-08-18
Disney's Moana Jr.,Studio B (at The Teen Center),Marilyn Nelson Theatre,2026-11-06,2026-11-15,studiobtheater@gmail.com,Production,"1 Nelson Parkway @ 2400 Justin Rd, Highland Village, TX 75077",Highland Village,TX,75077,US,http://www.studiobtheater.com,(972) 966-2787,https://www.facebook.com/StudioBTheater,https://instagram.com/studio_b_theater/,MTI,https://www.mtishows.com/shows,performance run,Non-Professional,2026-08-18
Finding Neverland,Sun Prairie West High School,Sun Prairie West High School,2026-11-06,2026-11-15,olrisk@sunprairieschools.org,Production,"2850 Ironwood Dr, Sun Prairie, WI 53590",Sun Prairie,WI,53590,US,http://spperformingarts.org,(608) 834-6500,https://www.facebook.com/sunprairieschools/,https://www.instagram.com/sunprairieschooldistrict/,MTI,https://www.mtishows.com/shows,performance run,School,2026-08-18
Little Shop Of Horrors,Terracotta Theater Company Llc,Alger Community Theater,2026-11-06,2026-11-14,gingercasto.lcpmainstreet@gmail.com,Production,"24 S F St, Lakeview, OR 97630",Lakeview,OR,97630,US,http://algertheaterlakeview.com,(541) 944-8176,https://www.facebook.com/AlgerTheaterLakeview/,https://www.instagram.com/algercommunitytheater/,MTI,https://www.mtishows.com/shows,performance run,Non-Professional,2026-08-18
All My Sons,The Center for the Arts in Natick,"Center for Arts in Natick, The",2026-11-06,2026-11-15,info@natickarts.org,Production,"14 Summer Street, Natick, MA",Natick,MA,,US,http://www.natickarts.org,(508) 647-0097,https://www.facebook.com/NatickArts,http://instagram.com/natickarts,CONCORD,https://www.concordtheatricals.com/p/6567/all-my-sons,performance run,Amateur,2026-08-18
Madagascar-a Musical Adventure Jr.,The King's Academy,The Kings Academy Cabot Theater,2026-11-06,2026-11-14,admissions@tka.org,Production,"562 Britton Avenue, Sunnyvale, CA 94085-3841",Sunnyvale,CA,94085-3841,US,http://www.tka.org,(408) 481-9900,https://www.facebook.com/TheKingsAcademySunnyvaleCA/,https://www.instagram.com/tka_sunnyvale,MTI,https://www.mtishows.com/shows,performance run,School,2026-08-18
Underdog: The Other Other BrontÃ«,The Pear Theatre,Pear Theatre,2026-11-06,2026-11-22,info@thepear.org,Production,"1110 La Avenida, Mountain View, CA",Mountain View,CA,,US,http://www.thepear.org,(650) 254-1148,https://www.facebook.com/peartheatre/,https://www.instagram.com/p/Db1jIJ-ATqp/,CONCORD,https://www.concordtheatricals.com/p/96509/underdog-the-other-other-bront,extended run,Amateur,2026-08-18
The Addams Family Musical: Young@PartÂ®,The Stage Oconee,Stage Oconee,2026-11-06,2026-11-08,admin@thestageoconee.com,Production,"Watkinsville, GA",Watkinsville,GA,,US,http://www.thestageoconee.com,706-705-1744,https://www.facebook.com/TheStageOconee,https://www.instagram.com/thestageoconee/,TRW,https://www.theatricalrights.com/show/addams-family-youngpart/,performance run,,2026-08-18
Rent,Theater Arts Guild,Lincoln Theater,2026-11-06,2026-11-22,info@lincolntheatre.org,Production,"713 South First Street, Mount Vernon, WA 98273",Mount Vernon,WA,98273,US,http://lincolntheatre.org,(360) 336-8955,https://www.facebook.com/LincolnTheatreMountVernon/,https://www.instagram.com/ilovethelincoln/,MTI,https://www.mtishows.com/shows,extended run,Non-Professional,2026-08-18
Clue (High School Edition),Theater Newark High School,Theater Newark High School,2026-11-06,2026-11-07,csd-schoolboard@christina.k12.de.us,Production,"750 E Delaware Ave, Newark, DE",Newark,DE,,US,http://www.christina.k12.de.us/en2/schools_district/school_pages,(302) 552-2600,http://www.facebook.com/ChristinaK12,https://www.instagram.com/Christina.K12,CONCORD,https://www.concordtheatricals.com/p/100970/clue-high-school-edition,performance run,Amateur,2026-08-18
Disney's Aladdin Kids,Theatre Lawrence,Theatre Lawrence,2026-11-06,2026-11-07,julmer@theatrelawrence.com,Production,"4660 Bauer Farm Dr., Lawrence, KS 66046",Lawrence,KS,66046,US,http://www.theatrelawrence.com,(785) 843-7469,https://www.facebook.com/theatrelawrence/,http://instagram.com/theatrelawrence,MTI,https://www.mtishows.com/shows,performance run,Non-Professional,2026-08-18
Guys And Dolls,Theatre Up,Upstage Players,2026-11-06,2026-11-15,info@theatreupnh.org,Production,"2 Union St., Littleton, NH 03561",Littleton,NH,3561,US,http://www.theatreupnh.org,(603) 707-4615,https://facebook.com/theatreupnh,https://instagram.com/theatreupnh/,MTI,https://www.mtishows.com/shows,performance run,Non-Professional,2026-08-18
Peter And The Starcatcher,Thinktank Theatre,Straz Center - Shimberg Playhouse,2026-11-06,2026-11-22,info@thinktanktya.org,Production,"1010 N Macinnes Pl, Tampa, FL 33602",Tampa,FL,33602,US,http://www.thinktanktya.org,,,https://www.instagram.com/thinktanktya,MTI,https://www.mtishows.com/shows,extended run,Non-Professional,2026-08-18
Once Upon A One More Time,Trumbull Hall Troupe,Lebanon Opera House,2026-11-06,2026-11-08,boxoffice@lebanonoperahouse.org,Production,"51 N Park St, Lebanon, NH 03766-1317",Lebanon,NH,03766-1317,US,http://www.lebanonoperahouse.org,(603) 448-0400,https://www.facebook.com/LebanonOperaHouse,https://instagram.com/lebanonoperahouse,MTI,https://www.mtishows.com/shows,performance run,Non-Professional,2026-08-18
Copenhagen,Unitarian Universalist Church of Arlington,Unitarian Universalist Church of Arlington,2026-11-06,2026-11-15,uuca@uucava.org,Production,"4444 Arlington Blvd, Arlington, VA",Arlington,VA,,US,http://www.uucava.org,(703) 892-2565,https://www.facebook.com/UnitarianUniversalistChurchArlingtonVirginia,https://www.instagram.com/uucarlington/,CONCORD,https://www.concordtheatricals.com/p/2869/copenhagen,performance run,Amateur,2026-08-18
Little Shop Of Horrors,Wardlaw Hartridge School,Wardlaw-hartridge School,2026-11-06,2026-11-07,admission@whschool.org,Production,"Drama Department, 1295 Inman Ave, Edison, NJ 08820",Edison,NJ,8820,US,http://www.whschool.org,(908) 754-1882,https://www.facebook.com/pages/The-Wardlaw-Hartridge-School/193370467389689,https://www.instagram.com/whschool/,MTI,https://www.mtishows.com/shows,performance run,School,2026-08-18
Disney's Descendants,Wausau East High School,Wausau East High School,2026-11-06,2026-11-08,lbarth@wausauschools.org,Production,"2607 North 18th Street, Wausau, WI 54403",Wausau,WI,54403,US,https://east.wausauschools.org/,(715) 261-0650,https://www.facebook.com/WausauSchDist/,https://www.instagram.com/WausauSchDist/,MTI,https://www.mtishows.com/shows,performance run,School,2026-08-18
Frozen,Way Way Off-broadway Theatre Company,Eastern Nm University Perf Arts Ctr,2026-11-06,2026-11-15,wwobtheatre@gmail.com,Production,"52 University Blvd, Roswell, NM 88203-8435",Roswell,NM,88203-8435,US,http://www.waywayoffbroadway.com,,https://www.facebook.com/wwobroswell,https://www.instagram.com/waywayoffbroadway/,MTI,https://www.mtishows.com/shows,performance run,Non-Professional,2026-08-18
The Picture of Dorian Gray (O'Connor/Holland),Westminster Community Theatre,Westminster Community Theatre,2026-11-06,2026-11-22,boxoffice@wcpstage.com,Production,"7272 Maple Street, Westminster, CA",Westminster,CA,,US,http://www.wcpstage.com,(714) 893-8626,https://www.facebook.com/westminstercommunityplayhouse,https://www.instagram.com/wcp_stage/,CONCORD,https://www.concordtheatricals.com/p/59488/the-picture-of-dorian-gray-o-connor-holland,extended run,Amateur,2026-08-18
Assassins,Wild Goose Players,Next Stage Arts,2026-11-06,2026-11-15,info@nextstagearts.org,Production,"15 Kimball Hill, Putney, VT 05346",Putney,VT,5346,US,http://nextstagearts.org,(802) 387-0102,https://www.facebook.com/nextstagearts/,https://www.instagram.com/nextstagearts/,MTI,https://www.mtishows.com/shows,performance run,Non-Professional,2026-08-18
Shrek The Musical Kids,Wildfish Theatre Company,Wildfish Theatre Company,2026-11-06,2026-11-29,admin@wildfishtheatre.com,Production,"1703 D-1 Post Oak Blvd, Houston, TX 77056",Houston,TX,77056,US,http://www.wildfishtheatre.com,(713) 899-7595,https://www.facebook.com/wildfishtheatre,,MTI,https://www.mtishows.com/shows,extended run,Non-Professional,2026-08-18
The Most Happy Fella,Winter Opera St Louis,Kirkwood Performing Arts Center,2026-11-06,2026-11-08,thekpac@kirkwoodmo.org,Production,"210 East Monroe, Kirkwood, MO 63122",Kirkwood,MO,63122,US,https://www.thekpac.org,314-759-1455,http://facebook.com/theKPAC,http://instagram.com/thekpac,MTI,https://www.mtishows.com/shows,performance run,Non-Professional,2026-08-18
Disney's Alice In Wonderland Jr.,"Ziegfeld Theater, Llc",Ziegfeld Arts Academy,2026-11-06,2026-11-14,ziegfeldacademy@gmail.com,Production,"3934 Washington Blvd., 3934 Washington Blvd, Ogden, UT 84403",Ogden,UT,84403,US,http://www.zigartsacademy.com,855-944-2787,https://www.facebook.com/zigartsacademy,https://www.instagram.com/ziegfeldartsacademy/,MTI,https://www.mtishows.com/shows,performance run,Non-Professional,2026-08-25
Annie Kids,Barshop Jewish Community Center Of San Antonio,Jcc Theatre,2026-11-07,2026-11-08,jcc@jcc-sa.org,Production,"12500 Nw Military Hwy, San Antonio, TX 78231",San Antonio,TX,78231,US,http://jccsanantonio.org,(210) 302-6820,http://www.facebook.com/jccsanantonio/,https://www.instagram.com/the.j.sa/,MTI,https://www.mtishows.com/shows,performance run,Non-Professional,2026-08-18
Clue,Hebrew Tabernacle,Hebrew Tabernacle,2026-11-07,2026-11-14,info@piedpiper.nyc,Production,"551 Fort Washington Avenue, New York, NY",New York,NY,,US,http://piedpiper.nyc,(718) 496-7233,http://facebook.com/PiedPiperChildrensTheatre,http://instagram.com/piedpipertheatre,CONCORD,https://www.concordtheatricals.com/p/98692/clue,performance run,Amateur,2026-08-18
Mamma Mia!,Lewis Cass High School,Lewis Cass Jr. Sr. High School,2026-11-07,2026-11-08,adamsl@lewiscass.net,Production,"6422 E. State Road 218, Walton, IN 46994",Walton,IN,46994,US,http://lewiscass.net,(877) 226-1026,https://www.facebook.com/lewiscassschools/,,MTI,https://www.mtishows.com/shows,performance run,School,2026-08-18
The Prom,Little Theatre Of Manchester,Little Theatre of Manchester,2026-11-07,2026-11-23,info@cheneyhall.org,Production,"Manchester, CT",Manchester,CT,,US,http://www.cheneyhall.org,(860) 647-9824,https://www.facebook.com/LittleTheatreManchester/,https://instagram.com/the_ltm/,TRW,https://www.theatricalrights.com/show/prom/,extended run,,2026-08-18
Irving Berlin's White Christmas,Morgan-Wixson Theater,Morgan-Wixson Theater,2026-11-07,2026-12-06,hollister@morgan-wixson.org,Production,"2627 Pico Blvd., Santa Monica, CA",Santa Monica,CA,,US,https://www.morgan-wixson.org/,(310) 828-7519,https://www.facebook.com/MorganWixson/,https://www.instagram.com/morganwixson/,CONCORD,https://www.concordtheatricals.com/p/44974/irving-berlin-s-white-christmas,extended run,Amateur,2026-08-18
Disney's Frozen Kids,Newington Childrens Theatre Company,John Wallace Middle School,2026-11-07,2026-11-07,nctc1617@gmail.com,Production,"71 Halleran Dr, Newington, CT 06111",Newington,CT,6111,US,http://www.nctcarts.org,+18605007069,https://www.facebook.com/nctcarts,https://www.instagram.com/nctcarts,MTI,https://www.mtishows.com/shows,performance run,Non-Professional,2026-08-18
Disney's The Jungle Book Kids,Our Lady Of Mercy School,Our Lady Of Mercy,2026-11-07,2026-11-07,mbuzbee@olomschool.org,Organizations,"55 4th Ave, East Greenwich, RI 02818",East Greenwich,RI,2818,US,,,,,MTI,https://www.mtishows.com/shows,performance run,School,2026-08-18
Mean Girls Jr,Paris High School,Paris High School,2026-11-07,2026-11-07,gary.preston@parisisd.net,Organizations,"14040 E 1200th Rd, Paris, IL 61944",Paris,IL,61944,US,,,,,MTI,https://www.mtishows.com/shows,performance run,School,2026-08-18
Into The Woods Jr,South Of Broadway Theatre Co,South Of Broadway,2026-11-07,2026-11-08,hello@southofbroadway.com,Production,"3346 1a Rivers Ave, North Charleston, SC 29405",North Charleston,SC,29405,US,http://www.southofbroadway.com,8438144451,https://www.facebook.com/SOBTC,https://www.instagram.com/southofbroadway/,MTI,https://www.mtishows.com/shows,performance run,Non-Professional,2026-08-27
Disney's 101 Dalmatians Kids,Starlights Youth Theatre,Eric Carle,2026-11-07,2026-11-07,boxoffice@aomtheatre.com,Organizations,"125 West Bay Rd., Amherst, MA 01002",Amherst,MA,1002,US,http://starlights-youth-theatre..org,,,,MTI,https://www.mtishows.com/shows,performance run,Non-Professional,2026-08-18
Our Town,Neptune Theatre,Neptune Theatre,2026-11-10,2026-11-15,agent@neptunetheatre.com,Production,"1593 Argyle St, Halifax, NS, CA",Halifax,NS,,CA,http://www.neptunetheatre.com,(902) 429-7070,https://www.facebook.com/neptunetheatre,https://www.instagram.com/NeptuneTheatre/,CONCORD,https://www.concordtheatricals.com/p/646/our-town,performance run,Amateur,2026-08-18
Roald Dahl's Charlie And The Chocolate Factory Jr.,St Charles Borromeo School,St Charles Borromeo School,2026-11-10,2026-11-14,schoolinfo@stcharlesb.org,Production,"7112 South 12th Street, Tacoma, WA 98465",Tacoma,WA,98465,US,http://www.stcharlesb.org,(253) 564-5185,https://www.facebook.com/scbtacoma,https://www.instagram.com/stcharlestacoma/,MTI,https://www.mtishows.com/shows,performance run,Non-Professional,2026-08-18
Mary Poppins Jr,Davinci Academy Of Arts And Sciences,Performing Arts Center,2026-11-11,2026-11-14,enrollment@davincicharterschool.org,Production,"532 Bunker Lake Blvd Ne, Ham Lake, MN 55304",Ham Lake,MN,55304,US,http://www.davincicharterschool.org,(763) 754-6577,https://www.facebook.com/davincicharterschool/,https://www.instagram.com/davincicharterschool/,MTI,https://www.mtishows.com/shows,performance run,Non-Professional,2026-08-18
Urinetown,Dean College,The Mainstage,2026-11-11,2026-11-15,tsullivan@dean.edu,Production,"109 West Central Street, Franklin, MA 02038",Franklin,MA,2038,US,http://www.dean.edu,(508) 541-1668,https://www.facebook.com/DeanCollege,https://www.instagram.com/deancollege/,MTI,https://www.mtishows.com/shows,performance run,School,2026-08-18
Roald Dahl's Matilda The Musical Jr,Legacy Preparatory Academy (north Campus),Legacy Preparatory Academy,2026-11-11,2026-11-14,info@legacyprep.org,Production,"1228 West 2185 South, Woods Cross, UT 84087",Woods Cross,UT,84087,US,http://legacyprep.org,(801) 294-2801,https://www.facebook.com/LegacyPrepLions,https://www.instagram.com/lpalions/,MTI,https://www.mtishows.com/shows,performance run,Non-Professional,2026-08-18
Little Shop Of Horrors,Metropolitan Community College Longview (mcc),Metropolitan Community College,2026-11-11,2026-12-05,infocenter@mcckc.edu,Production,"500 Sw Longview Road, Lees Summit, MO 64081",Lees Summit,MO,64081,US,http://www.mcckc.edu,(816) 604-1000,https://www.facebook.com/mcckansascity,https://www.instagram.com/mcckansascity/,MTI,https://www.mtishows.com/shows,extended run,School,2026-08-18
Requiem for a Heavyweight,"Monroe Stage, 6th Street Playhouse","Monroe Stage, 6th Street Playhouse",2026-11-11,2026-11-11,boxoffice@6thstreetplayhouse.com,Production,"52 W. 6th Street, Santa Rosa, CA",Santa Rosa,CA,,US,http://www.6thstreetplayhouse.com,(707) 523-4185,https://www.facebook.com/6thStreetPlayhouse,https://www.instagram.com/6thstplayhouse,CONCORD,https://www.concordtheatricals.com/p/9014/requiem-for-a-heavyweight,performance run,Amateur,2026-08-26
Girls Just Want To Have Fun,Point Park University,Pnc Theatre/pittsburgh Playhouse,2026-11-11,2026-11-22,playhousedevelopment@pointpark.edu,Production,"Pittsburgh Playhouse/point Park Uni, Pittsburgh Playhouse/point Park Uni, Pittsburgh, PA 15222",Pittsburgh,PA,15222,US,http://www.pittsburghplayhouse.com/default.aspx?id=835,(412) 392-3404,https://www.facebook.com/pittsburgh.playhouse,https://www.instagram.com/pghplayhouse/,MTI,https://www.mtishows.com/shows,performance run,School,2026-08-18
Sherlock Holmes and the Adventure of the Elusive Ear,Unicorn Theatre,Unicorn Theatre,2026-11-11,2026-11-29,unicorn.theatre@outlook.com,Organizations,"Kansas City, MO",Kansas City,MO,,US,http://www.unicorntheatre.org,,,,TRW,https://www.theatricalrights.com/show/sherlock-holmes-adventure-elusive-ear/,extended run,,2026-08-18
Shrek The Musical,Alleman High School,Spaeth Performing Arts Center,2026-11-12,2026-11-15,alleman@allemanhighschool.org,Production,"Alleman High School, 1103 40th Street, Rock Island, IL 61201",Rock Island,IL,61201,US,http://www.allemanhighschool.org,(309) 786-7793,https://www.facebook.com/allemanhighschool,https://www.instagram.com/allemanhighschool,MTI,https://www.mtishows.com/shows,performance run,School,2026-08-18
13,Archbishop Wood High School,Archbishop Wood High School,2026-11-12,2026-11-15,natalie.lahiff@archwood.org,Production,"655 York Road, Warminster, PA 18974",Warminster,PA,18974,US,http://www.archwood.org,(215) 672-5050,https://www.facebook.com/ArchbishopWood/,https://instagram.com/,MTI,https://www.mtishows.com/shows,performance run,School,2026-08-18
Mary Poppins,Arts In Motion Community Youth Theater,Phsc Ipac,2026-11-12,2026-11-21,aimtheaterinfo@gmail.com,Production,"8657 Old Pasco Road, Wesley Chapel, FL 33544",Wesley Chapel,FL,33544,US,http://artsinmotionpasco.org,352-834-1246,http://www.facebook.com/artsinmotionpasco,http://instagram.com/aimpasco,MTI,https://www.mtishows.com/shows,performance run,Non-Professional,2026-08-18
The Wizard of Oz: Youth Edition,Asheville Christian Academy Auditorium,Asheville Christian Academy Auditorium,2026-11-12,2026-11-14,info@ashevillechristian.org,Production,"74 Riverwood Road, Swannanoa, NC",Swannanoa,NC,,US,http://www.ashevillechristian.org,(828) 581-2208,https://www.facebook.com/Asheville-Christian-Academy-ACA-138599732849374/,https://www.instagram.com/ashevillechristian/,CONCORD,https://www.concordtheatricals.com/p/65770/the-wizard-of-oz-youth-edition,performance run,Amateur,2026-08-18
Alice By Heart,Baltimore School For The Arts,The Baltimore School For The Arts,2026-11-12,2026-11-21,communications@bsfa.org,Production,"712 Cathedral Street, Baltimore, MD 21201",Baltimore,MD,21201,US,http://www.bsfa.org,(443) 642-5165,https://www.facebook.com/BaltimoreSchoolfortheArts,https://www.instagram.com/baltschoolarts,MTI,https://www.mtishows.com/shows,performance run,School,2026-08-18
Come From Away,Blinn College - Bryan Campus,Blinn College - Bryan Campus,2026-11-12,2026-11-22,admissions@blinn.edu,Production,"2423 Blinn Blvd, Student Center - F120, Bryan, TX 77802",Bryan,TX,77802,US,https://www.blinn.edu/theatre/index.html,(979) 830-4288,https://www.facebook.com/BlinnTheatre,https://www.instagram.com/blinntheatre,MTI,https://www.mtishows.com/shows,performance run,School,2026-08-18
Dear Evan Hansen,Blue Water Theatre Company,Blue Water Theatre Company,2026-11-12,2026-11-22,board.president@bluewatertheatre.com,Production,"605 Rice St E, Wayzata, MN 55391",Wayzata,MN,55391,US,http://www.bluewatertheatre.com,(612) 208-6764,https://www.facebook.com/bluewatertheatrecompany,https://www.instagram.com/bluewatertheatre/,MTI,https://www.mtishows.com/shows,performance run,Non-Professional,2026-08-18
Man of La Mancha,Boone Community Theatre,Boone Community Theatre,2026-11-12,2026-11-21,mail@boonecommunitytheatre.org,Organizations,"711 Story St, Boone, IA",Boone,IA,,US,,,,,CONCORD,https://www.concordtheatricals.com/p/92096/man-of-la-mancha,performance run,Amateur,2026-08-18
Disney's Frozen Jr,Central Community Theatre,Independence Park Theatre,2026-11-12,2026-11-14,theatre@brec.org,Production,"7800 Independence Blvd., Baton Rouge, LA 70806",Baton Rouge,LA,70806,US,http://www.theparktheatre.com,(225) 216-0660,https://www.facebook.com/independenceparktheatre/,https://www.instagram.com/brec_parks/,MTI,https://www.mtishows.com/shows,performance run,Non-Professional,2026-08-18
Peter And The Starcatcher,Chapel Hill High School,Hanes Theatre,2026-11-12,2026-11-14,noah.marcus@chccs.k12.nc.us,Production,"9217 Seawell School Rd, Chapel Hill, NC 27516-8707",Chapel Hill,NC,27516-8707,US,https://sites.google.com/site/hanestheatre,,,,MTI,https://www.mtishows.com/shows,performance run,School,2026-08-18
Into The Woods,Community Clge Of Baltimore Cnty& Cockpit In Court,Ccbc Catonsville Mainstage,2026-11-12,2026-11-16,ilapteva@ccbcmd.edu,Production,"800 South Rolling Road, Catonsville, MD 21228",Catonsville,MD,21228,US,http://ccbcmd.edu/arts,(443) 840-2836,https://www.facebook.com/ccbcperformingarts/,https://www.instagram.com/ccbcperformingarts/,MTI,https://www.mtishows.com/shows,performance run,School,2026-08-18
The Moors,Cowley College Auditorium,Cowley College Auditorium,2026-11-12,2026-11-14,admissions@cowley.edu,Production,"125 South 2nd Street, Arkansas City, KS",Arkansas City,KS,,US,http://www.cowley.edu,+1-800-593-2222,https://www.facebook.com/CowleyCollege,https://www.instagram.com/cowleycollege/,CONCORD,https://www.concordtheatricals.com/p/60712/the-moors,performance run,Amateur,2026-08-18
Bring It On,Crossroads School,Crossroads Theatre,2026-11-12,2026-11-14,admission@xrds.org,Production,"1714 21st St, Santa Monica, CA 90404",Santa Monica,CA,90404,US,http://www.xrds.org,(310) 828-1196,http://www.facebook.com/crossroadsschool,https://www.instagram.com/crossroadsschool/,MTI,https://www.mtishows.com/shows,performance run,School,2026-08-18
Disney's The Little Mermaid,Cyt San Antonio,Brauntex Performing Arts Theatre,2026-11-12,2026-11-15,ad@cytsanantonio.org,Production,"290 W. San Antonio St., New Braunfels, TX 78130",New Braunfels,TX,78130,US,http://www.brauntex.org,,https://www.facebook.com/cytsanewbraunfels/,https://www.instagram.com/cytsanantonio/,MTI,https://www.mtishows.com/shows,performance run,Non-Professional,2026-08-18
Shrek The Musical Jr,Dowell Middle School,Dowell Middle School,2026-11-12,2026-11-14,communications@mckinneyisd.net,Production,"301 Ridge Rd., Mckinney, TX 75070",Mckinney,TX,75070,US,http://www.mckinneyisd.net,,,,MTI,https://www.mtishows.com/shows,performance run,Non-Professional,2026-08-18
Mary Poppins Jr,Eagle Hill Middle School,Eagle Hill Middle School,2026-11-12,2026-11-14,mparvey@fmschools.org,Production,"4645 Enders Road, Manlius, NY 13104",Manlius,NY,13104,US,http://www.fmschools.org,(315) 692-1234,https://www.facebook.com/FMSchools,https://www.instagram.com/fm_schools/,MTI,https://www.mtishows.com/shows,performance run,Non-Professional,2026-08-18
James And The Giant Peach-tya,Eastern Illinois Univ Theatre Dept,Black Box Theatre,2026-11-12,2026-11-15,doudnatix@eiu.edu,Production,"600 Lincoln Ave., Eastern Illinois University, Charleston, IL 61920",Charleston,IL,61920,US,http://www.eiu.edu/doudna,(217) 581-3110,https://www.facebook.com/doudnaeiu,https://www.instagram.com/doudnaeiu/,MTI,https://www.mtishows.com/shows,performance run,School,2026-08-27
Roald Dahl's Charlie And The Chocolate Factory Jr.,Edgewood Middle School,Edgewood Middle School,2026-11-12,2026-11-14,jill.spencer@mvpschools.org,Production,"5100 N Edgewood Drive, Mounds View, MN 55112",Mounds View,MN,55112,US,http://moundsviewschools.net,(651) 621-6000,https://www.facebook.com/mvpschools,https://www.instagram.com/mvpschools/,MTI,https://www.mtishows.com/shows,performance run,Non-Professional,2026-08-18
Frozen,Fall Creek High School,Fall Creek High School,2026-11-12,2026-11-15,teresareetz@fallcreek.k12.wi.us,Production,"336 East Hoover Avenue, Fall Creek, WI 54742",Fall Creek,WI,54742,US,http://www.fallcreek.k12.wi.us,(715) 877-1001,https://www.facebook.com/pages/Fall-Creek-High-School-Sports-History/473467199405052,http://instagram.com/fccrickets,MTI,https://www.mtishows.com/shows,performance run,School,2026-08-18
How To Train Your Dragon The Musical Jr.,Fillmore Central School,Fillmore Central School,2026-11-12,2026-11-14,etalbot@fillmorecsd.org,Production,"104 Main Street, Fillmore, NY 14735",Fillmore,NY,14735,US,http://www.fillmorecsd.org,(585) 567-2251,https://www.facebook.com/FillmoreCentralSchool,https://www.instagram.com/fillmoreeagles/,MTI,https://www.mtishows.com/shows,performance run,Non-Professional,2026-08-19
Peter And The Starcatcher,Fire And Light Productions,Parkview Physicians Artslab,2026-11-12,2026-11-14,lisa@fireandlightproductions.com,Production,"300 E Main Street, Fort Wayne, IN 46802",Fort Wayne,IN,46802,US,http://fireandlightproductions.com,,http://facebook.com/FnLAcad,https://www.instagram.com/fireandlightproductions/,MTI,https://www.mtishows.com/shows,performance run,Non-Professional,2026-08-18
Clue (High School Edition),Franklin Christian Academy,Franklin Christian Academy,2026-11-12,2026-11-14,info@franklinchristianacademy.org,Production,"1 Falcon Way E, Franklin, TN",Franklin,TN,,US,http://franklinchristianacademy.org,(615) 599-9229,https://www.facebook.com/franklinchristianacademy/,https://www.instagram.com/franklinchristianacademy/,CONCORD,https://www.concordtheatricals.com/p/100970/clue-high-school-edition,performance run,Amateur,2026-08-18
Arsenic and Old Lace,Franklin High School,Franklin High School,2026-11-12,2026-11-15,durso@livoniapublicschools.org,Organizations,"8222 South 51st St., Franklin, WI",Franklin,WI,,US,,,,,CONCORD,https://www.concordtheatricals.com/p/98176/arsenic-and-old-lace,performance run,Amateur,2026-08-18
Bonnie And Clyde,Ghost Light Theatricals,Norman J. Pattiz Concert Hall,2026-11-12,2026-11-14,friendsofampa@gmail.com,Production,"2955 S Robertson Blvd, Los Angeles, CA 90034-3116",Los Angeles,CA,90034-3116,US,http://hamiltonmusic.org,,https://www.facebook.com/academyofmusicandperformingarts/,,MTI,https://www.mtishows.com/shows,performance run,Non-Professional,2026-08-18
Children Of Eden Jr.,Immaculate Conception Catholic Regional School,Immaculate Conception Regional,2026-11-12,2026-11-14,office@iccatholicschool.org,Production,"235 Garden Hills Drive, Cranston, RI 02920",Cranston,RI,2920,US,http://www.iccatholicschool.org,(401) 942-7245,,,MTI,https://www.mtishows.com/shows,performance run,School,2026-08-18
Alanis Morissette's Jagged Little Pill: The Musical,JAMF Theatre,JAMF Theatre,2026-11-12,2026-11-15,boxoffice@pablocenter.org,Production,"128 Graham Ave, Eau Claire, WI",Eau Claire,WI,,US,http://www.pablocenter.org,,https://www.facebook.com/pablocenterec,https://www.instagram.com/pablocenter,CONCORD,https://www.concordtheatricals.com/p/95247/alanis-morissette-s-jagged-little-pill-the-musical,performance run,Amateur,2026-08-18
Into The Woods,Kent State University,Kent State - Kent Trumbull Theatre,2026-11-12,2026-11-22,trumbullinfo@kent.edu,Production,"4314 Mahoning Nw, Warren, OH 44483",Warren,OH,44483,US,http://www.trumbull.kent.edu,(330) 847-0571,,,MTI,https://www.mtishows.com/shows,performance run,School,2026-08-18
The Sound of Music,Kincardine Centre for the Arts,Kincardine Centre for the Arts,2026-11-12,2026-12-05,info@kincardinetheatreguild.com,Production,"707 Queen Street, Kincardine, ON, CA",Kincardine,ON,,CA,http://www.kincardinetheatreguild.com,519-396-9000,https://www.facebook.com/KincardineTheatreGuild/,https://www.instagram.com/KincardineTheatreGuild/,CONCORD,https://www.concordtheatricals.com/p/57263/the-sound-of-music,extended run,Amateur,2026-08-18
Dr. Seuss's How The Grinch Stole Christmas!,Lafayette Christian Academy,Lafayette Christian Academy,2026-11-12,2026-11-21,info@lafayettechristianacademy.com,Production,"223 Stone Avenue, Lafayette, LA 70507",Lafayette,LA,70507,US,http://lafayettechristianacademy.com,(337) 234-9860,https://www.facebook.com/LCAKnights,https://instagram.com/lcaknights/,MTI,https://www.mtishows.com/shows,performance run,School,2026-08-18
James And The Giant Peach Jr.,Lake Tahoe School,Lake Tahoe School/duffield Hall,2026-11-12,2026-11-13,info@laketahoeschool.org,Production,"995 Tahoe Blvd, Incline Village, NV 89451-9795",Incline Village,NV,89451-9795,US,http://www.laketahoeschool.org,(775) 831-5828,https://www.facebook.com/laketahoeschool,https://www.instagram.com/laketahoeschool/,MTI,https://www.mtishows.com/shows,performance run,Non-Professional,2026-08-18
Disney's Moana Jr.,Liberty Christian Academy,Lca Stage,2026-11-12,2026-11-14,lcabulldogsinfo@liberty.edu,Production,"3701 Candlers Mountain Road, Lynchburg, VA 24502",Lynchburg,VA,24502,US,http://www.lcabulldogs.com,(434) 832-2000,https://www.facebook.com/LibertyChristianAcademylca/,https://www.instagram.com/lca_bulldogs/,MTI,https://www.mtishows.com/shows,performance run,School,2026-08-18
Little Women,Little Chute High School,Little Chute High School,2026-11-12,2026-11-14,district@littlechute.k12.wi.us,Production,"1402 North Freedom Road, Little Chute, WI 54140",Little Chute,WI,54140,US,http://www.littlechute.k12.wi.us,(920) 788-7605,https://www.facebook.com/lcasdmustangs/,https://www.instagram.com/lcmustangs,MTI,https://www.mtishows.com/shows,performance run,School,2026-08-18
Roald Dahl's Matilda The Musical Jr,Littleton High School,Littleton High School,2026-11-12,2026-11-14,info@lhsperformingarts.net,Organizations,"159 Oak Hill Ave, Littleton, NH 03561",Littleton,NH,3561,US,,,,,MTI,https://www.mtishows.com/shows,performance run,School,2026-08-18
Disney's Newsies Jr.,Menotomy Musical Theater,Belmont Town Hall Auditorium,2026-11-12,2026-11-14,info@menotomymusicaltheater.com,Production,"455 Concord Avenue, Belmont, MA 02478",Belmont,MA,2478,US,http://www.menotomymusicaltheater.com,,https://www.facebook.com/menotomymusicaltheater/,,MTI,https://www.mtishows.com/shows,performance run,Non-Professional,2026-08-18
Little Shop Of Horrors,Oxbow High School,Oxbow High School,2026-11-12,2026-11-14,ohsattendance@oesu.org,Production,"36 Oxbow Drive, Bradford, VT 05033",Bradford,VT,5033,US,http://www.oxbowhighschool.org/,(802) 222-5214,,,MTI,https://www.mtishows.com/shows,performance run,School,2026-08-18
Roald Dahl's Willy Wonka Jr.,Pat M Neff Middle School,Pat Neff Middle School,2026-11-12,2026-11-13,info@nisd.net,Production,"5227 Evers Road, San Antonio, TX 78238",San Antonio,TX,78238,US,http://www.nisd.net/neff,(210) 397-4100,https://www.facebook.com/nisdpatneff/,https://www.instagram.com/NorthsideISD,MTI,https://www.mtishows.com/shows,performance run,Non-Professional,2026-08-18
Urinetown,Renegade Theater Company,Zeitgeist Theater,2026-11-12,2026-11-21,boxoffice@zeitgeistarts.com,Production,"222 East Superior Street, Duluth, MN 55802",Duluth,MN,55802,US,http://www.zeitgeistarts.com,(218) 726-5430,https://www.facebook.com/zeitgeistduluth,https://www.instagram.com/zeitgeistduluth,MTI,https://www.mtishows.com/shows,performance run,Non-Professional,2026-08-18
Spring Awakening,Riverfront Theater Company,Allegheny Rivertrail Park,2026-11-12,2026-11-21,info@alleghenyrivertrailpark.org,Production,"285 River Ave, Aspinwall, PA 15215",Aspinwall,PA,15215,US,http://www.alleghenyrivertrailpark.org,(412) 781-2340,https://www.facebook.com/AlleghenyRiverTrailPark,https://www.instagram.com/alleghenyrivertrailpark/,MTI,https://www.mtishows.com/shows,performance run,Non-Professional,2026-08-18
The 25th Annual Putnam County Spelling Bee,Rufus King International High School,General's Stage,2026-11-12,2026-11-14,generalsstage@gmail.com,Production,"1801 W Olive St, Milwaukee, WI 53209",Milwaukee,WI,53209,US,http://rufuskinghs.com/generalsstage,,,,MTI,https://www.mtishows.com/shows,performance run,School,2026-08-18
Disney's Dare To Dream Jr,Showtime Theatre Company,Showtimw Theatre-galleria Mall,2026-11-12,2026-11-15,info@showtimetheatrecompany.com,Production,"2301 Dave Lyle Blvd, Rock Hill, SC 29730",Rock Hill,SC,29730,US,http://www.showtimetheatrecompany.com,(704) 488-6703,,,MTI,https://www.mtishows.com/shows,performance run,Non-Professional,2026-08-18
Trolls The Musical Jr.,Shrewsbury Parks And Recreation,Shrewsbury Civic Center,2026-11-12,2026-11-15,shrewsbury@cityofshrewsbury.com,Production,"5200 Shrewsbury Avenue, Shrewsbury, MO 63119",Shrewsbury,MO,63119,US,http://www.cityofshrewsbury.com,(314) 647-5795,https://www.facebook.com/CityofShrewsburyMO/,,MTI,https://www.mtishows.com/shows,performance run,Non-Professional,2026-08-18
Mamma Mia!,Southwest High School,Southwest,2026-11-12,2026-11-14,laura.jimenez@fwisd.org,Production,"4100 Altamesa Blvd, Ft Worth, TX 76133",Ft Worth,TX,76133,US,http://fwisd.org,(817) 814-2000,https://www.facebook.com/fortworthisd,https://instagram.com/fortworthisd,MTI,https://www.mtishows.com/shows,performance run,School,2026-08-18
The Wolves,Spartan Theater at MVHS,Spartan Theater at MVHS,2026-11-12,2026-11-14,office@themusicschool.org,Production,"3535 Truman Avenue, Mountain View, CA",Mountain View,CA,,US,http://www.themusicschool.org,(408) 739-9248,https://www.facebook.com/themusicschool.org,,CONCORD,https://www.concordtheatricals.com/p/62099/the-wolves,performance run,Amateur,2026-08-28
Frozen,St Michael Albertville High School,Performing Arts Center,2026-11-12,2026-11-15,stmaschools@mystma.org,Production,"5800 Jamison Avenue Ne, Saint Michael, MN 55376",Saint Michael,MN,55376,US,http://www.stma.k12.mn.us/,(763) 497-3180,https://www.facebook.com/StMichaelAlbertvillePublicSchools885/,,MTI,https://www.mtishows.com/shows,performance run,School,2026-08-18
Disney's The Little Mermaid Jr,St Therese School,St Therese School,2026-11-12,2026-11-13,ombudsman@diocesekcsj.org,Production,"7277 Mo-9, Kansas City, MO 64152",Kansas City,MO,64152,US,http://saintthereseschool.org,(816) 741-2800,https://www.facebook.com/stthereseparishcommunity,https://www.instagram.com/stsnorthkc/,MTI,https://www.mtishows.com/shows,performance run,Non-Professional,2026-08-18
The Shark Is Broken,Stage 212,Stage 212,2026-11-12,2026-11-22,boxoffice@stage212.org,Production,"700 1st Street, La Salle, IL",La Salle,IL,,US,http://www.stage212.org,+ 815.224.3025,https://www.facebook.com/stage212/,https://www.instagram.com/stage212/,CONCORD,https://www.concordtheatricals.com/p/102503/the-shark-is-broken,performance run,Amateur,2026-08-18
Robin Hood (Blamire),Steve Primis Auditorium,Steve Primis Auditorium,2026-11-12,2026-11-14,cerdrama@gmail.com,Production,"16525 S Birchwood Loop Rd, CHUGIAK, AK",CHUGIAK,AK,,US,http://cerdrama.com,(907) 854-2579,,,CONCORD,https://www.concordtheatricals.com/p/8541/robin-hood-blamire,performance run,Amateur,2026-08-18
Disney's Descendants,Theatre With A Twist,Theatre With A Twist,2026-11-12,2026-11-15,theatrewithatwist@gmail.com,Production,"93 Willow Street, Acton, MA 01720",Acton,MA,1720,US,http://www.theatrewithatwist.org,(978) 302-0985,https://www.facebook.com/profile.php,https://www.instagram.com/theatrewithatwist/,MTI,https://www.mtishows.com/shows,performance run,Non-Professional,2026-08-18
Guys And Dolls,Univ Of Georgia,University Of Georgia,2026-11-12,2026-11-22,dram-web@franklin.uga.edu,Production,"Dept Of Theatre And Film Studies, 203 Fine Arts Building, Athens, GA 30602",Athens,GA,30602,US,http://www.drama.uga.edu,(706) 542-3000,https://www.facebook.com/UGATheatreAndFilmStudies/,https://www.instagram.com/ugatheatre/,MTI,https://www.mtishows.com/shows,performance run,School,2026-08-18
Roald Dahl's Matilda The Musical Jr,Village Christian School,Village Christian School,2026-11-12,2026-11-15,vcvolunteers@villagechristian.org,Production,"8930 Village Ave., Sun Valley, CA 91352",Sun Valley,CA,91352,US,http://www.villagechristian.org,+18187678382,https://www.facebook.com/VillageChristianSchool,https://www.instagram.com/vcscrusaders/,MTI,https://www.mtishows.com/shows,performance run,School,2026-08-20
Spring Awakening,Villanova University,Villanova Theatre,2026-11-12,2026-11-22,novavsmt@gmail.com,Production,"Mullen Performing Arts Center, 800 E. Lancaster Ave., Villanova, PA 19085",Villanova,PA,19085,US,http://www.theatre.villanova.edu,,https://www.facebook.com/villanovastudentmusicaltheatre,https://www.instagram.com/novavsmt/,MTI,https://www.mtishows.com/shows,performance run,School,2026-08-18
A Christmas Carol,Wavestage Theatre,Newroads Centre For The Art,2026-11-12,2026-11-15,info@wavestagetheatre.com,Production,"505 Pickering Cres, Newmarket, ON L3Y 8H1, CA",Newmarket,ON,L3Y 8H1,CA,http://wavestagetheatre.com,,https://www.facebook.com/WavestageTheatre,http://instagram.com/wavestage,MTI,https://www.mtishows.com/shows,performance run,Non-Professional,2026-08-18
The 25th Annual Putnam County Spelling Bee,Winthrop High School,Karen Calinda,2026-11-12,2026-11-14,kcalinda@winthrop.k12.ma.us,Production,"400 Main Street, Winthrop, MA 02152",Winthrop,MA,2152,US,http://winthropdramasociety.com,,https://www.google.com/url,https://www.google.com/url,MTI,https://www.mtishows.com/shows,performance run,School,2026-08-18
Pippin,Wright State University,Festival Playhouse,2026-11-12,2026-11-22,sofpa@wright.edu,Production,"3640 Colonel Glenn Highway, Creative Arts Center 140, Dayton, OH 45435",Dayton,OH,45435,US,http://www.wright.edu/tdmp,(937) 775-1000,http://www.facebook.com/WrightStateUniversity,https://www.instagram.com/wrightstateu/,MTI,https://www.mtishows.com/shows,performance run,School,2026-08-18
Dear Evan Hansen,Artistry Community Theatre (act) Corp.,The Strand,2026-11-13,2026-11-15,info@artistrytheatre.org,Production,"23 Brinkerhoff Street, Plattsburgh, NY 12901",Plattsburgh,NY,12901,US,http://artistrytheatre.org,,,,MTI,https://www.mtishows.com/shows,performance run,Non-Professional,2026-08-18
Annie,Atchison County Community Jr/sr High School,Atchison County Community Jr/sr H.s,2026-11-13,2026-11-15,katy.hatch@ksde.gov,Production,"908 Tiger Rd, Effingham, KS 66023-4075",Effingham,KS,66023-4075,US,http://usd377.org,(913) 833-5050,https://www.facebook.com/atchisoncountycommunityschools/,https://www.instagram.com/atchisoncountytigers/,MTI,https://www.mtishows.com/shows,performance run,School,2026-08-18
Into The Woods,Belmont Abbey College Players,The Abbey Players,2026-11-13,2026-11-22,info@bac.edu,Production,"Belmont Abbey College, 100 Belmont Mount Holly Road, Belmont, NC 28012",Belmont,NC,28012,US,http://www.abbeyplayers.org,(704) 461-6787,https://www.facebook.com/belmontabbey,https://www.instagram.com/belmontabbey/,MTI,https://www.mtishows.com/shows,performance run,School,2026-08-18
A Gentleman's Guide To Love And Murder,Binghamton University By Its Affiliate Bfss Llc,Watters Theater,2026-11-13,2026-11-21,info@binghamton.edu,Production,"4400 Vestal Parkway East, Fa 127, Binghamton, NY 13902",Binghamton,NY,13902,US,http://www.binghamton.edu,+1-607-777-2000,https://www.facebook.com/BinghamtonU,https://www.instagram.com/binghamtonu/,MTI,https://www.mtishows.com/shows,performance run,School,2026-08-18
The Play That Goes Wrong (High School Edition),Bishop Ireton High School,Bishop Ireton High School,2026-11-13,2026-11-22,info@bishopireton.org,Production,"201 Cambridge Road, Alexandria, VA",Alexandria,VA,,US,http://www.bishopireton.org/,703-751-7606,https://www.facebook.com/bishopiretonhs/,https://www.instagram.com/bishopiretonhs,CONCORD,https://www.concordtheatricals.com/p/101014/the-play-that-goes-wrong-high-school-edition,performance run,Amateur,2026-08-18
Annie Jr,Bloomfield Central School District,Bloomfield Central School District,2026-11-13,2026-11-14,contactus@bloomfieldcsd.org,Production,"1 Oakmount Ave, Bloomfield, NY 14469",Bloomfield,NY,14469,US,http://bloomfieldcsd.org,(585) 657-6121,https://www.facebook.com/bloomfieldcsd/posts/pfbid02Xba4R6UZ8szKZMza1iQkcJZjFr2fCKXsJnYRqZZ45YbgSdQcPPPSyeLhRgJ79FE9l,,MTI,https://www.mtishows.com/shows,performance run,School,2026-08-18
Theory Of Relativity,Bucknell University,Rooke Recital Hall,2026-11-13,2026-11-14,music@bucknell.edu,Production,"1 Dent Drive, Siegfried Weis Music Building, Lewisburg, PA 17837",Lewisburg,PA,17837,US,https://www.bucknell.edu/academics/college-arts-sciences/academic-departments-programs/music,(570) 577-2000,https://www.facebook.com/BucknellU/,https://www.instagram.com/bucknellu,MTI,https://www.mtishows.com/shows,performance run,School,2026-08-22
Seussical Jr.,Center For Home Education,Center For Home Education,2026-11-13,2026-11-21,mail@centerforhomeeducation.com,Production,"5733 Watauga Road, Watauga, TX 76148",Watauga,TX,76148,US,http://www.centerforhomeeducation.com,817-281-2293,https://www.facebook.com/thecenterforhomeeducation,https://www.instagram.com/thecenterforhomeeducation/,MTI,https://www.mtishows.com/shows,performance run,Non-Professional,2026-08-18
Disney's The Little Mermaid Jr,Chagrin Falls Exempted Village Schools,Chagrin Falls Intermediate School,2026-11-13,2026-11-15,news@chagrinschools.org,Production,"77 East Washington Street, Chagrin Falls, OH 44022",Chagrin Falls,OH,44022,US,https://www.chagrinschools.org/page/community-education,(440) 247-5500,https://www.facebook.com/CFEVS,https://www.instagram.com/chagrinfallsschools/,MTI,https://www.mtishows.com/shows,performance run,School,2026-08-18
Hundred Days,Charity Randall Theatre,Charity Randall Theatre,2026-11-13,2026-11-20,stages@pitt.edu,Production,"4301 Forbes Avenue, Pittsburgh, PA",Pittsburgh,PA,,US,http://play.pitt.edu,(412) 624-6568,https://www.facebook.com/PittStages,https://www.instagram.com/pitt_stages/,CONCORD,https://www.concordtheatricals.com/p/102234/hundred-days,performance run,Amateur,2026-08-18
Rodgers & Hammerstein's Cinderella (Enchanted Edition),Chaska High School,Chaska High School,2026-11-13,2026-11-21,cvftmail@gmail.com,Production,"545 Pioneer Trail, Chaska, MN",Chaska,MN,,US,http://www.cvft.org,(952) 250-7206,https://www.facebook.com/ChaskaValleyFamilyTheatre/,https://instagram.com/chaskavalleyfamilytheatre,CONCORD,https://www.concordtheatricals.com/p/65837/rodgers-hammerstein-s-cinderella-enchanted-edition,performance run,Amateur,2026-08-18
9 To 5,Chewelah Performing And Cultural Arts Center,Chewelah Center For The Arts,2026-11-13,2026-11-22,chewelahpaca@gmail.com,Production,"405 N 3rd St E, Chewelah, WA 99109",Chewelah,WA,99109,US,http://chewelahcenterforthearts.com,(509) 936-9333,https://www.facebook.com/ChewelahCenterfortheArts,https://instagram.com/chewelahcenterforthearts,MTI,https://www.mtishows.com/shows,performance run,Non-Professional,2026-08-18
Charlie And The Chocolate Factory,Chillicothe Players Theatre,Chillicothe Players,2026-11-13,2026-11-22,admin@chillicotheplayers.org,Production,"15025 W Winchester Dr, Brimfield, IL 61517",Brimfield,IL,61517,US,http://chillicotheplayers.org,(309) 573-7011,https://facebook.com/chillicothetheatre1,,MTI,https://www.mtishows.com/shows,performance run,Non-Professional,2026-08-18
Seussical,Chisago Lakes High School,Chisago Lakes High School,2026-11-13,2026-11-22,jotte@isd2144.org,Production,"29400 Olinda Trail, Lindstrom, MN 55045",Lindstrom,MN,55045,US,http://www.isd2144.org,(651) 213-2000,https://www.facebook.com/CLSD2144,https://www.instagram.com/clsd2144/,MTI,https://www.mtishows.com/shows,performance run,School,2026-08-18
"The Resistible Rise of Arturo Ui (Tabori, trans.)",Christopher Newport University - Studio Theatre,Christopher Newport University - Studio Theatre,2026-11-13,2026-11-22,accessibility@cnu.edu,Production,"1 Avenue of the Arts, Newport News, VA",Newport News,VA,,US,http://www.cnu.edu/theater,(757) 594-8752,https://www.facebook.com/cnutheater,https://www.instagram.com/theatercnu/,CONCORD,https://www.concordtheatricals.com/p/1017/the-resistible-rise-of-arturo-ui-tabori-trans,performance run,Amateur,2026-08-18
Mary Poppins,Community Playhouse Of Northport,Brosnan Building,2026-11-13,2026-11-22,communityplayhousenorthport1@gmail.com,Production,"158 Laurel Avenue, Northport, NY 11768",Northport,NY,11768,US,http://www.communityplayhousenorthport.org,(631) 683-8444,,,MTI,https://www.mtishows.com/shows,performance run,Non-Professional,2026-08-18
Anne of Green Gables - The Musical,Community Theatre Of Howell,Community Theatre of Howell,2026-11-13,2026-11-22,cth@cththeatre.org,Production,"1400 W Grand River Ave, Howell, MI",Howell,MI,,US,http://www.cththeatre.org/,(517) 545-1290,https://www.facebook.com/djryangrant/,,CONCORD,https://www.concordtheatricals.com/p/2179/anne-of-green-gables-the-musical,performance run,Amateur,2026-08-18
Disney's Finding Nemo Jr.,Coronado High School/coronado School Of The Arts,Coronado High School Theatre,2026-11-13,2026-11-14,cosacalendar@coronadousd.org,Production,"650 D Avenue, Coronado, CA 92118",Coronado,CA,92118,US,http://cosasandiego.com,(619) 522-4050,https://www.facebook.com/CoronadoUSD/,https://instagram.com/cosasdofficial,MTI,https://www.mtishows.com/shows,performance run,School,2026-08-18
Mean Girls,Cottey College,Cottey College,2026-11-13,2026-11-15,admit@cottey.edu,Production,"1000 W. Austin St., Nevada, Mo, Usa, Nevada, MO 64772",Nevada,MO,64772,US,http://www.cottey.edu,(417) 667-8181,https://www.facebook.com/CotteyC,https://www.instagram.com/cotteycollege/,MTI,https://www.mtishows.com/shows,performance run,School,2026-08-18
Shrek The Musical Jr,Crossroads Summer Camp,Rockpoint Community Church,2026-11-13,2026-11-14,office@therockpoint.org,Production,"400 N Haledon Ave, North Haledon, NJ 07508-2770",North Haledon,NJ,07508-2770,US,http://therockpoint.org,(973) 427-1418,https://www.facebook.com/therockpoint.org/,https://www.instagram.com/rockpointnj/,MTI,https://www.mtishows.com/shows,performance run,Non-Professional,2026-08-18
Annie,Double Threat Studios Llc,Double Threat Studios Llc,2026-11-13,2026-11-15,stephandmeg@doublethreatstudios.com,Production,"882 Middle Rd # 8b, Bettendorf, IA 52722-4101",Bettendorf,IA,52722-4101,US,http://doublethreatstudios.com,,https://l.facebook.com/l.php,,MTI,https://www.mtishows.com/shows,performance run,Non-Professional,2026-08-18
9 To 5,Edgewood University,Diane Ballweg Theatre,2026-11-13,2026-11-21,admissions@edgewood.edu,Production,"1000 Edgewood College Drive, Madison, WI 53711",Madison,WI,53711,US,http://www.edgewood.edu,+1-608-663-4861,https://www.facebook.com/edgewooduniversity/,https://www.instagram.com/edgewooduniversityofficial/,MTI,https://www.mtishows.com/shows,performance run,School,2026-08-18
Disney's Finding Nemo Kids,Egyptian Theatre Company,Egyptian Blackbox,2026-11-13,2026-11-14,youtheatre@parkcityshows.com,Production,"328 Main Street, Po Box 3119, Park City, UT 84106",Park City,UT,84106,US,https://parkcityyoutheatre.com,,https://www.facebook.com/EgyptianYouTheatre/,https://www.instagram.com/egyptian.youtheatre/,MTI,https://www.mtishows.com/shows,performance run,Non-Professional,2026-08-18
Frozen,"Enter Stage Right, Inc",The Citadel Stage,2026-11-13,2026-12-20,esrtheatre@gmail.com,Production,"609 Huron Ave, Port Huron, MI 48060",Port Huron,MI,48060,US,http://www.enterstageright.org,(810) 334-6415,https://www.facebook.com/pages/Enter-Stage-Right/93768428252,https://www.instagram.com/esrtheatre/,MTI,https://www.mtishows.com/shows,extended run,Non-Professional,2026-08-18
9 To 5,Facetime Theatre,Facetime Theatre,2026-11-13,2026-11-15,facetimetheatre@gmail.com,Production,"400 Franklin Avenue, Suite 109, Phoenixville, PA 19460",Phoenixville,PA,19460,US,http://www.facetimetheatre.org,,https://www.facebook.com/FacetimeTheatre,https://www.instagram.com/facetimetheatre/,MTI,https://www.mtishows.com/shows,performance run,Non-Professional,2026-08-18
Les Miserables,First United Methodist Church,Fumc Theatre,2026-11-13,2026-11-22,melissa.lowe@fumcgastonia.org,Production,"162 East Main, Gastonia, NC 28052",Gastonia,NC,28052,US,http://fumcgastonia.org/theatre,(704) 864-4371,https://www.facebook.com/FUMCGastonia/,https://www.instagram.com/fumcgastonia/,MTI,https://www.mtishows.com/shows,performance run,Non-Professional,2026-08-18
9 To 5 Jr.,Florence High School,Florence High School,2026-11-13,2026-11-15,webmaster@florencek12.org,Production,"1201 Bradshaw Drive, Florence, AL 35630",Florence,AL,35630,US,http://www.florencek12.org,(256) 768-3000,https://www.facebook.com/FlorenceK12,https://www.instagram.com/florencecityschools,MTI,https://www.mtishows.com/shows,performance run,School,2026-08-18
Little Women,Greenville High School,Greenville High School,2026-11-13,2026-11-14,program.intake@usda.gov,Production,"111 N Hillcrest, Greenville, MI 48838",Greenville,MI,48838,US,http://www.gpsjackets.org,(616) 754-3686,https://www.facebook.com/GPSJackets,https://www.instagram.com/gpsjackets/,MTI,https://www.mtishows.com/shows,performance run,School,2026-08-18
She Kills Monsters: Young Adventurers Edition,Hudson Falls Senior High School,Hudson Falls Senior High School,2026-11-13,2026-11-15,kpolunci@hfcsd.org,Production,"80 East LaBarge Street, Hudson Falls, NY",Hudson Falls,NY,,US,http://www.hfcsd.org,(518) 747-2121,https://www.facebook.com/HudsonFallsCSD,https://www.instagram.com/hudsonfallscsd/,CONCORD,https://www.concordtheatricals.com/p/9764/she-kills-monsters-young-adventurers-edition,performance run,Amateur,2026-08-18
Into The Woods,James Madison University,Forbes Center For The Perf. Arts,2026-11-13,2026-11-15,webmaster@jmu.edu,Production,"147 Warsaw Avenue-msc 5601, Harrisonburg, VA 22807",Harrisonburg,VA,22807,US,http://www.jmu.edu,(540) 568-6211,https://www.facebook.com/jamesmadisonuniversity/,https://www.instagram.com/jamesmadisonuniversity/,MTI,https://www.mtishows.com/shows,performance run,School,2026-08-18
All Shook Up,John Carroll School,John Carroll School,2026-11-13,2026-11-15,academics@johncarroll.org,Production,"Bel Air, MD",Bel Air,MD,,US,http://www.johncarroll.org,(410) 838-8333,https://www.facebook.com/johncarrollschool/,https://www.instagram.com/johncarrollschool/,TRW,https://www.theatricalrights.com/show/all-shook-up/,performance run,,2026-08-18
Anastasia: The Musical,John L. Miller Great Neck North High Auditorium,John L. Miller Great Neck North High Auditorium,2026-11-13,2026-11-15,webmaster@greatneck.k12.ny.us,Production,"35 Polo Road, Great Neck, NY",Great Neck,NY,,US,http://www.greatneck.k12.ny.us,(516) 441-4000,https://www.facebook.com/greatneck.k12.ny.us,https://www.instagram.com/greatneckpublicschools/,CONCORD,https://www.concordtheatricals.com/p/92098/anastasia-the-musical,performance run,Amateur,2026-08-18
The Drowsy Chaperone,Kean University,Zella Fry,2026-11-13,2026-11-21,webmaster@kean.edu,Production,"1000 Morris Avenue, Union, NJ 07083",Union,NJ,7083,US,http://www.kean.edu,(908) 737-5326,https://www.facebook.com/keanuniversity,https://www.instagram.com/keanuniversity/,MTI,https://www.mtishows.com/shows,performance run,School,2026-08-18
Into The Woods,Kents Hill School,Kents Hill School,2026-11-13,2026-11-15,hello@kentshill.org,Production,"Route 17, Po Box 257, Kents Hill, ME 04349",Kents Hill,ME,4349,US,http://www.kentshill.org,(207) 685-4914,https://www.facebook.com/KentsHillSchool,https://www.instagram.com/kentshillschool,MTI,https://www.mtishows.com/shows,performance run,School,2026-08-18
She Loves Me,Kentwood Players,Westchester Playhouse,2026-11-13,2026-12-12,boxoffice@kentwoodplayers.org,Production,"8301 Hindry Avenue, Los Angeles, CA 90045",Los Angeles,CA,90045,US,http://www.kentwoodplayers.org,(310) 645-5156,http://www.facebook.com/kentwood.players.org/,https://www.instagram.com/kentwoodplayers/,MTI,https://www.mtishows.com/shows,extended run,Non-Professional,2026-08-18
Roald Dahl's Matilda The Musical,Kernersville Little Theatre,Kernersville Little Theatre,2026-11-13,2026-11-22,office@kltheatre.com,Production,"Po Box 822, Kernersville, NC 27285",Kernersville,NC,27285,US,http://kltheatre.com/,(336) 993-6556,https://www.facebook.com/KernersvilleLittleTheatre,https://www.instagram.com/kernersvillelittletheatre/,MTI,https://www.mtishows.com/shows,performance run,Non-Professional,2026-08-18
The Lightning Thief,Kingswood Regional High School,Kingswood Regional High School,2026-11-13,2026-11-15,sgiessler@govwentworth.k12.nh.us,Organizations,"618 North Stark Highway, Weare, NH",Weare,NH,,US,,,,,CONCORD,https://www.concordtheatricals.com/p/93490/the-lightning-thief,performance run,Amateur,2026-08-18
The Hunchback Of Notre Dame,Lee Street Theatre,Lee Street Theater And Pac,2026-11-13,2026-11-15,rod@leestreet.org,Production,"329 N Lee St, Salisbury, NC 28144",Salisbury,NC,28144,US,http://www.leestreet.org,(704) 870-8008,https://www.facebook.com/leesttheatre/,https://www.instagram.com/leesttheatre/,MTI,https://www.mtishows.com/shows,performance run,Non-Professional,2026-08-18
Annie,Lenoir Community College,Lenoir Community College,2026-11-13,2026-11-22,lhdeaver55@lenoircc.edu,Production,"231 Highway 58 South, Kinston, NC 28501",Kinston,NC,28501,US,http://www.lenoircc.edu,(252) 527-6223,https://www.facebook.com/lcclancers,http://www.instagram.com/lcclancers,MTI,https://www.mtishows.com/shows,performance run,School,2026-08-18
Disney's Descendants,Liberal High School,Liberal Hs -james Maskus Auditorium,2026-11-13,2026-11-15,mary.foster@usd480.net,Production,"1611 W. 2nd, Liberal, KS 67901",Liberal,KS,67901,US,http://www.usd480.net,(620) 604-1010,https://www.facebook.com/LiberalPublicSchools,http://instagram.com/liberal_usd480/,MTI,https://www.mtishows.com/shows,performance run,School,2026-08-18
Roald Dahl's Matilda The Musical Jr,Little Theatre On The Square Youth Group,Little Theatre On The Square Youth,2026-11-13,2026-11-15,boxoffice@thelittletheatre.org,Production,"Po Box 288, Sullivan, IL 61951",Sullivan,IL,61951,US,http://www.thelittletheatre.org,(217) 728-7375,https://www.facebook.com/LTOTS,https://www.instagram.com/littletheatreonthesquare/,MTI,https://www.mtishows.com/shows,performance run,Non-Professional,2026-08-18
She Loves Me,Marietta College Theatre,Marietta College,2026-11-13,2026-11-21,aeh003@marietta.edu,Production,"Friederich Theater, 500 Butler St, Marietta, OH 45750",Marietta,OH,45750,US,https://www.marietta.edu/theatre-department,(740) 376-4696,https://www.facebook.com/MariettaCollege,https://www.instagram.com/mariettacollege,MTI,https://www.mtishows.com/shows,performance run,School,2026-08-18
9 To 5,Merrimack Valley Stageworks,Timberlane Performing Arts Center,2026-11-13,2026-11-22,lynn.mastorakos@timberlane.net,Production,"40 Greenough Rd, Plaistow, NH 03865",Plaistow,NH,3865,US,https://www.timberlane.net/departments/performing-arts-center-pac,(603) 382-6119,https://www.facebook.com/TimberlaneRegional,https://www.instagram.com/timberlanersd,MTI,https://www.mtishows.com/shows,performance run,Non-Professional,2026-08-18
Roald Dahl's Willy Wonka Jr.,Milford Youth Theater,Mosaic Church,2026-11-13,2026-11-14,milfordyouththeater@gmail.com,Production,"894 Oh-28, Milford, OH 45150",Milford,OH,45150,US,http://www.milfordyouththeater.org,(513) 767-8051,https://www.facebook.com/MilfordYouthTheater,https://www.instagram.com/milfordyouththeater/,MTI,https://www.mtishows.com/shows,performance run,Non-Professional,2026-08-18
Dear Evan Hansen,Mohonasen High School,Mohonasen High School,2026-11-13,2026-11-15,sshine@mohonasen.org,Production,"2072 Curry Road, Schenectady, NY 12303",Schenectady,NY,12303,US,http://www.mohonasen.org,(518) 356-8200,https://www.facebook.com/Mohonasen,,MTI,https://www.mtishows.com/shows,performance run,School,2026-08-18
Roald Dahl's Charlie And The Chocolate Factory,Necedah High School,Multipurpose Room,2026-11-13,2026-11-15,webmaster@necedahschools.org,Production,"1801 South Main Street, Necedah, WI 54646",Necedah,WI,54646,US,http://www.necedahschools.org,(608) 565-2256,https://www.facebook.com/necedahschools/,https://www.instagram.com/necedahschools/,MTI,https://www.mtishows.com/shows,performance run,School,2026-08-18
Always Something There...,New Albany High School,New Albany High School,2026-11-13,2026-11-22,mytickets@capa.com,Organizations,"1020 Vincennes Street, New Albany, IN 47150",New Albany,IN,47150,US,http://newalbanytheatrearts.org,,,,MTI,https://www.mtishows.com/shows,performance run,School,2026-08-18
Trolls The Musical Jr.,Newfield Middle School,Newfield Middle,2026-11-13,2026-11-14,lpattington@newfieldschools.org,Production,"247 Main Street, Newfield, NY 14867",Newfield,NY,14867,US,http://www.newfieldschools.org,(607) 564-9955,https://www.facebook.com/Newfield-Central-School-District-109794084578897,,MTI,https://www.mtishows.com/shows,performance run,School,2026-08-18
Disney's Frozen Kids,Newnan Community Theatre Company,Newnan Theatre Company,2026-11-13,2026-11-15,ntcdirector99@gmail.com,Production,"24 First Avenue, Newnan, GA 30263",Newnan,GA,30263,US,http://newnantheatre.org,(770) 683-6282,https://www.facebook.com/NewnanTheatreCompany,https://www.instagram.com/newnantheatrecompany/,MTI,https://www.mtishows.com/shows,performance run,Non-Professional,2026-08-18
Elf-the Musical,Northglenn Arts And Humanities Foundation,Parsons Theatre,2026-11-13,2026-11-22,mstricker@northglenn.org,Production,"1 East Memorial Parkway, Northglenn, CO 80233",Northglenn,CO,80233,US,http://www.northglennarts.org,(303) 450-8888,https://www.facebook.com/DL-Parsons-Theatre-151334881604157/,,MTI,https://www.mtishows.com/shows,performance run,Non-Professional,2026-08-18
She Loves Me,Northwestern University,Barber Theatre,2026-11-13,2026-11-22,dear-soc@northwestern.edu,Production,"30 Arts C Ircle Drive, Evanston, IL 60208",Evanston,IL,60208,US,http://www.wirtz.northwestern.edu,(847) 491-3741,,,MTI,https://www.mtishows.com/shows,performance run,School,2026-08-18
Frozen,Notre Dame Prep School,Notre Dame Prep School,2026-11-13,2026-11-15,admissions@notredameprep.com,Production,"Attn, 815 Hampton Ln, Towson, MD 21204",Towson,MD,21204,US,http://notredameprep.com,410-825-6202,https://www.facebook.com/NotreDamePrepTowsonMD,https://www.instagram.com/notredameprep/,MTI,https://www.mtishows.com/shows,performance run,School,2026-08-18
A Christmas Carol,Oak Lawn Park District,Oak View Center,2026-11-13,2026-11-22,admin@olparks.com,Production,"4625 West 110th Street, Oaklawn, IL 60453",Oaklawn,IL,60453,US,http://www.olparks.com,(708) 857-2225,https://www.facebook.com/OakLawnParkDistrict/,https://www.instagram.com/oaklawnparkdistrict,MTI,https://www.mtishows.com/shows,performance run,Non-Professional,2026-08-18
Trolls The Musical Jr.,One Story Creations,Main Street Theatre,2026-11-13,2026-11-15,onestorymusic@gmail.com,Production,"3235 N Main Street, Prescott Valley, AZ 86314",Prescott Valley,AZ,86314,US,http://pvperformingarts.org,(928) 515-2944,https://www.facebook.com/PrescottValleyPerformingArts/,https://www.instagram.com/pvpatheatre/,MTI,https://www.mtishows.com/shows,performance run,Non-Professional,2026-08-18
Disney's Finding Nemo Jr.,Our Lady Of The Wayside School,Our Lady Of The Wayside School,2026-11-13,2026-11-14,information@olwschool.org,Production,"432 S. Mitchell Ave., Arlington Heights, IL 60005",Arlington Heights,IL,60005,US,http://www.olwschool.org,(847) 255-0050,https://www.facebook.com/OLWSchool/,https://www.instagram.com/olwschoolah/%20,MTI,https://www.mtishows.com/shows,performance run,Non-Professional,2026-08-18
Seussical Jr.,Pinole Community Players,Pinole Community Playhouse,2026-11-13,2026-11-15,info@pinoleplayers.org,Production,"601 Tennent Ave, Pinole, CA 94564",Pinole,CA,94564,US,http://www.pinoleplayers.org,(510) 724-9844,https://www.facebook.com/PinolePlayers/,http://instagram.com/pinoleplayers/,MTI,https://www.mtishows.com/shows,performance run,Non-Professional,2026-08-18
Young Frankenstein,Pintello Comedy Theater,Pintello Comedy Theater,2026-11-13,2026-12-05,pintellopct@gmail.com,Production,"Gilroy Grange Hall, 8191 Swanston Lane, Gilroy, CA 95020",Gilroy,CA,95020,US,http://www.pintellocomedy.com,(408) 337-1599,https://www.facebook.com/Pintello-Comedy-Theater-67806905114,,MTI,https://www.mtishows.com/shows,extended run,Non-Professional,2026-08-18
Ken Ludwig's Midsummer/Jersey,Plainield Central High School,Plainield Central High School,2026-11-13,2026-11-15,akovacev@psd202.org,Production,"24120 W Fort Beggs Dr, PLAINFIELD, IL",PLAINFIELD,IL,,US,http://www.psd202.org,(815) 577-4000,https://www.facebook.com/psd202,https://www.instagram.com/psd202/,CONCORD,https://www.concordtheatricals.com/p/766/ken-ludwig-s-midsummer-jersey,performance run,Amateur,2026-08-20
Seussical,Polk State College Theatre,Polk State College,2026-11-13,2026-11-22,compliance@polk.edu,Production,"999 Avenue H Ne, Winter Haven, FL 33881",Winter Haven,FL,33881,US,http://www.polk.edu/theatre,(863) 669-2903,http://www.facebook.com/PolkState,,MTI,https://www.mtishows.com/shows,performance run,School,2026-08-18
Guys And Dolls,Portage Northern High School,Portage Northern Auditorium,2026-11-13,2026-11-22,jvandyke@portageps.org,Production,"1000 Idaho Ave, Portage, MI 49024",Portage,MI,49024,US,http://pndrama.org,(269) 323-5440,https://www.google.com/url,https://www.google.com/url,MTI,https://www.mtishows.com/shows,performance run,School,2026-08-18
Ride the Cyclone,Porterville Barn Theater Stage,Porterville Barn Theater Stage,2026-11-13,2026-11-29,barntheatermedia@gmail.com,Production,"42 S Plano St, Porterville, CA",Porterville,CA,,US,http://www.portervillebarntheater.com,(559) 310-7046,https://www.facebook.com/The-Porterville-Barn-Theater-291057597616276/,https://www.instagram.com/portervillebarntheater/,CONCORD,https://www.concordtheatricals.com/p/101632/ride-the-cyclone,extended run,Amateur,2026-08-18
Disney's Frozen Jr,Ragged Edge Community Theater,Ragged Edge Community Theatre,2026-11-13,2026-11-22,raggededgetheatre@gmail.com,Production,"P.o. Box 157, 111 South Main Street, Harrodsburg, KY 40330",Harrodsburg,KY,40330,US,http://www.raggededgetheatre.org,,,,MTI,https://www.mtishows.com/shows,performance run,Non-Professional,2026-08-18
Junie B. Jones Jr.,Redeemer Lutheran School,Redeemer Lutheran School,2026-11-13,2026-11-14,school@redeemer-oakmont.org,Production,"700 Idaho Ave, Verona, PA 15147",Verona,PA,15147,US,http://rlspittsburgh.org/,(412) 793-5884,https://www.facebook.com/pages/Redeemer-Lutheran-School-Pre-K-12th-Grade-Pittsburgh-PA/1421936928046626,,MTI,https://www.mtishows.com/shows,performance run,School,2026-08-18
Mean Girls,Redmond High School,Redmond High School,2026-11-13,2026-11-21,jclabaugh@lwsd.org,Production,"17272 Ne 104th St, Redmond, WA 98052",Redmond,WA,98052,US,https://rhs.lwsd.org/activities/performing-arts-center,(425) 936-1800,https://www.facebook.com/LakeWashingtonSchools,https://www.instagram.com/lakewashingtonschools/,MTI,https://www.mtishows.com/shows,performance run,School,2026-08-18
Disney's Finding Nemo Jr.,Rhodes School,Rhodes Elementary School,2026-11-13,2026-11-14,asheehy@rhodes.k12.il.us,Production,"8931 W. Fullerton Ave., River Grove, IL 60171",River Grove,IL,60171,US,http://www.rhodes.k12.il.us,(708) 453-6813,https://www.facebook.com/groups/29104881575,,MTI,https://www.mtishows.com/shows,performance run,School,2026-08-18
Disney's The Little Mermaid Jr,Roselle Park District,Lake Park High School,2026-11-13,2026-11-14,commissioners@rparks.org,Production,"500 W. Bryn Mawr Avenue, Roselle, IL 60172",Roselle,IL,60172,US,http://www.rparks.org,(630) 894-4200,https://www.facebook.com/RoselleParkDistrict/#!/pages/Roselle-Park-District/185395958140482,https://www.instagram.com/roselleparkdistrict/,MTI,https://www.mtishows.com/shows,performance run,Non-Professional,2026-08-18
Annie,Savoyard Light Opera Company,Savoyard Light Opera Company,2026-11-13,2026-11-21,info@savoyardlightopera.org,Production,"Po Box 333, Carlisle, MA 01741",Carlisle,MA,1741,US,http://www.savoyardlightopera.org,(978) 502-3903,https://www.facebook.com/SLOCofMA/,https://www.instagram.com/savoyardlightopera,MTI,https://www.mtishows.com/shows,performance run,Non-Professional,2026-08-18
"Hello, Dolly!",Schauer Arts Center,Schauer Arts Center,2026-11-13,2026-11-21,info@schauercenter.org,Production,"147 N Rural St, Hartford, WI",Hartford,WI,,US,http://schauercenter.org,(262) 670-0560,http://www.facebook.com/schauercenter/,https://www.instagram.com/schauercenter/,CONCORD,https://www.concordtheatricals.com/p/44630/hello-dolly,performance run,Amateur,2026-08-18
Rodgers + Hammerstein's Cinderella (Broadway Version),Showplace Performance Centre,Showplace Performance Centre,2026-11-13,2026-11-21,boxoffice@showplace.org,Production,"290 George St., Peterborough, ON, CA",Peterborough,ON,,CA,http://www.showplace.org,(705) 742-7469,https://www.facebook.com/PtboShowplace/,https://www.instagram.com/ptboshowplace/,CONCORD,https://www.concordtheatricals.com/p/65836/rodgers-hammerstein-s-cinderella-broadway-version,performance run,Amateur,2026-08-18
Disney's The Little Mermaid,Sibley-ocheyedan High School,Sibley-ocheyedan High School,2026-11-13,2026-11-14,aelser@thegenerals.org,Production,"120 11th Avenue N.e., Sibley, IA 51249",Sibley,IA,51249,US,http://www.thegenerals.org,(712) 754-2533,https://www.facebook.com/socsdgenerals,https://www.instagram.com/so.yearbook/,MTI,https://www.mtishows.com/shows,performance run,School,2026-08-18
"Big, The Musical",Skylight Music Theatre,Cabot Theatre,2026-11-13,2026-12-26,tickets@skylightmusictheatre.org,Production,"158 North Broadway, Milwaukee, WI 53202",Milwaukee,WI,53202,US,http://www.skylightmusictheatre.org,(414) 291-7800,https://www.facebook.com/skylightmusic1,https://www.instagram.com/skylightmusictheatre/,MTI,https://www.mtishows.com/shows,extended run,Professional,2026-08-18
Clue,Skyline College Theater,Skyline College Theater,2026-11-13,2026-11-15,skycounseling@smccd.edu,Production,"3300 College Dr, San Bruno, CA",San Bruno,CA,,US,http://skylinecollege.edu,(650) 738-4251,https://www.facebook.com/skylinecollege,http://instagram.com/skyline_college,CONCORD,https://www.concordtheatricals.com/p/98692/clue,performance run,Amateur,2026-08-18
Seussical Kids,South Louisiana Center For The Arts,Bayouland Ymca,2026-11-13,2026-11-15,solacenterarts@gmail.com,Production,"103 Valhi Blvd., Houma, LA 70360",Houma,LA,70360,US,http://www.solaarts.com,,https://www.google.com/url,https://www.google.com/url,MTI,https://www.mtishows.com/shows,performance run,Non-Professional,2026-08-18
Beetlejuice Jr.,South St Paul Senior High School,School at South St Paul Senior High School,2026-11-13,2026-11-15,eholsen@sspps.org,Production,"700 Second Street North, South St Paul, MN 55075",South St Paul,MN,55075,US,http://sites.google.com/site/ssppstheatre,(651) 457-9430,https://www.facebook.com/sspps.theatre,,MTI,https://www.mtishows.com/shows,performance run,School,2026-08-19
The 25th Annual Putnam County Spelling Bee,St Joseph Academy,St Joseph Academy,2026-11-13,2026-11-21,info@sja1890.org,Production,"3470 Rocky River Dr., Cleveland, OH 44111",Cleveland,OH,44111,US,https://www.sja1890.org/academy-life/the-arts,(216) 251-6788,https://www.facebook.com/sja1890,https://instagram.com/sja1890/,MTI,https://www.mtishows.com/shows,performance run,School,2026-08-18
Little Shop Of Horrors (broadway Version),St Pius X High School,Veritas Theatre,2026-11-13,2026-11-15,frontdesk@stpius.org,Production,"811 West Donovan, Houston, TX 77091",Houston,TX,77091,US,http://www.stpius.org,,https://www.facebook.com/stpiusxpdx/,https://www.instagram.com/stpiusxpdx/,MTI,https://www.mtishows.com/shows,performance run,School,2026-08-18
Clue,St. Andrews Episcopal School,St. Andrews Episcopal School,2026-11-13,2026-11-15,admission@gosaints.org,Production,"370 Old Agency Road, Ridgeland, MS",Ridgeland,MS,,US,http://www.gosaints.org,601-987-9300,https://www.facebook.com/StAndrewsMS,https://www.instagram.com/standrewsms/,CONCORD,https://www.concordtheatricals.com/p/98692/clue,performance run,Amateur,2026-08-27
Seussical Jr.,Stage Door Players/dunwoody,Stage Door Players/dunwoody,2026-11-13,2026-11-15,boxoffice@stagedoortheatrega.org,Production,"5339 Chamblee Dunwoody Road, Dunwoody, GA 30338",Dunwoody,GA,30338,US,http://www.stagedoortheatrega.org,(770) 396-1726,https://www.facebook.com/stagedoortheatrega,https://www.instagram.com/stagedoortheatrega/,MTI,https://www.mtishows.com/shows,performance run,Non-Professional,2026-08-18
Madagascar-a Musical Adventure Kids,Starbright Youth Theatre,Triangle Church Of Christ,2026-11-13,2026-11-14,office@trianglechurch.org,Production,"2103 Page Rd, Durham, NC 27703",Durham,NC,27703,US,http://trianglechurch.org,(984) 329-5650,,https://www.instagram.com/triangle.church/,MTI,https://www.mtishows.com/shows,performance run,Non-Professional,2026-08-18
Seussical Kids,Take Note Troupe Inc.,Take Note Troupe,2026-11-13,2026-11-14,tntshows@gmail.com,Production,"9001 Foothills Blvd. Ste 130, Roseville, CA 95647",Roseville,CA,95647,US,http://takenotetroupe.org,,https://www.facebook.com/takenotetroupe/,https://www.instagram.com/takenotetroupe/,MTI,https://www.mtishows.com/shows,performance run,Non-Professional,2026-08-18
Roald Dahl's Matilda The Musical Jr,Thayer Academy,Hale Center For The Arts,2026-11-13,2026-11-13,communications@thayer.org,Production,"745 Washington Street, Braintree ,, MA 02043","Braintree ,",MA,2043,US,http://www.thayer.org,(781) 843-3580,https://www.facebook.com/thayer.academy/,https://www.instagram.com/thayeracademy,MTI,https://www.mtishows.com/shows,performance run,School,2026-08-18
Something Rotten! Jr.,The Riviera Ridge School,Battistone Hall,2026-11-13,2026-11-15,mseguel@rivieraridge.org,Production,"911 Tremonto Rd, Santa Barbara, CA 93103",Santa Barbara,CA,93103,US,http://rivieraridge.org,(805) 569-1811,https://www.facebook.com/RivieraRidge,https://www.instagram.com/RivieraRidge,MTI,https://www.mtishows.com/shows,performance run,School,2026-08-18
Mti's Broadway Junior Revue-raise Your Voice,Theatre Academy Productions,Theatre Academy Productions,2026-11-13,2026-11-15,theatreacademyproductions@gmail.com,Production,"3761 Nw Cary Pkwy, Cary, NC 27519-6830",Cary,NC,27519-6830,US,http://www.theatreacademyproductions.com,+1 919 378 1359,,,MTI,https://www.mtishows.com/shows,performance run,Non-Professional,2026-08-18
Come From Away,Theatre Ancaster,Ancaster Memorial Arts Centre,2026-11-13,2026-11-29,info@memorialarts.ca,Production,"357 Wilson St. Eastt, Ancaster, ON L9G3C1, CA",Ancaster,ON,L9G3C1,CA,http://memorialarts.ca,(905) 304-3232,,,MTI,https://www.mtishows.com/shows,extended run,Non-Professional,2026-08-18
Disney's The Little Mermaid,Theatre Guild Of Simsbury,Simsbury High School,2026-11-13,2026-11-22,info@theatreguildsimsbury.org,Production,"34 Farms Village Road, Simsbury, CT 06070",Simsbury,CT,6070,US,http://www.theatreguildsimsbury.org,,https://facebook.com/TheatreGuildOfSimsbury,https://instagram.com/theatreguildofsimsbury,MTI,https://www.mtishows.com/shows,performance run,Non-Professional,2026-08-18
She Loves Me,Utah State University,Caine Lyric Theatre,2026-11-13,2026-11-21,theatre@usu.edu,Production,"4025 Old Main Hill, Utah State University, Logan, UT 84322",Logan,UT,84322,US,http://theatre.usu.edu,(435) 797-3046,https://www.facebook.com/usutheatre,https://www.instagram.com/usutheatre,MTI,https://www.mtishows.com/shows,performance run,School,2026-08-18
Mary Poppins Jr,Vashon Allied Arts,Vashon Allied Arts,2026-11-13,2026-11-14,info@vashoncenterforthearts.org,Production,"Po Box 576, Vashon, WA 98070",Vashon,WA,98070,US,http://vashoncenterforthearts.org,(206) 259-3007,https://facebook.com/vashoncenterforthearts,https://www.instagram.com/vashoncenter,MTI,https://www.mtishows.com/shows,performance run,Non-Professional,2026-08-18
Disney's Frozen Jr,Vassar High School,Auditorium at Vassar High School,2026-11-13,2026-11-15,jwhitney@vassar.k12.mi.us,Production,"220 Athletic St., Vassar, MI 48768",Vassar,MI,48768,US,http://vassar.k12.mi.us,(989) 823-8535,https://www.facebook.com/vassarschools/,https://www.instagram.com/vassarpublicschools/,MTI,https://www.mtishows.com/shows,performance run,School,2026-08-18
Annie,Villa Duchesne School Of The Sacred Heart,Villa Duchesne School Of The Sacred,2026-11-13,2026-11-15,admissions@villa1929.org,Production,"10801 Conway Rd, Saint Louis, MO 63131-2631",Saint Louis,MO,63131-2631,US,http://www.villa1929.org,(314) 432-2021,,,MTI,https://www.mtishows.com/shows,performance run,School,2026-08-18
Frozen,Waterville Opera House,Waterville Opera House,2026-11-13,2026-11-29,ads@watervillecreates.org,Production,"1 Common Street, Waterville, ME 04901",Waterville,ME,4901,US,http://www.operahouse.org,(207) 873-7000,https://www.facebook.com/WatervilleOperaHouse/,https://www.instagram.com/wtvloperahouse/,MTI,https://www.mtishows.com/shows,extended run,Non-Professional,2026-08-18
Disney's The Lion King Jr,West Branch High School,West Branch High School Auditorium,2026-11-13,2026-11-15,info@wbmusic.org,Production,"14277 Main St, Beloit, OH 44609",Beloit,OH,44609,US,http://wbmusic.org,+13309384442,,,MTI,https://www.mtishows.com/shows,performance run,School,2026-08-18
Disney's Finding Nemo:a 60-minute Family Musical,Wheelock College - D.b.a. Wheelock Family Theatre,Wheelock Family Theatre,2026-11-13,2026-12-29,wfted@bu.edu,Production,"200 The Riverway, Boston, MA 02215",Boston,MA,2215,US,http://www.wheelockfamilytheatre.org,(617) 353-3001,https://www.facebook.com/wheelockfamilytheatre/,http://www.instagram.com/wheelockfamilytheatre,MTI,https://www.mtishows.com/shows,extended run,Professional,2026-08-18
The 25th Annual Putnam County Spelling Bee,Whitnall High School,Whitnall High School,2026-11-13,2026-11-15,breinke@whitnall.com,Production,"5000 S. 116th Street, Greenfield, WI 53228",Greenfield,WI,53228,US,http://www.whitnall.com,(414) 525-8400,https://www.facebook.com/whitnallschools/,https://www.instagram.com/whitnallschools/,MTI,https://www.mtishows.com/shows,performance run,School,2026-08-18
Fiddler On The Roof,Willow Manor Players,Keith Valley Middle School,2026-11-13,2026-11-22,info@willowmanorplayers.com,Production,"227 Meetinghouse Rd, Horsham, PA 19044",Horsham,PA,19044,US,http://www.willowmanorplayers.com,,https://www.facebook.com/pages/Willow-Manor-Players/164782820247595,https://www.instagram.com/willowmanorplayers/,MTI,https://www.mtishows.com/shows,performance run,Non-Professional,2026-08-18
Beetlejuice Jr.,Windsor Charter Academy,Windsor Charter Academy,2026-11-13,2026-11-14,accessibility@windsorcharteracademy.org,Production,"810 Automation Dr, Windsor, CO 80550-3125",Windsor,CO,80550-3125,US,http://www.windsorcharteracademy.org,970-833-5190,https://www.facebook.com/WindsorCharterAcademy/,https://www.instagram.com/windsorcharteracademy,MTI,https://www.mtishows.com/shows,performance run,Non-Professional,2026-08-18
Elf-the Musical Jr.,World Upside Down Sc,Simpsonville Arts Center,2026-11-13,2026-11-21,actinguptheatredrama@gmail.com,Production,"110 Academy St, Simpsonville, SC 29681",Simpsonville,SC,29681,US,https://www.simpsonvilleartscenter.com/,+1-864-399-6635,http://www.facebook.com/actinguptheatrecamp,https://www.instagram.com/actinguptheatreco,MTI,https://www.mtishows.com/shows,performance run,Non-Professional,2026-08-20
Madagascar-a Musical Adventure Jr.,Donelson Christian Academy,Donelson Christian Academy,2026-11-14,2026-11-15,lnorris@dcawildcats.org,Production,"300 Danyacrest Drive, Nashville, TN 37214",Nashville,TN,37214,US,http://www.dcawildcats.org,(615) 883-2926,https://www.facebook.com/DCAWildcats/,https://www.instagram.com/dcawildcats/,MTI,https://www.mtishows.com/shows,performance run,School,2026-08-18
Shrek The Musical Kids,Dreamers Productions,Derry Township Parks And Recreation,2026-11-14,2026-11-15,parkshelpdesk@derrytownship.org,Production,"605 Cocoa Ave, Hershey, PA 17033",Hershey,PA,17033,US,https://anc.apm.activecommunities.com/derry/home?onlinesiteid=0&from_original_cui=true,,,,MTI,https://www.mtishows.com/shows,performance run,Non-Professional,2026-08-18
Disney's Finding Nemo:a 60-minute Family Musical,"Eado Playhouse, Inc Dba Art Factory Houston, Inc",Art Factory,2026-11-14,2026-11-22,info@artfactoryhouston.com,Production,"1119 Providence St., Houston, TX 77002",Houston,TX,77002,US,http://www.artfactoryhouston.com,+United States 8322105200,http://www.facebook.com/artfactoryhouston,https://instagram.com/artfactoryhouston,MTI,https://www.mtishows.com/shows,performance run,Non-Professional,2026-08-18
Roald Dahl's Matilda The Musical Jr,Fantasy Playhouse Childrens Theater,Fantasy Playhouse Childrens Theatre,2026-11-14,2026-11-14,info@fantasyplayhouse.com,Production,"3320 Triana Boulevard Sw, Huntsville, AL 35805",Huntsville,AL,35805,US,http://www.fantasyplayhouse.com,(256) 539-6829,https://www.facebook.com/FantasyPCTA,https://www.instagram.com/fantasypcta/,MTI,https://www.mtishows.com/shows,performance run,Non-Professional,2026-08-18
Disney's 101 Dalmatians Kids,Golden Hills School,Golden Hills School,2026-11-14,2026-11-15,employment@goldenhillsschool.net,Production,"1060 Suncast Lane, El Dorado Hills, CA 95762",El Dorado Hills,CA,95762,US,http://goldenhillsschool.net,(916) 933-0100,https://www.facebook.com/Golden-Hills-School-198939626786462/,,MTI,https://www.mtishows.com/shows,performance run,Non-Professional,2026-08-18
Disney's Frozen Kids,I Can Do That Theatre Company,Village Theatre,2026-11-14,2026-12-20,jdunn@danville.ca.gov,Production,"233 Front St, Danville, CA 94526-3401",Danville,CA,94526-3401,US,https://danville.ca.gov/226/village-theatre,(925) 314-3418,https://www.facebook.com/DanvilleCAgov/,https://www.instagram.com/danvillecagov/,MTI,https://www.mtishows.com/shows,extended run,Non-Professional,2026-08-18
Disney's The Lion King Jr,Ludmila European Perf Arts Acad,Cain Center For The Arts,2026-11-14,2026-11-14,hedvika@ludmilamusicart.com,Production,"21348 Catawba Av, Cornelius, NC 28031",Cornelius,NC,28031,US,http://www.ludmilamusicart.com,(704) 650-9262,https://www.facebook.com/LudmilaEuropeanPerformingArtsAcademy,,MTI,https://www.mtishows.com/shows,performance run,Non-Professional,2026-08-18
Disney's Finding Nemo Kids,Lynnfield Community Schools - District Wide Shows,Lynnfield Middle School,2026-11-14,2026-11-15,schoolblocksadmin@lynnfield.k12.ma.us,Production,"505 Main Street, 505 Main Street, Lynnfield, MA 01940",Lynnfield,MA,1940,US,http://www.lynnfield.k12.ma.us,(781) 334-9200,,,MTI,https://www.mtishows.com/shows,performance run,School,2026-08-18
Disney's Lion King Kids,Lyric Rose Theatre,Deer Creek Elementary,2026-11-14,2026-11-14,lyricrosetheatre@gmail.com,Production,"805 Lindley Ave, Nevada City, CA 95959-2911",Nevada City,CA,95959-2911,US,http://lyricrosetheatre.com,(530) 551-0450,,,MTI,https://www.mtishows.com/shows,performance run,Non-Professional,2026-08-27
Sweeney Todd,Purdue University,Matthews Hall,2026-11-14,2026-11-15,eventcal@purdue.edu,Production,"812 W State St, West Lafayette, IN 47907",West Lafayette,IN,47907,US,https://events.purdue.edu/matthews_hall,(765) 494-4600,https://www.facebook.com/PurdueUniversity/,https://www.instagram.com/lifeatpurdue/,MTI,https://www.mtishows.com/shows,performance run,School,2026-08-18
Disney's The Lion King Jr,Pyramid Inc- Pensacola Pyramid School Of Fine Arts,The Ashmore,2026-11-14,2026-11-14,kgeyer@pensacolastate.edu,Production,"1000 College Blvd, Pensacola, FL 32504",Pensacola,FL,32504,US,http://performingarts.pensacolastate.edu,(850) 484-1800,https://www.facebook.com/PSCperformarts/,,MTI,https://www.mtishows.com/shows,performance run,Non-Professional,2026-08-18
Come From Away,Riverhead Faculty Community Theatre,Riverhead High School,2026-11-14,2026-11-22,hornbird830@gmail.com,Production,"700 Harrison Ave, Riverhead, NY 11901",Riverhead,NY,11901,US,http://www.rfct1985.com,,https://www.facebook.com/pages/category/Performance-Art-Theatre/Riverhead-Faculty-Community-Theatre-RFCT-124273784273868/,,MTI,https://www.mtishows.com/shows,performance run,Non-Professional,2026-08-18
How To Train Your Dragon The Musical Jr.,Rocky Mount Academy,The Dunn Center,2026-11-14,2026-11-15,boxoffice@ncwu.edu,Production,"3400 N Wesleyan Blvd, Rocky Mount, NC 27804",Rocky Mount,NC,27804,US,http://ncwc.edu,(252) 985-5100,https://www.facebook.com/CoteUltimateETA/,https://instagram.com/coteultimate,MTI,https://www.mtishows.com/shows,performance run,School,2026-08-18
Peter And The Starcatcher,Sioux Valley Schools,Sioux Valley Schools,2026-11-14,2026-11-15,tyler.bolstad@k12.sd.us,Production,"200 Hansina Avenue, P. O. Box 278, Volga, SD 57071",Volga,SD,57071,US,http://svs.k12.sd.us,(605) 627-5657,https://www.facebook.com/siouxvalleyelementarySD/,http://www.instagram.com/siouxvalleyschool,MTI,https://www.mtishows.com/shows,performance run,School,2026-08-19
Disney's The Little Mermaid Kids,St Peter Chanel School,St Peter Chanel School,2026-11-14,2026-11-15,chanel.school@stpchanel.org,Production,"2590 La Hwy 44, Paulina, LA 70763",Paulina,LA,70763,US,http://www.stpchanel.org,(225) 869-5778,,,MTI,https://www.mtishows.com/shows,performance run,School,2026-08-18
Disney's 101 Dalmatians Kids,St Rose School,St Rose School,2026-11-14,2026-11-14,parish@saintroseonline.org,Production,"217 E. Front Street, Perrysburg, OH 43551",Perrysburg,OH,43551,US,http://www.saintroseonline.org,(419) 874-4559,https://www.facebook.com/PburgStRose,https://www.instagram.com/explore/locations/263109205/,MTI,https://www.mtishows.com/shows,performance run,Non-Professional,2026-08-18
Chitty Chitty Bang Bang Jr.,The Wayne Theatre Alliance,Wayne Theatre,2026-11-14,2026-11-16,info@waynetheatre.org,Production,"521 W. Main Street, Waynesboro, VA 22980",Waynesboro,VA,22980,US,http://waynetheatre.org/,(540) 943-9999,https://www.facebook.com/WayneTheatreAlliance/,https://www.instagram.com/waynetheatre/,MTI,https://www.mtishows.com/shows,performance run,Non-Professional,2026-08-18
Seussical,Wilmington Friends School,Wilmington Friends School,2026-11-14,2026-11-15,info@wilmingtonfriends.org,Production,"101 School Road, Wilmington, DE 19803",Wilmington,DE,19803,US,http://www.wilmingtonfriends.org,(302) 576-2900,http://www.facebook.com/pages/Wilmington-Friends-School/178663178924,https://www.instagram.com/wilmington_friends,MTI,https://www.mtishows.com/shows,performance run,School,2026-08-18
Disney's Moana Jr.,St Joseph/st Robert School,Archbishop Wood High School,2026-11-15,2026-11-15,natalie.lahiff@archwood.org,Production,"655 Old York Road, Warminster, PA 18974",Warminster,PA,18974,US,http://www.archwood.org,(215) 672-5050,https://www.facebook.com/ArchbishopWood/,https://instagram.com/,MTI,https://www.mtishows.com/shows,performance run,Non-Professional,2026-08-18
Madagascar-a Musical Adventure Kids,Cast Incorporated,Cast Incorporated,2026-11-16,2026-11-24,info@casttheatre.org,Production,"134 East Middle Tpke, Manchester, CT 06040",Manchester,CT,6040,US,http://www.casttheatre.org,(860) 649-5062,https://www.facebook.com/castchildrenstheatre,https://www.instagram.com/cast113,MTI,https://www.mtishows.com/shows,performance run,Non-Professional,2026-08-25
Disney's The Little Mermaid Jr,Skyline Studios Inc.,Winnetka Community House,2026-11-16,2026-12-13,chicago@skylinechildrenstheater.com,Production,"620 Lincoln Ave., Winnetka, IL 60093",Winnetka,IL,60093,US,http://www.skylinestudioschicago.com,(773) 234-7688,https://www.facebook.com/skylinechildrenstheater,https://www.instagram.com/skylinechildrenstheater,MTI,https://www.mtishows.com/shows,extended run,Non-Professional,2026-08-18
A Year With Frog And Toad-kids,Antioch Elementary School,Antioch Elementary School,2026-11-17,2026-11-20,jennifer.leaderer@wcsga.net,Production,"1819 Riverbend Road, Dalton, GA 30721",Dalton,GA,30721,US,https://aes.wcsga.net/,(706) 278-7550,https://www.facebook.com/antioches/,,MTI,https://www.mtishows.com/shows,performance run,School,2026-08-18
Beetlejuice Jr.,Barry Goldwater High School,Margaret J. Goldwater P.a.c.,2026-11-18,2026-11-21,theresa.milks@dvusd.org,Production,"2820 W. Rose Garden Lane, Phoenix, AZ 85027",Phoenix,AZ,85027,US,https://norterracanyon.dvusd.org/,(623) 445-8200,https://www.facebook.com/NorterraCanyon,https://www.instagram.com/norterra_canyon_school,MTI,https://www.mtishows.com/shows,performance run,School,2026-08-18
"Almost, Maine",Chino Hills High School Theatre,Chino Hills High School Theatre,2026-11-18,2026-11-21,tracy_freed@chino.k12.ca.us,Production,"16150 Pomona Rincon Rd, Chino Hills, CA",Chino Hills,CA,,US,http://www.chino.k12.ca.us,(909) 628-1201,https://www.facebook.com/chinovalleyusd/,https://www.instagram.com/chinovalleyusd/,CONCORD,https://www.concordtheatricals.com/p/12954/almost-maine,performance run,Amateur,2026-08-18
Roald Dahl's Matilda The Musical Jr,Corte Madera Middle School,Corte Madera Middle School,2026-11-18,2026-11-19,help@pvsd.net,Production,"4575 Alpine Road, Portola Valley, CA 94028",Portola Valley,CA,94028,US,http://www.pvsd.net,(650) 851-1777,https://www.facebook.com/portolavalleysd/,https://www.instagram.com/PortolaValleySD,MTI,https://www.mtishows.com/shows,performance run,Non-Professional,2026-08-18
Guys And Dolls Jr,Horse Creek Academy- Village Players,Horse Creek Academy Stage/gym,2026-11-18,2026-11-19,records@hcacs.net,Production,"1201 Toolebeck Rd, 1201 Toolebeck Rd, Aiken, SC 29803",Aiken,SC,29803,US,http://hcacs.net,(803) 226-0160,https://www.facebook.com/HCACS,https://www.instagram.com/hca_wearethevillage/,MTI,https://www.mtishows.com/shows,performance run,Non-Professional,2026-08-18
Dr. Seuss' How The Grinch Stole Christmas!,Imagination Stage,Lerner Family Theatre,2026-11-18,2027-01-10,info@imaginationstage.org,Production,"4908 Auburn Ave, Bethesda, MD 20814-2629",Bethesda,MD,20814-2629,US,http://www.imaginationstage.org,(301) 280-1660,https://www.facebook.com/imaginationstage/,https://www.instagram.com/imaginationstage/,MTI,https://www.mtishows.com/shows,extended run,Professional,2026-08-18
Little Women,Karl G Maeser Preparatory Academy,Karl G. Maeser Preparatory Academy,2026-11-18,2026-11-21,info@maeserprep.org,Production,"320 West 600 South, Lindon, UT 84042",Lindon,UT,84042,US,http://maeserprep.org,(801) 235-9000,,,MTI,https://www.mtishows.com/shows,performance run,School,2026-08-18
The Visit,Mainstage Theatre,Mainstage Theatre,2026-11-18,2026-11-22,arts@uwm.edu,Production,"2400 E Kenwood Blvd, Milwaukee, WI",Milwaukee,WI,,US,http://arts.uwm.edu/calendar,(414) 229-4763,https://www.facebook.com/uwmpsoa,https://www.instagram.com/uwmpsoa/,CONCORD,https://www.concordtheatricals.com/p/2547/the-visit,performance run,Amateur,2026-08-18
Disney's Newsies Jr.,Mandeville High School,Mandeville High School Auditorium,2026-11-18,2026-11-21,public.comment@stpsb.org,Production,"# 1 Skipper Drive, Mandeville, LA 70471",Mandeville,LA,70471,US,http://mandevillehigh.stpsb.org,(985) 626-5225,,,MTI,https://www.mtishows.com/shows,performance run,School,2026-08-18
Tomfoolery,Marshall University,Marshall University,2026-11-18,2026-11-21,colclough@marshall.edu,Production,"One John Marshall Drive, Huntington, WV",Huntington,WV,,US,https://www.marshall.edu/theatre/,(304) 696-2787,https://www.facebook.com/MarshallUniversityTheatre,https://www.instagram.com/marshallutheatre/,MTI,https://www.mtishows.com/shows,performance run,School,2026-08-18
Disney's Beauty And The Beast Jr,Mason Middle School,Mason Middle School,2026-11-18,2026-11-20,ok2say@mi.gov,Production,"3835 West Walton Boulevard, Waterford, MI 48329",Waterford,MI,48329,US,http://waterford.k12.mi.us/mason,(248) 674-2281,https://www.facebook.com/wsdnews,https://www.instagram.com/wsdnews,MTI,https://www.mtishows.com/shows,performance run,Non-Professional,2026-08-18
Disney's The Little Mermaid Jr,Minneota Public School,High School Auditorium,2026-11-18,2026-11-22,scott.monson@minneotaschools.org,Production,"504 North Monroe, Minneota, MN 56264",Minneota,MN,56264,US,http://minneotaschools.org,(507) 872-6175,https://www.facebook.com/minneotacounseling/,,MTI,https://www.mtishows.com/shows,performance run,School,2026-08-18
Madagascar-a Musical Adventure Kids,North Yarmouth Academy,North Yarmouth Academy,2026-11-18,2026-11-19,information@nya.org,Production,"148 Main St, Yarmouth, ME 04096",Yarmouth,ME,4096,US,http://www.nya.org,(207) 846-9051,https://www.facebook.com/NorthYarmouthAcademy/,https://www.instagram.com/northyarmouthacademy/,MTI,https://www.mtishows.com/shows,performance run,School,2026-08-18
Pippin,Quintessence Theatre Group,Sedgwick Theater,2026-11-18,2027-01-03,boxoffice@quintessencetheatre.org,Production,"7137 Germantown Ave # 04, Philadelphia, PA 19119",Philadelphia,PA,19119,US,http://www.quintessencetheatre.org/,(215) 987-4450,https://www.facebook.com/QuintessenceTheatre,http://instagram.com/quintessencephl,MTI,https://www.mtishows.com/shows,extended run,Professional,2026-08-18
Shrek The Musical Jr,Red Bank Elementary School,Red Bank Elementary School,2026-11-18,2026-11-18,info@cusd.com,Production,"1454 Locan Ave, Clovis, CA 93619",Clovis,CA,93619,US,http://clovisusd.k12.ca.us,(559) 327-9000,https://www.facebook.com/ClovisUnifiedSchoolDistrict,https://www.instagram.com/clovisusd/,MTI,https://www.mtishows.com/shows,performance run,School,2026-08-18
Come From Away,South Lakes High School,South Lakes High School,2026-11-18,2026-11-21,mdviola@fcps.edu,Production,"11400 South Lakes Drive, Reston, VA 22091",Reston,VA,22091,US,http://www.slakestheatre.com,,https://www.google.com/url,https://www.google.com/url,MTI,https://www.mtishows.com/shows,performance run,School,2026-08-18
Disney's Frozen Jr,St Ursula Villa,St Ursula Villa,2026-11-18,2026-11-18,j.sedler@stursulavilla.org,Production,"3660 Vineyard Place, Cincinnati, OH 45226",Cincinnati,OH,45226,US,http://www.stursulavilla.org,(513) 871-7218,https://www.facebook.com/StUrsulaVillaSchool,https://www.instagram.com/stursulavilla/,MTI,https://www.mtishows.com/shows,performance run,Non-Professional,2026-08-20
Roald Dahl's Willy Wonka Jr.,Stepping Stones Academy,Stepping Stones Academy,2026-11-18,2026-11-19,ddsa@ssa.school,Production,"35812 N 7th Street, Phoenix, AZ 85086",Phoenix,AZ,85086,US,http://www.steppingstonesacademy.org/,(623) 465-4910,,,MTI,https://www.mtishows.com/shows,performance run,School,2026-08-18
Disney's Aladdin Jr.,Thomas G. Pullen K-8 Creative And Performing Arts,Bowie Center For The Performing Art,2026-11-18,2026-11-19,bcpa15200@gmail.com,Production,"15200 Annapolis Rd., Bowie, MD 20715",Bowie,MD,20715,US,http://www.bowiecenter.org,(301) 805-6880,https://www.facebook.com/Bowie-Center-for-the-Performing-Arts-112018811274431/,https://www.instagram.com/bcpa.md/,MTI,https://www.mtishows.com/shows,performance run,Non-Professional,2026-08-18
Catch Me If You Can,Alfred State College Suny,Alfred State College Suny,2026-11-19,2026-11-21,admissions@alfredstate.edu,Production,"10 Upper College Drive, Orvis Activities Center, Alfred, NY 14802",Alfred,NY,14802,US,http://www.alfredstate.edu,1-800-425-3733,https://www.facebook.com/AlfredStateCollege,https://www.instagram.com/alfred_state/,MTI,https://www.mtishows.com/shows,performance run,School,2026-08-18
Elf-the Musical Jr.,All Saints Catholic School,All Saints Catholic School,2026-11-19,2026-11-21,sporter@csdo.org,Organizations,"4400 22nd Ave, 4400 22nd Ave, Kenosha, WI 53140",Kenosha,WI,53140,US,,,,,MTI,https://www.mtishows.com/shows,performance run,Non-Professional,2026-08-18
Come From Away,Aragon High School,Aragon Theater,2026-11-19,2026-11-22,aragondramaboosters@gmail.com,Production,"900 Alameda De Las Pulgas, San Mateo, CA 94402",San Mateo,CA,94402,US,http://www.aragondrama.com,,http://www.facebook.com/aragondrama,http://instagram.com/aragondrama,MTI,https://www.mtishows.com/shows,performance run,School,2026-08-18
Beetlejuice Jr.,Bexley Middle School,Bexley Middle School,2026-11-19,2026-11-21,info@bexley.us,Production,"300 S. Cassingham Road, Bexley, OH 43209",Bexley,OH,43209,US,http://www.bexleyschools.org,(614) 231-7611,https://www.facebook.com/BexleySchools/,https://www.instagram.com/bexleyschools/,MTI,https://www.mtishows.com/shows,performance run,Non-Professional,2026-08-19
Finding Neverland,Carroll High School,Carroll High School Auditorium,2026-11-19,2026-11-22,drama@carrollhs.org,Organizations,"3701 Carroll Rd, Fort Wayne, IN 46818",Fort Wayne,IN,46818,US,,,,,MTI,https://www.mtishows.com/shows,performance run,School,2026-08-18
Little Shop Of Horrors (broadway Version),Central Collegiate Drama Club,Centennial Auditorium,2026-11-19,2026-11-21,school.peacock@prairiesouth.ca,Production,"145 Ross Street East, Moose Jaw, SK S6H0S3, CA",Moose Jaw,SK,S6H0S3,CA,https://schools.prairiesouth.ca/peacock/,(306) 693-4626,https://www.facebook.com/AE-Peacock-116567948400586/,https://www.instagram.com/aepeacockcollegiate/,MTI,https://www.mtishows.com/shows,performance run,School,2026-08-18
Frozen,Centralia High School,Centralia High School,2026-11-19,2026-11-22,brooksr@centraliahs.org,Production,"2100 East Calumet Street, Centralia, IL 62801",Centralia,IL,62801,US,http://www.centraliahs.org,(618) 532-7391,https://www.facebook.com/Orfanage/,,MTI,https://www.mtishows.com/shows,performance run,School,2026-08-18
Disney's The Little Mermaid Jr,Charter School For Applied Technologies,Charter School For Applied Tech.,2026-11-19,2026-11-21,mwalter@csat-k12.org,Production,"24 Shoshone St., Buffalo, NY 14214",Buffalo,NY,14214,US,http://www.csat-k12.org,(716) 876-7505,https://www.facebook.com/CharterSchoolForAppliedTechnologies/,https://www.instagram.com/charterschoolforappliedtech/,MTI,https://www.mtishows.com/shows,performance run,School,2026-08-18
Disney's The Little Mermaid Jr,Childrens Theatre Of Elgin,Hemmens Cultural Center,2026-11-19,2026-11-22,hemmens@elginil.gov,Production,"45 Symphony Way, Elgin, IL 60120",Elgin,IL,60120,US,https://www.cityofelgin.org/1570/hemmens-cultural-center,(847) 931-5900,https://www.facebook.com/hemmens,https://www.instagram.com/thehemmens_elgin/,MTI,https://www.mtishows.com/shows,performance run,Non-Professional,2026-08-18
Annie,Childrens Theatre Of Winnetka,Winnetka Community House Matz Hall,2026-11-19,2026-11-22,info@childrenstheatrewinnetka.com,Production,"620 Lincoln Ave, Winnetka, IL 60093",Winnetka,IL,60093,US,http://www.childrenstheatrewinnetka.com,(847) 446-0537,https://www.facebook.com/childrenstheatrewinnetka,https://www.instagram.com/childrenstheatrewinnetka,MTI,https://www.mtishows.com/shows,performance run,Non-Professional,2026-08-18
Unnecessary Farce,Chilliwack Cultural Centre,Chilliwack Cultural Centre,2026-11-19,2026-11-29,info@chilliwackculturalcentre.ca,Production,"9201 Corbould Street, Chilliwack, BC, CA",Chilliwack,BC,,CA,http://chilliwackculturalcentre.com/,(604) 391-7469,https://www.facebook.com/chilliwackculturalcentre/,https://www.instagram.com/chilliwackculturalcentre/,CONCORD,https://www.concordtheatricals.com/p/98949/unnecessary-farce,performance run,Amateur,2026-08-18
Disney's High School Musical Jr.,Christ The King School,Christ The King School,2026-11-19,2026-11-20,admin@ctkcougars.com,Organizations,"5858 North Crittenden Avenue, Indianapolis, IN 46220",Indianapolis,IN,46220,US,,,,,MTI,https://www.mtishows.com/shows,performance run,Non-Professional,2026-08-18
Disney's Newsies Jr.,Classical School Of New Braunfels,Oakwood Baptist Church,2026-11-19,2026-11-21,info@tcsnb.org,Production,"2154 Loop 337, New Braunfels, TX 78132",New Braunfels,TX,78132,US,http://www.tcsnb.org,(830) 643-9926,,,MTI,https://www.mtishows.com/shows,performance run,School,2026-08-18
Irving Berlin's White Christmas,Colorado Springs Fine Arts Center,Colorado Springs Fine Arts Center,2026-11-19,2026-12-27,fac@coloradocollege.edu,Production,"30 West Dale Street, Colorado Springs, CO",Colorado Springs,CO,,US,http://www.csfineartscenter.org,(719) 475-2444,https://www.facebook.com/CSFineArtsCenter,https://instagram.com/fineartscenter/,CONCORD,https://www.concordtheatricals.com/p/44974/irving-berlin-s-white-christmas,extended run,Professional,2026-08-18
Annie Jr,Eden Arts Cooperative,Plymouth Arts And Recreation Complex,2026-11-19,2026-11-22,foreveraftermail@gmail.com,Production,"650 Church St., Plymouth, MI 48170",Plymouth,MI,48170,US,http://www.iheartforeverafter.org/,734-547-5156,,,MTI,https://www.mtishows.com/shows,performance run,Non-Professional,2026-08-18
Little Shop Of Horrors,Fouke High School,Fouke Middle School,2026-11-19,2026-11-21,melissa.brackney@foukepanthers.org,Production,"403 Panther Drive, Fouke, AR 71837",Fouke,AR,71837,US,http://foukepanthers.org,(870) 653-4311,https://www.facebook.com/FoukeHighSchool,,MTI,https://www.mtishows.com/shows,performance run,School,2026-08-18
Newsies,Grace Christian School,Joan C. Edwards Performing Arts Cen,2026-11-19,2026-11-21,petrellad@marshall.edu,Production,"1655 5th Avenue, Huntington, WV 25703",Huntington,WV,25703,US,http://www.marshall.edu,(304) 696-2983,http://www.facebook.com/marshallu,http://www.instagram.com/marshallu,MTI,https://www.mtishows.com/shows,performance run,School,2026-08-18
Roald Dahl's Matilda The Musical Jr,Hampton Middle School,Hampton Middle School,2026-11-19,2026-11-21,clendenning@ht-sd.org,Production,"4589 School Drive, Allison Park, PA 15101",Allison Park,PA,15101,US,http://www.htsd.k12.pa.us,(412) 486-6000,https://www.facebook.com/HamptonTwpSD,,MTI,https://www.mtishows.com/shows,performance run,Non-Professional,2026-08-18
Guys And Dolls,Hannibal High School,Hannibal High School,2026-11-19,2026-11-22,communications@hannibal60.com,Production,"4500 Mcmasters Ave, Hannibal, MO 63401",Hannibal,MO,63401,US,http://www.hannibal.k12.mo.us,(573) 221-1258,https://www.facebook.com/HPSD60,,MTI,https://www.mtishows.com/shows,performance run,School,2026-08-18
Disney's The Lion King Jr,Hartfield Academy,Colbert Theater,2026-11-19,2026-11-20,info@hartfield.org,Production,"1240 Luckney Rd, Flowood, MS 39232",Flowood,MS,39232,US,http://www.hartfield.org,601-992-5333,https://www.facebook.com/HartfieldAcademy/,https://www.instagram.com/hartfieldacademy/,MTI,https://www.mtishows.com/shows,performance run,School,2026-08-20
Frozen,Holland Christian High School,High School Auditorium,2026-11-19,2026-11-21,info@hollandchristian.org,Production,"950 Ottawa Avenue, Holland, MI 49423",Holland,MI,49423,US,http://www.hollandchristian.org/theatre,(616) 820-2805,https://www.facebook.com/hollandchristianschools,https://www.instagram.com/hollandchristianschools/,MTI,https://www.mtishows.com/shows,performance run,School,2026-08-18
Mary Poppins Jr,Horizon Players,Horizon Stage,2026-11-19,2026-11-21,hstage@sprucegrove.org,Production,"1001 Calahoo Road, Spruce Grove, AB T7X 3A6, CA",Spruce Grove,AB,T7X 3A6,CA,http://www.horizonstage.com,(780) 962-8995,https://www.facebook.com/thehorizonstage,https://www.instagram.com/horizonstage/,MTI,https://www.mtishows.com/shows,performance run,Non-Professional,2026-08-18
Little Shop Of Horrors (broadway Version),Ionia High School,Ihs Watt Auditorium,2026-11-19,2026-11-22,jnuse@ioniaschools.org,Production,"438 Union Street, Ionia, MI 48846",Ionia,MI,48846,US,http://www.ioniaschools.org,(616) 527-9280,https://www.facebook.com/IoniaPublic/,,MTI,https://www.mtishows.com/shows,performance run,School,2026-08-18
Newsies,John Glenn High School,John Glenn High School,2026-11-19,2026-11-22,schmidtm@bangorschools.org,Production,"3201 Kiesel Road, Bay City, MI 48706",Bay City,MI,48706,US,http://www.bangorschools.org,(989) 684-8121,https://www.facebook.com/Bangor-Township-Schools-772679662905130/,https://www.instagram.com/bangortwpschools/,MTI,https://www.mtishows.com/shows,performance run,School,2026-08-26
Frozen,John Marshall High School,Auditorium at John Marshall High School,2026-11-19,2026-11-22,communications@rochesterschools.org,Production,"John Marshall High School, 1510 14th Street Northwest, Rochester, MN 55901",Rochester,MN,55901,US,http://www.rochester.k12.mn.us,(507) 328-3000,https://www.facebook.com/ISD535,https://www.instagram.com/rochestermnpublicschools/,MTI,https://www.mtishows.com/shows,performance run,School,2026-08-18
Dear Evan Hansen,Kingston Meistersingers,Theatre S-same,2026-11-19,2026-11-29,coord@centreculturelfrontenac.com,Production,"1290 Wheathill, Kingston, ON K7M 0A7, CA",Kingston,ON,K7M 0A7,CA,http://centreculturelfrontenac.com,(613) 546-1356,https://www.facebook.com/centre.frontenac,https://www.instagram.com/centreculturelfrontenac/,MTI,https://www.mtishows.com/shows,performance run,Non-Professional,2026-08-18
Legally Blonde,Mother Mcauley High School,Mother Mcauley High School,2026-11-19,2026-11-22,attendance@mothermcauley.org,Production,"3737 W 99th Street, Chicago, IL 60655",Chicago,IL,60655,US,http://www.mothermcauley.org,(773) 881-6500,https://www.facebook.com/mothermcauley/,https://www.instagram.com/mothermcauley/,MTI,https://www.mtishows.com/shows,performance run,School,2026-08-18
The Drowsy Chaperone,Mukwonago High School,Greenwald Auditorium,2026-11-19,2026-11-22,schieco@masd.k12.wi.us,Production,"605 West Veterans Way, 605 West Veterans Way, Mukwonago, WI 53149",Mukwonago,WI,53149,US,https://www.masd.k12.wi.us/community/greenwald-foundation-pac/index.html,(262) 363-6300,https://www.facebook.com/masdschools/,https://www.instagram.com/masdschools,MTI,https://www.mtishows.com/shows,performance run,School,2026-08-18
Clue,North Penn High School,North Penn High School,2026-11-19,2026-11-22,nptheatredocumentary@gmail.com,Production,"1340 South Valley Forge Road, Lansdale, PA",Lansdale,PA,,US,http://www.npenn.org/theatre,,,,CONCORD,https://www.concordtheatricals.com/p/98692/clue,performance run,Amateur,2026-08-18
Come From Away,Pacific Repertory Theatre,Founders Theatre At Golden Bough,2026-11-19,2026-12-20,contact@pacrep.org,Production,"P.o. Box 222035, Carmel, CA 93922",Carmel,CA,93922,US,http://www.pacrep.org,(831) 622-0100,https://www.facebook.com/photo/,https://www.instagram.com/pacificrepertorytheatre/,MTI,https://www.mtishows.com/shows,extended run,Non-Professional,2026-08-18
Rudolph The Red Nosed Reindeer,Pennsylvania Western University,Hart Chapel - Clarion Campus,2026-11-19,2026-11-23,admissions@pennwest.edu,Production,"Wood Street, Clarion, PA 16214",Clarion,PA,16214,US,http://www.pennwest.edu,(724) 938-4404,https://www.facebook.com/PennWestUniversity,https://instagram.com/pennwestu,MTI,https://www.mtishows.com/shows,performance run,School,2026-08-18
Shrek The Musical,Road Company Theatre,Road Company Theatre,2026-11-19,2026-11-19,info@roadcompany.com,Production,"Lauri Hudson, 405 S. Main Street, Williamstown, NJ 08094",Williamstown,NJ,8094,US,http://www.roadcompany.com,(856) 728-2120,https://www.facebook.com/roadcompany99,http://instagram.com/theroadcompany,MTI,https://www.mtishows.com/shows,performance run,Non-Professional,2026-08-18
Mamma Mia!,Roncalli High School,Roncalli Performing Arts Center,2026-11-19,2026-11-21,info@roncalli.org,Production,"3300 Prague Rd, Indianapolis, IN 46227",Indianapolis,IN,46227,US,http://roncalli.org,(317) 787-8277,https://www.facebook.com/RoncalliHighSchool,https://www.instagram.com/roncalliroyals/,MTI,https://www.mtishows.com/shows,performance run,School,2026-08-18
Come From Away,Seton Hill University,Ryan Theatre,2026-11-19,2026-11-21,boxoffice@setonhill.edu,Production,"1 Seton Hill Drive, Greensburg, PA 15601",Greensburg,PA,15601,US,http://setonhill.edu/arts,+1-800-826-6234,https://www.facebook.com/SetonHill,https://www.instagram.com/setonhilluniversity,MTI,https://www.mtishows.com/shows,performance run,School,2026-08-18
Joseph and the Amazing Technicolor Dreamcoat,Silverdale Baptist Academy,Silverdale Baptist Academy,2026-11-19,2026-11-21,info@silverdaleba.org,Production,"7236 Bonny Oaks Drive, Chattanooga, TN",Chattanooga,TN,,US,http://silverdaleba.org,(423) 892-2319,https://www.facebook.com/SilverdaleBA,https://www.instagram.com/silverdaleba/,CONCORD,https://www.concordtheatricals.com/p/44899/joseph-and-the-amazing-technicolor-dreamcoat,performance run,Amateur,2026-08-18
Disney's The Little Mermaid,Spencerport High School,Spencerport High School,2026-11-19,2026-11-21,registrar@spencerportschools.org,Production,"2707 Spencerport Road, Spencerport, NY 14559",Spencerport,NY,14559,US,http://www.spencerportschools.org/,(585) 349-5000,https://www.facebook.com/SpencerportCSD,https://www.instagram.com/spencerport_central_schools/,MTI,https://www.mtishows.com/shows,performance run,School,2026-08-18
Annie Jr,St Agnes Parish,St Agnes Parish,2026-11-19,2026-11-22,info@stagnesparish.org,Production,"12801 West Fairmount Avenue, Butler, WI 53007",Butler,WI,53007,US,https://www.stagnesparish.org/,(262) 781-9521,https://www.facebook.com/stagnesbutler,https://www.instagram.com/stagnescatholicparishandschool/,MTI,https://www.mtishows.com/shows,performance run,Non-Professional,2026-08-18
Disney's High School Musical Jr.,Stuart Country Day School,Cor Unum Theatre,2026-11-19,2026-11-19,info@stuartschool.org,Production,"1200 Stuart Road, Princeton, NJ 08540",Princeton,NJ,8540,US,http://www.stuartschool.org,+1-609-921-2330,https://www.facebook.com/stuartschool,https://www.instagram.com/stuartcdschool/,MTI,https://www.mtishows.com/shows,performance run,School,2026-08-22
Frozen,Trinity High School,Trinity High School Auditorium,2026-11-19,2026-11-22,meadowsl@ths.org,Organizations,"500 North Industrial, Euless, TX 76039",Euless,TX,76039,US,http://hebisd.edu/trinity,(817) 399-3690,https://www.facebook.com/eulesstrinityhighschool,,MTI,https://www.mtishows.com/shows,performance run,School,2026-08-18
Alice By Heart,Troy University,Theatre Upstairs,2026-11-19,2026-11-22,theatreanddance@troy.edu,Production,"Malone Hall, Troy University, Troy, AL 36082",Troy,AL,36082,US,http://www.troy.edu,(800) 414-5756,https://www.facebook.com/TroyUniversity,http://instagram.com/troyuniversity,MTI,https://www.mtishows.com/shows,performance run,School,2026-08-18
Mean Girls,Univ Of Scranton - Student Activities,Mcdade Center For Literary/perf Art,2026-11-19,2026-11-21,aquinas@scranton.edu,Production,"University Of Scranton, Scranton, PA 18510",Scranton,PA,18510,US,http://clubs.scranton.edu/org/livaartsco,,,,MTI,https://www.mtishows.com/shows,performance run,School,2026-08-18
Alice By Heart,Univ Of Southern California,Dab Sanctuary,2026-11-19,2026-11-22,sdaweb@usc.edu,Production,"817 W. 34th Street, Los Angeles, CA 90089",Los Angeles,CA,90089,US,https://dramaticarts.usc.edu,,https://www.facebook.com/USCSchoolofDramaticArts,https://instagram.com/uscsda/,MTI,https://www.mtishows.com/shows,performance run,School,2026-08-18
Urinetown,Univ Of Wisconsin Madison,Mitchell Theatre,2026-11-19,2026-12-06,info@theatre.wisc.edu,Production,"821 University Avenue, Madison, WI 53706",Madison,WI,53706,US,http://www.theatre.wisc.edu,(608) 263-2329,https://www.facebook.com/utmadison,https://www.instagram.com/uwtheatre/,MTI,https://www.mtishows.com/shows,extended run,School,2026-08-18
Urinetown,University Prep,Founders Hall,2026-11-19,2026-11-21,admissionoffice@universityprep.org,Production,"8000 25th Ave N.e., Seattle, WA 98115",Seattle,WA,98115,US,http://www.universityprep.org,(206) 525-2714,,https://www.instagram.com/uprepseattle/,MTI,https://www.mtishows.com/shows,performance run,School,2026-08-18
Frozen,Victorian Operetta Society,Victoria Hall Concert Hall,2026-11-19,2026-11-29,theatre@vostheatre.com,Production,"55 King St. W, Cobourg, ON K9A 2M2, CA",Cobourg,ON,K9A 2M2,CA,http://www.vostheatre.com,,https://www.facebook.com/vostheatre,https://instagram.com/vostheatre,MTI,https://www.mtishows.com/shows,performance run,Non-Professional,2026-08-18
The Drowsy Chaperone,Virginia Peninsula Community College Ed Foundation,Dr. Mary T. Christian Theatre,2026-11-19,2026-11-22,admissions@vpcc.edu,Production,"99 Thomas Nelson Dr., Hampton, VA 23666",Hampton,VA,23666,US,http://www.vpcc.edu,7578252700,https://www.facebook.com/vpccva,https://instagram.com/vpccva/,MTI,https://www.mtishows.com/shows,performance run,School,2026-08-18
Disney's Descendants,Wego Community Theatre,Wheaton Academy Fine Arts Center,2026-11-19,2026-11-21,wegocommunitytheatre@gmail.com,Production,"900 Prince Crossing Rd, West Chicago, IL 60185",West Chicago,IL,60185,US,http://www.wegocommunitytheatre.org,(331) 465-9317,https://www.facebook.com/WegoCommunityTheatre/,https://www.instagram.com/WeGoCommunityTheatre/,MTI,https://www.mtishows.com/shows,performance run,Non-Professional,2026-08-18
Disney's High School Musical One Act Edition,Wellington School,Wellington School,2026-11-19,2026-11-21,wellingtonadmissions@welljags.onmicrosoft.com,Production,"3650 Reed Road, Upper Arlington, OH 43220",Upper Arlington,OH,43220,US,http://www.wellington.org,(614) 457-7883,https://www.facebook.com/TheWellingtonSchool,http://instagram.com/thewellingtonschool,MTI,https://www.mtishows.com/shows,performance run,School,2026-08-18
Disney's Alice In Wonderland Jr.,White River Christian Home Educators,Anderson Mainstage Theatre,2026-11-19,2026-11-21,info@mainstagetheatre.org,Production,"124 W 9th St, Anderson, IN 46016-1413",Anderson,IN,46016-1413,US,https://mainstagetheatre.org/,(765) 644-5111,http://www.facebook.com/AndersonMainstageTheatre/,https://www.instagram.com/anderson_mainstage_theatre/,MTI,https://www.mtishows.com/shows,performance run,Non-Professional,2026-08-18
Peter And The Starcatcher,Arlington Catholic High School,Barton Hall -saint Agnes School,2026-11-20,2026-11-21,pcrane@achs.net,Production,"39 Medford St., Arlington, MA 02474",Arlington,MA,2474,US,https://achssas.org/,(781) 643-9031,https://www.facebook.com/achssascougars,https://www.instagram.com/p/Db9d7zDAGIt/,MTI,https://www.mtishows.com/shows,performance run,School,2026-08-18
The 25th Annual Putnam County Spelling Bee,Bonny Eagle High School,Bonny Eagle High School,2026-11-20,2026-11-21,webmaster@bonnyeagle.org,Production,"700 Saco Road, Standish, ME 04084",Standish,ME,4084,US,http://www.bonnyeagle.org,(207) 929-3831,https://www.facebook.com/msad6centraloffice,,MTI,https://www.mtishows.com/shows,performance run,School,2026-08-18
The Music Man Jr,Brighton High School,Brighton High School,2026-11-20,2026-11-21,webmaster@bcsd.org,Production,"1150 Winton Rd S, Rochester, NY 14618",Rochester,NY,14618,US,http://bcsd.org,(585) 242-5200,https://www.facebook.com/BrightonCentralSchoolDistrict,https://www.instagram.com/brightoncsd/,MTI,https://www.mtishows.com/shows,performance run,School,2026-08-18
How To Train Your Dragon The Musical Jr.,Childrens Music Workshop,Lakeshore Community Auditorium,2026-11-20,2026-11-22,info@cmwonline.org,Production,"5771 Cleveland Ave, Stevensville, MI 49127",Stevensville,MI,49127,US,http://www.cmwonline.org,,,,MTI,https://www.mtishows.com/shows,performance run,Non-Professional,2026-08-18
Annie Kids,City Of East Lansing Parks And Recreation,City Of East Lansing Parks And Recrea,2026-11-20,2026-11-21,bphilli@cityofeastlansing.com,Production,"819 Abbot Rd, East Lansing, MI 48823-3102",East Lansing,MI,48823-3102,US,http://www.cityofeastlansing.com,(517) 337-1731,https://www.facebook.com/cityofeastlansing,https://www.instagram.com/cityofeastlansing/,MTI,https://www.mtishows.com/shows,performance run,Non-Professional,2026-08-18
Disney's Finding Nemo Jr.,City Of Evanston,Levy Center,2026-11-20,2026-11-22,311center@cityofevanston.org,Production,"300 Dodge Ave., Evanston, IL 60202",Evanston,IL,60202,US,http://www.cityofevanston.org,(847) 448-4311,https://www.facebook.com/CityofEvanston/,https://www.instagram.com/cityofevanston/,MTI,https://www.mtishows.com/shows,performance run,Non-Professional,2026-08-18
Disney's The Little Mermaid Jr,Coxsackie Athens Central School Drama Club,Coxsackie-athens Central School,2026-11-20,2026-11-21,sweeneyp@cacsd.org,Production,"24 Sunset Boulevard, Coxsackie, NY 12051",Coxsackie,NY,12051,US,http://www.cacsd.org,(518) 731-1700,https://www.facebook.com/pages/category/Public-School/Coxsackie-Athens-Central-Indians-298615820170018/,https://www.instagram.com/coxathschools/,MTI,https://www.mtishows.com/shows,performance run,School,2026-08-18
Fame Jr,East County Performing Arts Center,East County Performing Arts Center,2026-11-20,2026-11-22,eastcountypac@gmail.com,Production,"3901 Walnut Blvd, Suite B, Brentwood, CA 94513",Brentwood,CA,94513,US,http://brentwooddance.com,(925) 701-9889,,,MTI,https://www.mtishows.com/shows,performance run,Non-Professional,2026-08-18
Disney's Finding Nemo Jr.,Episcopal Academy,Carrafiell Family Theater,2026-11-20,2026-11-21,plegrand@episcopalacademy.org,Production,"1785 Bishop White Drive, Newtown Square, PA",Newtown Square,PA,,US,http://www.episcopalacademy.org,(484) 424-1400,https://www.facebook.com/EpiscopalAcademy1785,https://instagram.com/ea1785/,MTI,https://www.mtishows.com/shows,performance run,School,2026-08-18
Seussical Jr.,Episcopal Day School Drama Club,Episcopal Day School,2026-11-20,2026-11-21,kcuellar@episcopaldayschool.net,Production,"34 North Coria Street, Brownsville, TX 78520-8310",Brownsville,TX,78520-8310,US,http://episcopaldayschool.net,(956) 542-5231,https://www.facebook.com/edsbrownsville,https://www.instagram.com/edsbrownsville/,MTI,https://www.mtishows.com/shows,performance run,Non-Professional,2026-08-20
The Drowsy Chaperone,Falls Church High School,Falls Church High School,2026-11-20,2026-11-22,jaguartheaterboosters@gmail.com,Production,"7521 Jaguar Trail, Falls Church, VA 22042",Falls Church,VA,22042,US,http://www.fchsdrama.org,,https://www.google.com/url,https://www.google.com/url,MTI,https://www.mtishows.com/shows,performance run,School,2026-08-18
Disney's The Little Mermaid Jr,Friends Of Madison Youth,Madison Arts Barn,2026-11-20,2026-12-06,info@madisonartsbarn.org,Production,"8 Campus Drive, Madison, CT 06419",Madison,CT,6419,US,http://www.madisonartsbarn.org,203-245-2689,https://www.facebook.com/TheMadisonArtsBarn,https://www.instagram.com/TheBarnCT,MTI,https://www.mtishows.com/shows,extended run,Non-Professional,2026-08-21
Disney's The Lion King Jr,Germantown Elementary School,Germantown Csd Auditorium,2026-11-20,2026-11-21,program.intake@usda.gov,Production,"123 Main St, Germantown, NY 12526-5326",Germantown,NY,12526-5326,US,http://www.germantowncsd.org,(518) 537-6281,https://www.facebook.com/GermantownCSD,,MTI,https://www.mtishows.com/shows,performance run,School,2026-08-18
Mean Girls Jr,Goshen Junior High School,Goshen Junior High School,2026-11-20,2026-11-22,contact@goshenschools.org,Production,"1216 S. Indiana Ave, Goshen, IN 46526",Goshen,IN,46526,US,http://gjhs.goshenschools.org/,(574) 533-8631,https://www.facebook.com/goshen.schools,https://www.instagram.com/goshenschools/,MTI,https://www.mtishows.com/shows,performance run,Non-Professional,2026-08-18
A Christmas Carol,Harbor Playhouse,Harbor Playhouse,2026-11-20,2026-12-20,volunteer@harborplayhouse.com,Production,"1802 N. Chaparral, Corpus Christi, TX 78401",Corpus Christi,TX,78401,US,http://www.harborplayhouse.com,(361) 882-5500,https://www.facebook.com/profile.php,https://instagram.com/harborplayhouse/,MTI,https://www.mtishows.com/shows,extended run,Non-Professional,2026-08-18
Disney's The Little Mermaid,Holy Cross High School,Holy Cross High School,2026-11-20,2026-11-22,info@indiantypefoundry.com,Production,"501 E. Drinker Street, Dunmore, PA 18512",Dunmore,PA,18512,US,http://www.hchspa.org,(570) 346-7541,https://www.facebook.com/194134197437863,https://www.instagram.com/holycrossdunmore,MTI,https://www.mtishows.com/shows,performance run,School,2026-08-18
Frozen,Houlton High School,Houlton High School,2026-11-20,2026-11-22,morgan.drake@rsu29.org,Production,"7 Bird Street, Houlton, ME 04730",Houlton,ME,4730,US,http://www.rsu29.org,(207) 532-6555,https://www.facebook.com/Rsu29SchoolDistrict,,MTI,https://www.mtishows.com/shows,performance run,School,2026-08-18
Elf-the Musical Jr.,"Kismet Arts, Llc",Oakdale Performing Arts Center,2026-11-20,2026-11-22,kismetartsstudio@gmail.com,Production,"10901 N Sooner Rd, Edmond, OK 73013",Edmond,OK,73013,US,http://kismetartsokc.com,,https://www.facebook.com/kismetartsokc,https://www.instagram.com/kismetartsokc/,MTI,https://www.mtishows.com/shows,performance run,Non-Professional,2026-08-18
Annie,Landmark Musicals,The Rodey Theater,2026-11-20,2026-11-29,landmarkmusicals@gmail.com,Production,"Campus University Of New Mexico, Albuquerque, NM 87106",Albuquerque,NM,87106,US,http://www.landmarkmusicals.org,,https://www.facebook.com/LandmarkMusicalsABQ/,https://www.instagram.com/landmarkmusicals/,MTI,https://www.mtishows.com/shows,performance run,Non-Professional,2026-08-18
Mary Poppins,Madonna University,Kresge Hall,2026-11-20,2026-11-22,admissions@madonna.edu,Production,"36600 Schoolcraft Road, Livonia, MI 48150",Livonia,MI,48150,US,http://www.madonna.edu,(734) 432-5300,https://www.facebook.com/MadonnaUniversity,https://www.instagram.com/madonnauniversity/,MTI,https://www.mtishows.com/shows,performance run,School,2026-08-19
Harvey,Marigold Auditorium,Marigold Auditorium,2026-11-20,2026-11-22,wintervillecampus@gmail.com,Production,"373 N Church St, Winterville, GA",Winterville,GA,,US,http://www.wintervillecenter.com,706-742-0823,https://www.facebook.com/TheWintervilleCenter/,https://www.instagram.com/wintervillecenter/,CONCORD,https://www.concordtheatricals.com/p/13523/harvey,performance run,Amateur,2026-08-18
Disney's Aladdin Jr.,Maui Preparatory Academy,Bozich Center,2026-11-20,2026-11-21,admissions@mauiprep.org,Production,"4920 Honoapiilani Hwy., Lahaina, HI 96761",Lahaina,HI,96761,US,http://www.mauiprep.org,(808) 665-9966,https://www.facebook.com/mauiprep,https://www.instagram.com/mauiprep/,MTI,https://www.mtishows.com/shows,performance run,School,2026-08-18
Alice By Heart,Middle Tennessee State University,Anderson Studio Theatre,2026-11-20,2026-11-22,kristi.shamburger@mtsu.edu,Production,"615b Champion Way, Murfreesboro, TN 37129",Murfreesboro,TN,37129,US,http://mtsu.edu/theatreanddance,(615) 898-2640,https://www.facebook.com/mtsutheatre,https://www.instagram.com/mtsutheatre/,MTI,https://www.mtishows.com/shows,performance run,School,2026-08-18
Disney's Descendants,Minisink Valley Middle School,Minisink Valley Middle School,2026-11-20,2026-11-21,budgetquestions@minisink.com,Production,"2320 Route 6, Slate Hill, NY 10973",Slate Hill,NY,10973,US,http://www.minisink.com,(845) 355-5100,,,MTI,https://www.mtishows.com/shows,performance run,Non-Professional,2026-08-18
Something Rotten!,Monroe Community College,Mcc Theatre,2026-11-20,2026-11-22,trib411@monroecc.edu,Production,"1000 East Henrietta Road, Rochester, NY 14623",Rochester,NY,14623,US,http://www.monroecc.edu/,(585) 292-2411,https://www.facebook.com/MonroeCC,https://instagram.com/monroeccrochester/,MTI,https://www.mtishows.com/shows,performance run,School,2026-08-28
Wonderland,North Port High School,North Port Perf Arts Center,2026-11-20,2026-11-22,dena.henderson@sarasotacountyschools.net,Production,"6400 West Price Blvd, North Port, FL 34291",North Port,FL,34291,US,http://www.nphstheatre.net,(941) 428-8558,http://www.facebook.com/wix,http://instagram.com/wix,MTI,https://www.mtishows.com/shows,performance run,School,2026-08-22
Disney's Frozen Jr,Palmyra Macedon Middle School,Palmyra-macedon High School,2026-11-20,2026-11-21,district.clerk@palmaccsd.org,Production,"151 Hyde Parkway, Palmyra, NY 14522",Palmyra,NY,14522,US,http://www.palmaccsd.org,(315) 597-3400,https://www.facebook.com/Palmyra-Macedon-Central-School-District-221315751218089/,https://www.instagram.com/palmac_csd/,MTI,https://www.mtishows.com/shows,performance run,Non-Professional,2026-08-18
The Addams Family Musical: School Edition,Phoenix Youth Theatre,Phoenix Youth Theatre,2026-11-20,2026-11-22,sandi@azfcf.org,Production,"Scottsdale, AZ",Scottsdale,AZ,,US,http://www.dftheater.org,480-488-1981,,,TRW,https://www.theatricalrights.com/show/addams-family-school-edition/,performance run,,2026-08-18
Disney's Newsies Jr.,Poison Apple Productions,Poison Apple Playhouse,2026-11-20,2026-11-22,info@poisonappleproductions.org,Production,"835 Arnold Drive Bay 6, Martinez, CA 94553",Martinez,CA,94553,US,http://www.poisonapple.org,925.957.0773,,,MTI,https://www.mtishows.com/shows,performance run,Non-Professional,2026-08-18
The Santa Switch,Raue Center For The Arts/sage Studio,Raue Center For The Arts/sage Studi,2026-11-20,2026-12-06,boxoffice@rauecenter.org,Production,"26 N Williams Street, Crystal Lake, IL 60014",Crystal Lake,IL,60014,US,http://www.rauecenter.org/education,(815) 356-9212,https://www.facebook.com/RaueCenter,https://www.instagram.com/rauecenterforthearts/,MTI,https://www.mtishows.com/shows,extended run,Non-Professional,2026-08-18
Irving Berlin's White Christmas,Rockwall Community Playhouse,Rockwall Community Playhouse,2026-11-20,2026-12-06,rockwallcommunityplayhouse@gmail.com,Production,"609 East Rusk St, Rockwall, TX",Rockwall,TX,,US,http://www.rockwallcommunityplayhouse.org,(972) 722-3399,,,CONCORD,https://www.concordtheatricals.com/p/44974/irving-berlin-s-white-christmas,extended run,Amateur,2026-08-18
Disney's Frozen Kids,Round Lake Area Park District Community Theatre,Round Lake Area Park District,2026-11-20,2026-11-21,info@sraclc.org,Production,"814 Hart Road, Round Lake, IL 60073",Round Lake,IL,60073,US,http://www.rlapd.org,(847) 546-8558,https://www.facebook.com/rlapd/,https://www.instagram.com/roundlakeareaparkdistrict/,MTI,https://www.mtishows.com/shows,performance run,Non-Professional,2026-08-18
The Drowsy Chaperone,South Fork Performing Arts,Guild Hall,2026-11-20,2026-11-21,info@guildhall.org,Production,"158 Main Street, East Hampton, NY 11937",East Hampton,NY,11937,US,http://www.guildhall.org,(631) 324-0806,https://www.facebook.com/guildhall,https://www.instagram.com/guild_hall/,MTI,https://www.mtishows.com/shows,performance run,Non-Professional,2026-08-18
Frozen,Stadium Theatre,Stadium Theatre Performing Arts Cen,2026-11-20,2026-11-22,info@envisionsuccess.net,Production,"28 Monument Square, Woonsocket, RI 02895",Woonsocket,RI,2895,US,http://www.stadiumtheatre.com,(401) 762-4545,https://www.facebook.com/StadiumTheatre,https://www.instagram.com/stadium_theatre/,MTI,https://www.mtishows.com/shows,performance run,Non-Professional,2026-08-18
Shrek The Musical Kids,Star Struck Productions,Starstruck Studio,2026-11-20,2026-11-20,starstruckoffice@gmail.com,Production,"42307 Osgood Rd, Fremont, CA 94539",Fremont,CA,94539,US,http://www.starstrucktheatre.org,(510) 659-1319,https://www.facebook.com/starstrucktheatre,https://www.instagram.com/starstruck_theatre/,MTI,https://www.mtishows.com/shows,performance run,Non-Professional,2026-08-18
Peter And The Starcatcher,Temecula Preparatory School - Upper School,Temecula Preparatory School,2026-11-20,2026-11-21,tvhsptsapresident@gmail.com,Organizations,"35777 Abelia St., Winchester, CA 92596",Winchester,CA,92596,US,http://www.temeculaprep.com,(951) 926-6776,https://www.facebook.com/TemeculaPrepSchool/,https://www.instagram.com/temeculaprep/,MTI,https://www.mtishows.com/shows,performance run,School,2026-08-18
Dashing Through the Snow,The Majestic Studio Theatre,The Majestic Studio Theatre,2026-11-20,2026-11-22,karenb@majestictheatre.net,Production,"880 Page Street, Manchester, NH",Manchester,NH,,US,http://www.majestictheatre.net,(603) 669-7469,https://www.facebook.com/MajesticNH/,https://www.instagram.com/majestic_nh_theatre,CONCORD,https://www.concordtheatricals.com/p/13245/dashing-through-the-snow,performance run,Amateur,2026-08-18
Disney's Alice In Wonderland Jr.,"Theatre Of Arts Discipline,llc - Toad",Charles Wright Academy,2026-11-20,2026-11-21,cwa@charleswright.org,Production,"7723 Chambers Creek Rd W,, Tacoma, WA 98467",Tacoma,WA,98467,US,https://www.charleswright.org/,(253) 620-8300,https://www.facebook.com/CharlesWrightAcademy/,https://www.instagram.com/charleswright1957/,MTI,https://www.mtishows.com/shows,performance run,Non-Professional,2026-08-18
Rent,Univ Of Wisconsin Parkside,Main Stage Theatre - Uw-parkside,2026-11-20,2026-12-06,admissions@uwp.edu,Production,"Fine Arts Office, Kenosha, WI 53140",Kenosha,WI,53140,US,http://www.uwp.edu,(262) 595-2345,https://www.facebook.com/universityofwisconsinparkside,https://www.instagram.com/uwparkside/,MTI,https://www.mtishows.com/shows,extended run,School,2026-08-18
1776,Village Light Opera Group,Chain Theatre,2026-11-20,2026-11-22,info@chaintheatre.org,Production,"312 W 36th St, New York, NY 10018",New York,NY,10018,US,https://www.chaintheatre.org/,,https://www.facebook.com/ChainTheatre,http://instagram.com/chaintheatrenyc,MTI,https://www.mtishows.com/shows,performance run,Non-Professional,2026-08-18
Roald Dahl's Matilda The Musical Jr,Wharton Institute,Wharton Institute,2026-11-20,2026-11-22,info@whartonarts.org,Production,"60 Locust Ave, Berkeley Heights, NJ 07922",Berkeley Heights,NJ,7922,US,http://www.whartonarts.org,(908) 790-0700,https://www.facebook.com/WhartonArts/,http://www.instagram.com/wharton_arts,MTI,https://www.mtishows.com/shows,performance run,Non-Professional,2026-08-18
Newsies,Winchester Cooperative Theater For Children,Mccall Middle School,2026-11-20,2026-11-22,wincooptheatre@yahoo.com,Production,"458 Main Street, Winchester, MA 01890-2944",Winchester,MA,01890-2944,US,http://www.winchesterchildrenstheatre.com,(781) 249-7529,https://www.facebook.com/groups/WinchesterCooperativeTheater/,,MTI,https://www.mtishows.com/shows,performance run,Non-Professional,2026-08-18
Come From Away,Windsor Light Music Theatre,St. Clair College Centre For Arts,2026-11-20,2026-11-29,info@windsorlight.com,Production,"201 Riverside Drive, West, Windsor, ON N9A 5K4, CA",Windsor,ON,N9A 5K4,CA,http://www.windsorlight.com,+,https://www.facebook.com/windsorlight/,https://www.instagram.com/windsorlight/,MTI,https://www.mtishows.com/shows,performance run,Non-Professional,2026-08-18
Disney's High School Musical,Zumbrota-mazeppa Public School,Zumbrota-mazeppa High School,2026-11-20,2026-11-22,talonk@zmsch.k12.mn.us,Production,"705 Mill Street, Zumbrota, MN 55992",Zumbrota,MN,55992,US,http://zmschools.us,(507) 732-1400,https://www.facebook.com/people/Zumbrota-Mazeppa-Public-Schools/100057487718674/,https://www.instagram.com/zmmshs2805,MTI,https://www.mtishows.com/shows,performance run,School,2026-08-18
Elf-the Musical Jr.,Big Studio Omaha,The Benson Theatre,2026-11-21,2026-11-21,info@biginc.org,Production,"6054 Maple St, Omaha, NE 68104",Omaha,NE,68104,US,http://biginc.org,402.819.8532,https://www.facebook.com/bigstudioomaha,https://www.instagram.com/bigstudioomaha,MTI,https://www.mtishows.com/shows,performance run,Non-Professional,2026-08-18
Mti's Broadway Junior Revue-pure Imagination,Center For The Performing Arts At Rhinebeck,Center For Performing Arts At R,2026-11-21,2026-11-22,boxoffice@centerforperformingarts.org,Production,"661 Route 308, Rhinebeck, NY 12572-0148",Rhinebeck,NY,12572-0148,US,http://www.centerforperformingarts.org,18458763080,http://www.facebook.com/CENTER12572,http://www.instagram.com/rbkcenter,MTI,https://www.mtishows.com/shows,performance run,Non-Professional,2026-08-18
Roald Dahl's Matilda The Musical Jr,Galway Players Theater,Galway Central School,2026-11-21,2026-11-22,galwayplayers@gmail.com,Production,"Route 147, Galway, NY 12074",Galway,NY,12074,US,http://www.galwayplayers.org,,https://www.facebook.com/galwayplayers,https://www.instagram.com/galwayplayersny/,MTI,https://www.mtishows.com/shows,performance run,Non-Professional,2026-08-18
Disney's The Little Mermaid Jr,In Focus Dance Center,J.l. Simpson Middle School,2026-11-21,2026-11-22,madeleine.s.sullivan@lcps.org,Production,"490 Evergreen Mills Rd, Lovettsville, VA 20175",Lovettsville,VA,20175,US,https://www.lcps.org/o/jls,(571) 252-2840,https://www.facebook.com/JLSimpsonMS2020/,https://www.instagram.com/jlsimpsonms_official_/,MTI,https://www.mtishows.com/shows,performance run,Non-Professional,2026-08-18
How To Train Your Dragon The Musical Jr.,La Crescent High School,La Crescent High School,2026-11-21,2026-11-22,webmaster@isd300.k12.mn.us,Production,"1301 Lancer Blvd, La Crescent, MN 55947",La Crescent,MN,55947,US,http://isd300.k12.mn.us,(507) 895-4484,https://www.facebook.com/isd300lancers/,,MTI,https://www.mtishows.com/shows,performance run,School,2026-08-27
Roald Dahl's Charlie And The Chocolate Factory Jr.,Natick Academy Of Performing Arts,Whitney Place Assited Living,2026-11-21,2026-11-22,napastagenatick@gmail.com,Organizations,"3 Vision Dr., Natick, MA 01760",Natick,MA,1760,US,,,,,MTI,https://www.mtishows.com/shows,performance run,Non-Professional,2026-08-18
Mary Poppins Jr,Performing Arts Connection,Maynard High School,2026-11-21,2026-11-22,office@performingartsconnection.com,Production,"1 Tiger Dr, Maynard, MA 01776",Maynard,MA,1776,US,http://www.performingartsconnection.com,978443240,https://www.facebook.com/tpacsudbury,http://www.instagram.com/tpaclimes2,MTI,https://www.mtishows.com/shows,performance run,Non-Professional,2026-08-18
Disney's Winnie The Pooh Kids,Tecumseh Youth Theatre,Tecumseh Center For The Arts,2026-11-21,2026-11-22,board@tecumsehyouththeatre.com,Production,"400 N Maumee Street, Tecumseh, MI 49286",Tecumseh,MI,49286,US,http://www.tecumsehyouththeatre.com,(517) 301-1347,https://www.facebook.com/tecumsehyouththeatre/,http://www.instagram.com/theatretyt,MTI,https://www.mtishows.com/shows,performance run,Non-Professional,2026-08-20
Disney's Alice In Wonderland Jr.,"The Lyric Council, Inc",The Lyric Theatre,2026-11-21,2026-11-21,office@thelyric.com,Production,"135 College Ave, Blacksburg, VA 24060",Blacksburg,VA,24060,US,http://www.thelyric.com,(540) 951-1772,https://www.facebook.com/lyric.blacksburg,https://www.instagram.com/thelyrictheatre/,MTI,https://www.mtishows.com/shows,performance run,Non-Professional,2026-08-18
Come From Away,Segal Centre For Performing Arts,"Sylvan Adams Theatre, At The Segal",2026-11-22,2026-12-13,info@segalcentre.org,Production,"Segal Centre For Performing Arts, 5170 Cote-ste-catherine Road, Montreal, QC H3W 1M7, CA",Montreal,QC,H3W 1M7,CA,http://www.segalcentre.org,(514) 739-7944,http://www.facebook.com/segalcentre,https://www.instagram.com/segalcentre/,MTI,https://www.mtishows.com/shows,extended run,Professional,2026-08-18
Madagascar-a Musical Adventure Jr.,Salisbury Composite High School,Salisbury Composite High Theater,2026-11-23,2026-11-26,salattendance@eips.ca,Production,"20 Festival Way, Sherwood Park ,, AB T8A 4Y1, CA","Sherwood Park ,",AB,T8A 4Y1,CA,http://www.salcomp.ca,(780) 467-8816,https://www.facebook.com/SalisburyComposite,https://www.instagram.com/salcompsabres/,MTI,https://www.mtishows.com/shows,performance run,School,2026-08-18
Annie,Dreamcoat Fantasy Theatre,Capitol Centre,2026-11-25,2026-11-28,dreamcoatfantasytheatre@gmail.com,Production,"150 Main Street E, North Bay, ON P1B1A8, CA",North Bay,ON,P1B1A8,CA,http://www.dreamcoat.ca,,,,MTI,https://www.mtishows.com/shows,performance run,Non-Professional,2026-08-18
The Beauty Queen of Leenane,Chapel Theatre,Chapel Theatre,2026-11-26,2026-12-06,corinn@chapeltheatremilwaukie.com,Production,"4107 SE Harrison Street, Milwaukie, OR",Milwaukie,OR,,US,https://chapeltheatremilwaukie.com/,(971) 350-9675,https://www.facebook.com/chapeltheatremilwaukie,https://www.instagram.com/chapeltheatre/,CONCORD,https://www.concordtheatricals.com/p/14352/the-beauty-queen-of-leenane,performance run,Amateur,2026-08-18
Freaky Friday,Kings Edgehill School (senior School),Kings-edgehill School,2026-11-26,2026-11-28,cmcisaac@kes.ns.ca,Production,"33 King's-edgehill Lane, Windsor, NS B0N 2T0, CA",Windsor,NS,B0N 2T0,CA,http://www.kes.ns.ca,(902) 798-2278,http://www.facebook.com/kingsedgehill,https://instagram.com/kingsedgehill/,MTI,https://www.mtishows.com/shows,performance run,School,2026-08-18
Disney's The Lion King Jr,Broadway North Theatre Co.,The Ea Rawlinson Centre,2026-11-27,2026-12-05,cityclerk@citypa.com,Production,"142 12th Street West, Prince Albert, SK S6V 1C8, CA",Prince Albert,SK,S6V 1C8,CA,http://www.earawlinsoncentre.ca,(306) 953-4884,https://www.facebook.com/CityofPA/,https://www.instagram.com/cityofprincealbert/,MTI,https://www.mtishows.com/shows,performance run,Non-Professional,2026-08-18
Frozen,Centenary Stage Company,Sitnik Theatre; Lackland Center,2026-11-27,2026-12-13,info@centenarystageco.org,Production,"715 Grand Ave, Hackettstown, NJ 07840-1113",Hackettstown,NJ,07840-1113,US,http://www.centenarystageco.org,908 979 0900,https://www.facebook.com/centenary.stagecompany,https://www.instagram.com/centenarystage/,MTI,https://www.mtishows.com/shows,extended run,Professional,2026-08-18
Between The Lines,Hanover Community Players,Hanover Civic Theatre,2026-11-27,2026-12-06,info@hanovercommunityplayers.ca,Production,"443-10th Avenue, Hanover, ON N4N2P1, CA",Hanover,ON,N4N2P1,CA,http://www.hanovercommunityplayers.ca,(519) 506-6902,https://www.facebook.com/hanovercommunityplayers/,https://www.instagram.com/hanovercommunityplayers443/,MTI,https://www.mtishows.com/shows,performance run,Non-Professional,2026-08-18
Roald Dahl's Charlie And The Chocolate Factory,Media Theatre For The Performing Arts (prof),The Media Theatre,2026-11-27,2027-01-03,info@mediatheatre.org,Production,"104 East State Street, Media, PA 19063",Media,PA,19063,US,http://www.mediatheatre.org/,(610) 891-0100,https://www.facebook.com/mediatheatre/,https://www.instagram.com/themediatheatre/,MTI,https://www.mtishows.com/shows,extended run,Professional,2026-08-18
Dr. Seuss's How The Grinch Stole Christmas!,Penobscot Theatre Company,Bangor Opera House,2026-11-27,2026-12-24,info@penobscottheatre.org,Production,"131 Main St, Bangor, ME 04401-6309",Bangor,ME,04401-6309,US,http://www.penobscottheatre.org,(207) 947-6618,https://www.facebook.com/penobscottheatrecompany,https://www.instagram.com/penobscottheatrecompany/,MTI,https://www.mtishows.com/shows,extended run,Professional,2026-08-18
Disney's High School Musical Jr.,Stage Eaters Theatre,King's University,2026-11-27,2026-11-28,nikolas.vanderkooy@kingsu.ca,Production,"9125 50 Street Nw, Edmonton, AB T6B 2H3, CA",Edmonton,AB,T6B 2H3,CA,http://kingsu.ca,780-465-3500,,,MTI,https://www.mtishows.com/shows,performance run,Non-Professional,2026-08-18
Elf-the Musical Jr.,Tampa Bay Performing Arts Academy,Tampa Bay Performing Arts Academy,2026-11-27,2026-11-28,info@tbpaa.net,Production,"35209 Us Hwy 19 North, Us Hwy 19 North, Palm Harbor, FL 34684",Palm Harbor,FL,34684,US,http://tbpaa.net,+1 727 784 6598,https://www.facebook.com/151647044924494,https://www.instagram.com/tampabayperforming_artsacademy/,MTI,https://www.mtishows.com/shows,performance run,Non-Professional,2026-08-18
Scrooge!,Terrace Plaza Playhouse,Terrace Plaza Playhouse,2026-11-27,2026-12-23,info@terraceplazaplayhouse.com,Production,"99 East 4700 South, Ogden, UT",Ogden,UT,,US,http://www.terraceplayhouse.com,+ 801-393-0070,https://www.facebook.com/wix,https://www.instagram.com/wix,CONCORD,https://www.concordtheatricals.com/p/1707/scrooge,extended run,Amateur,2026-08-18
Annie,Weathervane Community Playhouse,Weathervane Playhouse Mainstage,2026-11-27,2026-12-20,info@weathervaneplayhouse.com,Production,"1301 Weathervane Lane, Akron, OH 44313",Akron,OH,44313,US,http://www.weathervaneplayhouse.com/,(330) 836-2626,http://www.facebook.com/pages/Weathervane-Playhouse/209196262487829,https://www.instagram.com/weathervaneplay/,MTI,https://www.mtishows.com/shows,extended run,Non-Professional,2026-08-18
Annie,Cleveland Play House,Allen Theatre,2026-11-28,2026-12-27,boxoffice@clevelandplayhouse.com,Production,"1901 East 13th Street, Ste 200, Cleveland, OH 44114",Cleveland,OH,44114,US,http://clevelandplayhouse.com,(216) 400-7000,https://www.facebook.com/ClevelandPlayHouse/posts/pfbid024DhHuB7qiksH2ZQ7Z4P41aohre6ran15mzMaf5GZhPVx5MxGLMsgnQegLdboorHUl,https://www.instagram.com/p/Db541UAoedH/,MTI,https://www.mtishows.com/shows,extended run,Professional,2026-08-18
Disney's Frozen Jr,Stage Door Dance Academy,Erica Heilmann Theatre,2026-11-29,2026-11-29,admin@olparks.com,Production,"4625 W. 110th Street, Oak Lawn, IL 60453",Oak Lawn,IL,60453,US,http://olparks.com,(708) 857-2225,https://www.facebook.com/OakLawnParkDistrict/,https://www.instagram.com/oaklawnparkdistrict,MTI,https://www.mtishows.com/shows,performance run,Non-Professional,2026-08-18
The 25th Annual Putnam County Spelling Bee,San Francisco State University,San Francisco State University,2026-11-30,2026-12-07,thtrdnc@sfsu.edu,Production,"1600 Holloway Avenue, School Of Theatre And Dance, San Francisco, CA 94132",San Francisco,CA,94132,US,http://theatredance.sfsu.edu,(415) 338-1341,https://www.facebook.com/groups/1646468118963825/,https://www.instagram.com/sfsutheatredance/,MTI,https://www.mtishows.com/shows,performance run,School,2026-08-18
Ain't Misbehavin',Maltz Jupiter Theatre,Maltz Jupiter Theatre,2026-12-01,2026-12-31,kcapozzoli@jupitertheatre.org,Production,"1001 East Indiantown Road, Jupiter, FL 33477",Jupiter,FL,33477,US,http://www.jupitertheatre.org,(561) 743-2666,https://www.facebook.com/MaltzJupiterTheatre/,https://www.instagram.com/maltzjupitertheatre/,MTI,https://www.mtishows.com/shows,extended run,Professional,2026-08-18
Rent,Oberlin College,Hall Auditorium,2026-12-01,2026-12-08,college.admissions@oberlin.edu,Production,"67 N Main St., Oberlin, OH 44074-1057",Oberlin,OH,44074-1057,US,https://www.oberlin.edu/hall-auditorium,(800) 622-6243,,,MTI,https://www.mtishows.com/shows,performance run,School,2026-08-18
Elf-the Musical Jr.,St Joseph School,St Joseph School,2026-12-01,2026-12-18,enrollment@sjpray.org,Organizations,"175 N 8th Street, Ponchatoula, LA 70454",Ponchatoula,LA,70454,US,,,,,MTI,https://www.mtishows.com/shows,extended run,Non-Professional,2026-08-26
Joseph and the Amazing Technicolor Dreamcoat,Strand Theater,Strand Theater,2026-12-01,2026-12-20,info@artistrytheatre.org,Production,"25 Brinkerhoff St, Plattsburgh, NY",Plattsburgh,NY,,US,http://artistrytheatre.org,,,,CONCORD,https://www.concordtheatricals.com/p/44899/joseph-and-the-amazing-technicolor-dreamcoat,extended run,Amateur,2026-08-18
Annie,Arts Center Of Coastal Carolina,Arts Center Of Coastal Carolina,2026-12-02,2027-01-03,jhahn@artshhi.com,Production,"14 Shelter Cove Lane, Hilton Head Island, SC 29928",Hilton Head Island,SC,29928,US,http://www.artshhi.com,(843) 842-2787,https://www.facebook.com/artshhi/,https://www.instagram.com/artshhi/,MTI,https://www.mtishows.com/shows,extended run,Professional,2026-08-18
Roald Dahl's Willy Wonka Kids,Buford Senior Academy,Buford Senior Academy,2026-12-02,2026-12-04,drew.james@bufordcityschools.org,Production,"2700 Robert Bell Pkwy, Buford, GA 30518",Buford,GA,30518,US,https://onthestage.tickets/buford-senior-academy,,,,MTI,https://www.mtishows.com/shows,performance run,School,2026-08-18
Something Rotten! Jr.,Franklin Academy,Miramar Cultural Arts Center,2026-12-02,2026-12-02,info@franklin-academy.org,Production,"2400 Civic Center Place, Miramar, FL 33025",Miramar,FL,33025,US,http://www.franklin-academy.org,(561) 767-4700,https://www.facebook.com/FranklinAcademyCharter,https://www.instagram.com/FranklinCharter/,MTI,https://www.mtishows.com/shows,performance run,Non-Professional,2026-08-26
Edges,Luminaire Theatre Works,Art Bar,2026-12-02,2026-12-05,info@artbartheatre.com,Production,"229 20th Street West, Saskatoon, SK S7M0W8, CA",Saskatoon,SK,S7M0W8,CA,https://artbartheatre.com/,,,,MTI,https://www.mtishows.com/shows,performance run,Non-Professional,2026-08-18
Disney's Descendants,Albert E Peacock Collegiate,Albert E Peacock Auditorium,2026-12-03,2026-12-05,school.peacock@prairiesouth.ca,Production,"145 Ross Street East, Moose Jaw, SK S6H 0S3, CA",Moose Jaw,SK,S6H 0S3,CA,http://www.peacockcollegiate.ca,(306) 693-4626,https://www.facebook.com/AE-Peacock-116567948400586/,https://www.instagram.com/aepeacockcollegiate/,MTI,https://www.mtishows.com/shows,performance run,School,2026-08-18
A Wonderful Life,Ankeny Community Theatre,Ankeny Community Theatre,2026-12-03,2026-12-13,information@ankenycommunitytheatre.com,Production,"1932 SW 3rd St., Ankeny, IA",Ankeny,IA,,US,http://ankenycommunitytheatre.com,(515) 244-2771,https://www.facebook.com/FillTheFund/,https://www.instagram.com/actankeny/,CONCORD,https://www.concordtheatricals.com/p/65879/a-wonderful-life,performance run,Amateur,2026-08-18
Elf-the Musical,Ashe County Little Theatre,Ashe Civic Center,2026-12-03,2026-12-06,info@ashecountylittletheatre.org,Production,"962 Mount Jefferson Rd, West Jefferson, NC 28694-8380",West Jefferson,NC,28694-8380,US,http://ashecountylittletheatre.org,(336) 846-2787,https://www.facebook.com/ashecountylittletheatre,https://www.instagram.com/p/DR5bEb2j6ch/,MTI,https://www.mtishows.com/shows,performance run,Non-Professional,2026-08-18
The Best Christmas Pageant Ever,Bedrosian Pavillion,Bedrosian Pavillion,2026-12-03,2026-12-04,info@oakschristian.org,Production,"31749 La Tienda Drive, Westlake Village, CA",Westlake Village,CA,,US,http://www.oakschristian.org,(818) 575-9003,https://www.facebook.com/OaksChristianSchool/,https://www.instagram.com/oakschristianschool/,CONCORD,https://www.concordtheatricals.com/p/2282/the-best-christmas-pageant-ever,performance run,Amateur,2026-08-18
Come From Away,Boat Club Productions,Spirit Of The North Theatre,2026-12-03,2026-12-13,jason@boatclubrestaurant.com,Production,"600 E Superior Street, Duluth, MN 55802",Duluth,MN,55802,US,http://www.boatclubproductions.com,(218) 623-7065,https://www.facebook.com/boatclubproductions/,https://www.instagram.com/p/DcEe7ytoBX0/,MTI,https://www.mtishows.com/shows,performance run,Non-Professional,2026-08-18
Disney's Aladdin Jr.,Brampton Music Theatre,Maja Prentice Theatre,2026-12-03,2026-12-06,info@kalayaancentre.ca,Production,"3650 Dixie Road, Mississauga, ON L4Y3V9, CA",Mississauga,ON,L4Y3V9,CA,https://kalayaancentre.ca/,(905) 602-0923,,,MTI,https://www.mtishows.com/shows,performance run,Non-Professional,2026-08-18
Lionel Barts Oliver! Jr,Centerstage Theatre Company,Centerstage Black Box,2026-12-03,2026-12-13,info@centerstagetheatrecompany.org,Production,"901 Front St, Lower Level, Louisville, CO 80027",Louisville,CO,80027,US,http://centerstagetheatrecompany.org,(303) 529-2782,https://www.facebook.com/CenterStageTheatreCompany,https://www.instagram.com/centerstagecolorado/,MTI,https://www.mtishows.com/shows,performance run,Non-Professional,2026-08-18
Mean Girls,Charles Hays Secondary School,Lester Centre Of The Arts,2026-12-03,2026-12-05,manager@lestercentre.ca,Production,"1100 Mcbride Street, Prince Rupert, BC V8J 3H2, CA",Prince Rupert,BC,V8J 3H2,CA,http://www.lestercentre.ca,(250) 627-8888,https://www.facebook.com/LesterCentreOfTheArts,,MTI,https://www.mtishows.com/shows,performance run,School,2026-08-18
Rudolph The Red Nosed Reindeer-the Musical Jr,Covington High School,Covington High School,2026-12-03,2026-12-05,public.comment@stpsb.org,Production,"73030 Lion Drive, Covington, LA 70433",Covington,LA,70433,US,http://covingtonhigh.stpsb.org,(985) 892-3422,,,MTI,https://www.mtishows.com/shows,performance run,School,2026-08-18
Disney's The Little Mermaid,Johnson County High School,Heritage Hall,2026-12-03,2026-12-06,housemanager@heritagehalltheatre.org,Production,"211 North Church Street, Mountain City, TN 37683",Mountain City,TN,37683,US,http://www.heritagehalltheatre.org,(423) 727-7444,https://www.facebook.com/HeritageHallTheatre/,https://www.instagram.com/heritagehall.mtn.city/,MTI,https://www.mtishows.com/shows,performance run,School,2026-08-19
Rent,K W Musical Productions,Conrad Centre For The Performing Ar,2026-12-03,2026-12-12,info@kitchener.ca,Production,"36 King Street W, Kitchener, ON N2G 1A3, CA",Kitchener,ON,N2G 1A3,CA,https://www.kitchener.ca/arts-culture-and-events/facility-rentals/the-conrad-centre-for-the-performing-arts/,(519) 741-2345,http://www.facebook.com/cityofkitchener,http://www.instagram.com/cityofkitchener,MTI,https://www.mtishows.com/shows,performance run,Non-Professional,2026-08-18
Frozen,Kane Area High School,Kane Area High School,2026-12-03,2026-12-05,sale@kasd.net,Production,"400 West Hemlock Ave, Kane, PA",Kane,PA,,US,https://kane.rst7.rschooltoday.com/,(814) 837-9570,https://www.facebook.com/KASDWolves,,MTI,https://www.mtishows.com/shows,performance run,School,2026-08-18
Dr. Seuss's How The Grinch Stole Christmas!,Lake Mead Christian Academy,Lake Mead Christian Academy,2026-12-03,2026-12-05,registrar@lmcm.org,Production,"655 East Lake Mead Parkway, Henderson, NV 89015",Henderson,NV,89015,US,http://www.lmca.org,(702) 565-5831,http://facebook.com/LakeMeadChristianAcademy,http://www.instagram.com/lmcaeagles,MTI,https://www.mtishows.com/shows,performance run,School,2026-08-18
It's a Wonderful Life: A Live Radio Play (Full Length Version),Little Brick Theater,Little Brick Theater,2026-12-03,2026-12-20,info@studiotenn.org,Production,"230 Franklin Road, Franklin, TN",Franklin,TN,,US,http://www.studiotenn.org,,https://www.facebook.com/studiotenntheatrecompany,https://www.instagram.com/studiotenn/,CONCORD,https://www.concordtheatricals.com/p/101630/it-s-a-wonderful-life-a-live-radio-play-full-length-version,extended run,Professional,2026-08-18
Elf-the Musical,Lowell High School,Lowell High School,2026-12-03,2026-12-05,friendsoflowellhighschool@gmail.com,Production,"50 Father Morrissette Boulevard, Lowell, MA 01852",Lowell,MA,1852,US,http://lhs.lowell.k12.ma.us,(978) 937-8900,https://www.facebook.com/LowellHSLPS,https://www.instagram.com/lowellhslps/,MTI,https://www.mtishows.com/shows,performance run,School,2026-08-18
Irving Berlin's White Christmas,Majestic Theatre,Majestic Theatre,2026-12-03,2026-12-06,karenb@majestictheatre.net,Organizations,"45 E. 2nd St., Chillicothe, OH",Chillicothe,OH,,US,,,,,CONCORD,https://www.concordtheatricals.com/p/44974/irving-berlin-s-white-christmas,performance run,Amateur,2026-08-18
Annie,Mccoy High School,Medicine Hat College Theatre,2026-12-03,2026-12-05,info@mhc.ab.ca,Production,"299 College Drive Se, Medicine Hat, AB T1A 3Y6, CA",Medicine Hat,AB,T1A 3Y6,CA,https://www.mhc.ab.ca/,+1-403-529-3811,http://www.facebook.com/MHCollege,https://www.instagram.com/mhcollege/,MTI,https://www.mtishows.com/shows,performance run,School,2026-08-18
The Santa Switch,New Horizon Community Theatre,New Horizon Theatre,2026-12-03,2026-12-05,tickets@nhct.org,Production,"411 W 8th St, West Point, GA 31833",West Point,GA,31833,US,http://www.nhct.org,,https://www.facebook.com/NewHorizonTheatre/,http://www.instagram.com/newhorizontheatre,MTI,https://www.mtishows.com/shows,performance run,Non-Professional,2026-08-18
Peter Pan Jr,Ohana Performing Arts,Willard Renew Church,2026-12-03,2026-12-05,ohanapa01@gmail.com,Production,"304 Farmer Rd, Willard, MO 65781",Willard,MO,65781,US,http://www.ohanapa.org,,,,MTI,https://www.mtishows.com/shows,performance run,Non-Professional,2026-08-18
Disney's High School Musical Jr.,Royal Stage Christian Performing Arts,Royal Stage Theater,2026-12-03,2026-12-06,hello@royalstage.org,Production,"6174 Sunrise Ave, Citrus Heights, CA 95628",Citrus Heights,CA,95628,US,http://royalstage.org,916 572 3022,https://www.facebook.com/royalstagepa/,http://instagram.com/royalstagearts,MTI,https://www.mtishows.com/shows,performance run,Non-Professional,2026-08-25
Sister Act Jr.,Salmen High School,Salmen High School,2026-12-03,2026-12-07,public.comment@stpsb.org,Production,"300 Spartan Drive, Slidell, LA 70458",Slidell,LA,70458,US,http://salmenhigh.stpsb.org,(985) 643-7359,,,MTI,https://www.mtishows.com/shows,performance run,School,2026-08-18
Assassins,Ten Fifteen Productions,Ten Fifteen Theater,2026-12-03,2026-12-19,info@thetenfifteentheater.com,Production,"1015 Commercial St, Astoria, OR 97103",Astoria,OR,97103,US,http://www.thetenfifteentheater.com,(503) 298-5255,http://www.facebook.com/thetenfifteentheater,http://www.instagram.com/thetenfifteen,MTI,https://www.mtishows.com/shows,extended run,Non-Professional,2026-08-18
Every Christmas Story Ever Told (And Then Some!),The Vault Theater,The Vault Theater,2026-12-03,2026-12-20,info@bagnbaggage.org,Production,"350 E. Main St., Hillsboro, OR",Hillsboro,OR,,US,http://www.bagnbaggage.org,(503) 345-9590,https://www.facebook.com/bagnbaggage/,https://www.instagram.com/bag_n_baggage/,CONCORD,https://www.concordtheatricals.com/p/98986/every-christmas-story-ever-told-and-then-some,extended run,Amateur,2026-08-18
Fiddler On The Roof,Trumbull Youth Association,Trumbull High School Auditorium,2026-12-03,2026-12-06,trumbullyouth@gmail.com,Production,"72 Strobel Rd.., Trumbull, CT 06611",Trumbull,CT,6611,US,http://trumbullyouth.com,(203) 452-5060,,,MTI,https://www.mtishows.com/shows,performance run,Non-Professional,2026-08-20
Dear Evan Hansen,20 Performing Arts,Brantford Collegiate Institute,2026-12-04,2026-12-05,info@granderie.ca,Production,"120 Brant Ave Brantford, Brantford, ON N3T 3H3, CA",Brantford,ON,N3T 3H3,CA,http://www.granderie.ca/schools/bci,(519) 756-6301,,,MTI,https://www.mtishows.com/shows,performance run,Non-Professional,2026-08-18
Disney's The Little Mermaid Jr,A Broadway Kids Company,A Broadway Kids Company,2026-12-04,2026-12-06,info@abroadwaykidscompany.com,Production,"85 Flagship Dr., Unit G, North Andover, MA 01845",North Andover,MA,1845,US,http://www.abroadwaykidscompany.com,508 843 1589,https://www.facebook.com/people/A-Broadway-Kids-Co/61589391241256/,https://www.instagram.com/abroadwaykidsco/,MTI,https://www.mtishows.com/shows,performance run,Non-Professional,2026-08-18
Annie,Alamogordo Music Theatre,Flickinger Center,2026-12-04,2026-12-12,info@flickingercenter.com,Production,"1110 New York Avenue, Alamogordo, NM 88310",Alamogordo,NM,88310,US,http://flickingercenter.com,(575) 437-2202,https://www.facebook.com/fcfpa,https://www.instagram.com/flickinger.center/,MTI,https://www.mtishows.com/shows,performance run,Non-Professional,2026-08-18
Lionel Barts Oliver! Jr,Amd Theatrical Llc Dba Backyard Kids' Theater,Marin Theatre Company,2026-12-04,2026-12-13,info@marintheatre.org,Production,"397 Miller Ave. Mill Valley, Mill Valley, CA 94941",Mill Valley,CA,94941,US,http://marintheatre.org,(415) 388-5200,https://www.facebook.com/MarinTheatreCompany,https://www.instagram.com/MarinTheatreCo/,MTI,https://www.mtishows.com/shows,performance run,Non-Professional,2026-08-18
13 Jr.,Applause Theatrical Workshops,The Chain Theater,2026-12-04,2026-12-13,info@chaintheatre.org,Production,"312 W 36th St, 4th Floor, New York, NY 10018",New York,NY,10018,US,https://www.chaintheatre.org/,,https://www.facebook.com/ChainTheatre,http://instagram.com/chaintheatrenyc,MTI,https://www.mtishows.com/shows,performance run,Non-Professional,2026-08-18
Into The Woods Jr,Bay Area Arts Conservatory,Bay Area Arts Conservatory,2026-12-04,2026-12-06,info@baactx.com,Production,"400 Hobbs Rd., Ste. 202, League City, TX 77573",League City,TX,77573,US,http://www.baactx.com,+1-281-949-6484,,,MTI,https://www.mtishows.com/shows,performance run,Non-Professional,2026-08-18
Roald Dahl's Matilda The Musical Jr,Belton Middle School,Belton Middle School,2026-12-04,2026-12-06,communications@bsd124.org,Production,"107 Pirate Pkwy, Belton, MO 64012-3379",Belton,MO,64012-3379,US,http://www.beltonschools.org,(816) 489-7000,https://www.facebook.com/BeltonSchoolDistrict/,https://www.instagram.com/beltonschools124/,MTI,https://www.mtishows.com/shows,performance run,Non-Professional,2026-08-18
Schoolhouse Rock Live! Jr,Bourne Middle School,Beth Bourne Auditorium,2026-12-04,2026-12-05,kzhou@bourneps.org,Production,"75 Waterhouse Rd., Bourne, MA 02532",Bourne,MA,2532,US,http://bourneps.org,(508) 759-0660,https://www.facebook.com/BournePublicSchools/,,MTI,https://www.mtishows.com/shows,performance run,Non-Professional,2026-08-18
Trolls The Musical Jr.,Bravo And Co Youth Theater,Ignite Church,2026-12-04,2026-12-05,info@ignitechurch.cc,Production,"900 Nichols Ave, Bay City, TX 77414",Bay City,TX,77414,US,https://ignitechurch.cc/,,,,MTI,https://www.mtishows.com/shows,performance run,Non-Professional,2026-08-26
Trolls The Musical Jr.,Carnation City Players,Carnation City Players,2026-12-04,2026-12-13,contact@carnationcityplayers.org,Production,"450 East Market St., Alliance, OH 44601",Alliance,OH,44601,US,http://www.carnationcityplayers.org/,+ (330) 821-8712,http://www.facebook.com/carnationcityplayers,http://www.instagram.com/cc_players,MTI,https://www.mtishows.com/shows,performance run,Non-Professional,2026-08-18
Frozen,Chaska Valley Family Theatre,Chanhassen High School Theater,2026-12-04,2026-12-13,cvftmail@gmail.com,Organizations,"2200 Lyman Blvd, Chanhassen, MN 55317",Chanhassen,MN,55317,US,,,,,MTI,https://www.mtishows.com/shows,performance run,Non-Professional,2026-08-18
Elf-the Musical Jr.,Columbia Christian Schools,Columbia Christian Schools,2026-12-04,2026-12-13,ccs@columbiachristian.com,Production,"Auditorium, 413 Ne 91st Ave, Portland, OR 97220",Portland,OR,97220,US,http://www.columbiachristian.com,(503) 252-8577,https://www.facebook.com/columbiachristianschools/,,MTI,https://www.mtishows.com/shows,performance run,School,2026-08-18
Trolls The Musical Jr.,Enter Stage Left,Hopkinton Middle School,2026-12-04,2026-12-06,info@hopartscenter.org,Production,"88 Hayden Rowe St., Hopkinton, MA 01748",Hopkinton,MA,1748,US,http://www.hopartscenter.org,508-435-9222,https://www.facebook.com/hopartscenter,https://www.instagram.com/hopartscenter,MTI,https://www.mtishows.com/shows,performance run,Non-Professional,2026-08-18
Disney's Alice In Wonderland Jr.,Fire Mountain Arts Council,Roxy Theatre,2026-12-04,2026-12-12,roxy@firemac.org,Production,"233 Main Ave, Po Box 781, Morton, WA 98356",Morton,WA,98356,US,http://mortonroxy.org,(360) 496-0541,https://www.facebook.com/MortonRoxyTheater/,https://www.instagram.com/mortonroxytheater/,MTI,https://www.mtishows.com/shows,performance run,Non-Professional,2026-08-18
Dr. Seuss's How The Grinch Stole Christmas!,Frederica Academy,Frederica Academy - School,2026-12-04,2026-12-05,helenrentz@fredericaacademy.org,Production,"200 Murray Way, Saint Simons Island, GA 31522",Saint Simons Island,GA,31522,US,http://www.fredericaacademy.org,(912) 638-9981,https://www.facebook.com/FredericaAcademy,https://www.instagram.com/frederica.academy/,MTI,https://www.mtishows.com/shows,performance run,Non-Professional,2026-08-18
She Loves Me,Gallo Center For The Arts,Gallo Center For The Arts,2026-12-04,2026-12-13,info@galloarts.org,Production,"1000 I St, Modesto, CA 95354-2381",Modesto,CA,95354-2381,US,http://galloarts.org,(209) 338-2100,https://www.facebook.com/gallocenterforthearts,https://www.instagram.com/galloarts/,MTI,https://www.mtishows.com/shows,performance run,Non-Professional,2026-08-18
The Christmas Carol (Way),Grace Christian Academy,Grace Christian Academy,2026-12-04,2026-12-05,questions@gracebc.org,Organizations,"8420 Beloit Rd, West Allis, WI",West Allis,WI,,US,,,,,CONCORD,https://www.concordtheatricals.com/p/8646/the-christmas-carol-way,performance run,Amateur,2026-08-21
Ken Ludwig's The Game's Afoot,Greater Lewisville Community Theatre,Greater Lewisville Community Theatre,2026-12-04,2026-12-20,info@lewisvilleplayhouse.org,Production,"160 W. Main St, Lewisville, TX",Lewisville,TX,,US,http://www.lewisvilleplayhouse.org,(972) 221-7469,https://www.facebook.com/lewisvilleph,https://www.instagram.com/lewisvilleph/,CONCORD,https://www.concordtheatricals.com/p/767/ken-ludwig-s-the-game-s-afoot,extended run,Amateur,2026-08-18
Elf-the Musical Jr.,Hingham Civic Music Theatre,Sanborn Auditorium,2026-12-04,2026-12-06,hinghamcivicmusictheatre@gmail.com,Production,"210 Central Street, Hingham, MA 02043",Hingham,MA,2043,US,http://hcmt.org,,,,MTI,https://www.mtishows.com/shows,performance run,Non-Professional,2026-08-18
Madagascar-a Musical Adventure Jr.,Infinity Arts Academy,Infinity Arts Academy,2026-12-04,2026-12-06,infinityartsacademychicago@gmail.com,Production,"3633 N. California Ave, Chicago, IL 60618",Chicago,IL,60618,US,http://www.infinityartschicago.com,520.270.7081,https://www.facebook.com/InfinityArtsAcademyChicago/,,MTI,https://www.mtishows.com/shows,performance run,Non-Professional,2026-08-18
Seussical Jr.,Lake Worth Playhouse,Lake Worth Playhouse,2026-12-04,2026-12-05,boxoffice@lakeworthplayhouse.org,Production,"713 Lake Ave, Lake Worth Playhouse, Lake Worth, FL 33460-3812",Lake Worth,FL,33460-3812,US,http://www.lakeworthplayhouse.org,(561) 586-6410,https://www.facebook.com/lwplayhouse,https://www.instagram.com/lwplayhouse/,MTI,https://www.mtishows.com/shows,performance run,Non-Professional,2026-08-21
The Best Christmas Pageant Ever,Leeds Theater and Arts Center,Leeds Theater and Arts Center,2026-12-04,2026-12-13,leedsartscouncilal@gmail.com,Production,"8140 Parkway Drive, Leeds, AL",Leeds,AL,,US,http://www.leedsartscouncil.org,205.699.1892,https://www.facebook.com/wix,https://www.instagram.com/wix/,CONCORD,https://www.concordtheatricals.com/p/2282/the-best-christmas-pageant-ever,performance run,Amateur,2026-08-18
Schoolhouse Rock Live! Jr,Movement On Main,Movement On Main,2026-12-04,2026-12-06,info@movementonmain.net,Production,"531 Main St, Zanesville, OH 43701-3622",Zanesville,OH,43701-3622,US,https://www.movementonmain.net/,(740) 297-9026,https://www.facebook.com/MovementOnMain/,https://www.instagram.com/movementonmaindance/,MTI,https://www.mtishows.com/shows,performance run,Non-Professional,2026-08-18
Legally Blonde Jr.,North Middle School,North Ms,2026-12-04,2026-12-05,andrea.houser@fcstn.net,Production,"2990 Decherd Blvd, Winchester, TN 37398",Winchester,TN,37398,US,http://northmiddle.fcstn.net,(931) 967-5323,https://www.facebook.com/nmsfranklincountytn,,MTI,https://www.mtishows.com/shows,performance run,Non-Professional,2026-08-20
Mary Poppins,Ogdensburg Free Academy,Ogdensburg Free Academy,2026-12-04,2026-12-05,kkendall@ogdensburgk12.org,Production,"1100 State Street, Ogdensburg, NY 13669",Ogdensburg,NY,13669,US,http://www.ogdensburgk12.org,(315) 393-0900,https://www.facebook.com/OgdensburgCitySchoolDistrict,,MTI,https://www.mtishows.com/shows,performance run,Non-Professional,2026-08-18
The Best Christmas Pageant Ever,"On Stage, Inc","On Stage, Inc",2026-12-04,2026-12-20,info@onstagewalton.org,Production,"215 High School Ave., MONROE, GA",MONROE,GA,,US,http://www.onstagewalton.org,(678) 635-8597,http://www.facebook.com/onstageplayhousewalton,https://instagram.com/onstageplayhouse,CONCORD,https://www.concordtheatricals.com/p/2282/the-best-christmas-pageant-ever,extended run,Amateur,2026-08-18
Into The Woods,Patchogue Theatre,Patchogue Theatre,2026-12-04,2026-12-05,info@patchoguetheatre.org,Production,"71 E Main St, Patchogue, NY 11772-3101",Patchogue,NY,11772-3101,US,http://www.patchoguetheatre.org/,(631) 207-1313,https://www.facebook.com/patchoguetheatre,https://www.instagram.com/patchoguetheatre/,MTI,https://www.mtishows.com/shows,performance run,Non-Professional,2026-08-18
Disney's Frozen Jr,Rock Creek Enrichment,Bornemann Theatre,2026-12-04,2026-12-05,info@campusoflife.org,Production,"555 Deer Springs Rd., San Marcos, CA 92069",San Marcos,CA,92069,US,http://www.thebornemann.com/,(858) 356-4546,https://www.facebook.com/thebornemanntheatre,https://www.instagram.com/thebornemann,MTI,https://www.mtishows.com/shows,performance run,School,2026-08-18
Shrek The Musical Kids,Rootz Theatre,Christian Heritage Academy,2026-12-04,2026-12-18,admissions@christianheritage.org,Production,"315 Waukegan Road, Northfield, IL 60093",Northfield,IL,60093,US,http://www.christianheritage.org/,(847) 446-5252,https://www.facebook.com/ChristianHeritageAcademy,https://www.instagram.com/christianheritageacademy/,MTI,https://www.mtishows.com/shows,performance run,Non-Professional,2026-08-18
Hans Christian Andersen Jr.,Sacred Heart Church,Sts Peter And Paul,2026-12-04,2026-12-05,office@shgr.org,Production,"520 Myrtle Nw, Grand Rapids, MI 49504",Grand Rapids,MI,49504,US,http://www.sacredheartacademygr.org,(616) 459-0948,https://www.facebook.com/westfestgr,https://www.instagram.com/sacredheartacademygr/,MTI,https://www.mtishows.com/shows,performance run,Non-Professional,2026-08-18
Annie Jr,Salesian Boys And Girls Club,Black Box,2026-12-04,2026-12-12,programs@salesianclub.org,Production,"680 Filbert Street, San Francisco, CA 94133",San Francisco,CA,94133,US,http://salesianclub.org,(415) 397-3068,https://www.facebook.com/SalesianSF/,https://www.instagram.com/the_club_sbgc/,MTI,https://www.mtishows.com/shows,performance run,Non-Professional,2026-08-18
Mary Poppins,Schaumburg Park District,Schaumburg Park District,2026-12-04,2026-12-06,hello@parkfun.com,Production,"505 N. Springinsguth, Schaumburg, IL 60194",Schaumburg,IL,60194,US,http://parkfun.com,,https://facebook.com/schaumburgparkdistrict,https://www.instagram.com/schaumburgparkdistrict/,MTI,https://www.mtishows.com/shows,performance run,Non-Professional,2026-08-18
Clue (High School Edition),Southridge High School,Southridge High School,2026-12-04,2026-12-12,james_fewer@beaverton.k12.or.us,Organizations,"3250 Southridge Blvd, Kennewick, WA",Kennewick,WA,,US,,,,,CONCORD,https://www.concordtheatricals.com/p/100970/clue-high-school-edition,performance run,Amateur,2026-08-18
Disney's High School Musical Jr.,Spindrift School Of Performing Arts,Spindrift Black Box Theatre,2026-12-04,2026-12-06,info@spindriftschool.org,Production,"1053 Crespi Drive, Portable Building, Pacifica, CA 94044",Pacifica,CA,94044,US,http://www.spindriftschool.org,(650) 738-8648,https://www.facebook.com/500402420051,https://www.instagram.com/spindriftschool/,MTI,https://www.mtishows.com/shows,performance run,Non-Professional,2026-08-18
Disney's Frozen Jr,St Thomas Aquinas School,Marian University,2026-12-04,2026-12-05,mutheatrevenue@marian.edu,Production,"3200 Cold Spring Road, Indianapolis, IN 46222",Indianapolis,IN,46222,US,http://www.marian.edu/about-marian/marian-university-theatre,(317) 955-6000,https://www.facebook.com/marianuniversity,http://instagram.com/marianuniversity,MTI,https://www.mtishows.com/shows,performance run,Non-Professional,2026-08-18
Disney's Moana Jr.,The Discovery School,The Discovery School,2026-12-04,2026-12-11,admissions@thediscoveryschool.org,Production,"102 15th St S, Jacksonville Beach, FL 32250-2617",Jacksonville Beach,FL,32250-2617,US,https://www.thediscoveryschool.org,(904) 247-4577,https://www.facebook.com/thediscoveryschooljax,https://www.instagram.com/thediscoveryschool,MTI,https://www.mtishows.com/shows,performance run,School,2026-08-18
Irving Berlin's White Christmas,The Medium,The Medium,2026-12-04,2026-12-06,info@artslivetheatre.com,Production,"214 S Main St, Springdale, AR",Springdale,AR,,US,http://www.artslivetheatre.com,(479) 521-4932,https://www.facebook.com/search/top,https://www.instagram.com/artslivetheatre,CONCORD,https://www.concordtheatricals.com/p/44974/irving-berlin-s-white-christmas,performance run,Amateur,2026-08-18
Annie Jr,The Summit Playhouse,Playhouse Association Inc,2026-12-04,2026-12-13,summitplayhouseboxoffice@gmail.com,Production,"10 New England Ave, Summit, NJ 07901",Summit,NJ,7901,US,http://www.summitplayhouse.org,(908) 273-2192,,,MTI,https://www.mtishows.com/shows,performance run,Non-Professional,2026-08-18
Little Women,Theatre 29,Theatre 29,2026-12-04,2026-12-20,info@theatre29.org,Production,"73637 Sullivan Road, Twentynine Palms, CA 92277",Twentynine Palms,CA,92277,US,http://www.theatre29.org,(760) 361-4151,https://www.facebook.com/159206280041,https://www.instagram.com/theatretwentynine,MTI,https://www.mtishows.com/shows,extended run,Non-Professional,2026-08-18
Annie,Theatre Macon,Theatre Macon,2026-12-04,2026-12-13,info@theatremacon.com,Production,"438 Cherry St, Macon, GA 31201",Macon,GA,31201,US,http://theatremacon.com,478.746.9485,,,MTI,https://www.mtishows.com/shows,performance run,Non-Professional,2026-08-18
Disney's Newsies Jr.,Wild Horse Productions,Brewery Arts Center,2026-12-04,2026-12-13,whpboxoffice@gmail.com,Production,"511 W. King Street, Carson City, NV 89703",Carson City,NV,89703,US,http://www.wildhorsetheater.com,(775) 443-5587,https://www.facebook.com/WildHorseChildrensTheater,https://www.instagram.com/wildhorsechildrenstheater/,MTI,https://www.mtishows.com/shows,performance run,Non-Professional,2026-08-18
The Happy Elf,Collierville Arts Council,Harrel Performing Arts,2026-12-05,2026-12-13,greenlight@freshtix.com,Production,"440 West Powell Road, Collierville, TN 38017",Collierville,TN,38017,US,http://www.colliervilleartscouncil.org,(901) 457-2780,https://www.facebook.com/colliervilleartscouncil,https://www.instagram.com/colliervilleartscouncil/,MTI,https://www.mtishows.com/shows,performance run,Non-Professional,2026-08-18
Disney's Frozen Kids,North Bay Theatrics,Cotati Veterans Memorial Hall,2026-12-05,2026-12-06,studio@northbaytheatrics.org,Production,"8505 Park Avenue, Cotati, CA 94901",Cotati,CA,94901,US,http://www.northbaytheatrics.com,(707) 636-4219,https://www.facebook.com/NorthBayTheatricsOrg/,https://www.instagram.com/northbaytheatrics/,MTI,https://www.mtishows.com/shows,performance run,Non-Professional,2026-08-26
Company,Sheridan College,Studio Theatre,2026-12-05,2026-12-18,infosheridan@sheridancollege.ca,Production,"1430 Traflagar Rd, Oakville, ON L6H 2L1, CA",Oakville,ON,L6H 2L1,CA,http://www.sheridancollege.ca,905 459 7533,https://www.facebook.com/sheridaninstitute,https://www.instagram.com/sheridan_college/,MTI,https://www.mtishows.com/shows,performance run,School,2026-08-18
Disney's Aladdin Jr.,St Michaels School,St. Michael's Holy Family Center,2026-12-05,2026-12-06,info@smspoway.org,Production,"15410 Pomerado Rd., Poway, CA 92064",Poway,CA,92064,US,http://www.smspoway.org,858.485.1303,https://www.facebook.com/smspoway,https://www.instagram.com/smspoway,MTI,https://www.mtishows.com/shows,performance run,Non-Professional,2026-08-18
Disney's Moana Jr.,Betty Huff Elementary School,Black Box Theatre,2026-12-07,2026-12-17,bettyhufftheatre@gmail.com,Production,"13055 Huntley Avenue, Surrey,, BC V3V1V1, CA","Surrey,",BC,V3V1V1,CA,http://www.bettyhufftheatre.ca,(604) 585-3104,,,MTI,https://www.mtishows.com/shows,performance run,School,2026-08-18
Seussical Jr.,Pulse Dance Centre,The Act Arts Centre,2026-12-08,2026-12-10,info@arts-on.org,Production,"11944 Haney Place, Maple Ridge, BC V2X 6G1, CA",Maple Ridge,BC,V2X 6G1,CA,https://theactmapleridge.org/,(604) 456-2308,https://www.facebook.com/arts.on.mrpm/,https://www.instagram.com/arts_on_mrpm/,MTI,https://www.mtishows.com/shows,performance run,Non-Professional,2026-08-18
Rent,Voices Amplified,Luigiart Studios,2026-12-09,2026-12-13,vanessaweig@voicesampd.org,Production,"110 Luigart Court, Lexington, KY 40507",Lexington,KY,40507,US,http://www.voicesampd.org,8593171381,https://www.facebook.com/voicesampd/,https://www.instagram.com/voicesampd/,MTI,https://www.mtishows.com/shows,performance run,Non-Professional,2026-08-18
Disney's Dare To Dream Jr,Adventures In Social Development (asd),Adventures In Social Development,2026-12-10,2026-12-13,asdevelopment.org@gmail.com,Production,"8101 Birchwood Ct, Suite B, Johnston, IA 50131",Johnston,IA,50131,US,http://www.adventuresinsocialdevelopment.org,(515) 306-0030,https://www.facebook.com/p/Adventures-in-Social-Development-ASD-100064620071794/,,MTI,https://www.mtishows.com/shows,performance run,Non-Professional,2026-08-26
Annie,Avalon Theatre,Avalon Theatre,2026-12-10,2026-12-20,boxoffice@avalonfoundation.org,Production,"40 E. Dover Street, Easton, MD 21601",Easton,MD,21601,US,http://www.avalonfoundation.org,(410) 822-7299,https://www.facebook.com/avalon.foundation,https://www.instagram.com/avalonfoundation/,MTI,https://www.mtishows.com/shows,performance run,Non-Professional,2026-08-24
The 25th Annual Putnam County Spelling Bee,"Black Cat Academy Of Theatre, Llc",Black Cat Theater And Academy,2026-12-10,2026-12-13,stacy@blackcattheateracademy.com,Production,"331 Corporate Woods Dr., Suite A4, Magnolia, TX 77354",Magnolia,TX,77354,US,http://www.blackcattheateracademy.com,281.747.9100,https://facebook.com/blackcattheateracademy,https://www.instagram.com/blackcattheateracademy,MTI,https://www.mtishows.com/shows,performance run,Non-Professional,2026-08-18
The Drowsy Chaperone Jr.,Calmar Secondary Collegiate School,Calmar Secondary School,2026-12-10,2026-12-12,css@blackgold.ca,Production,"5100 49 Street, Calmar, AB T0C 0V0, CA",Calmar,AB,T0C 0V0,CA,https://css.blackgold.ca/,(780) 985-3515,https://www.facebook.com/CSShawks,https://www.instagram.com/css_hawks/,MTI,https://www.mtishows.com/shows,performance run,School,2026-08-28
A Christmas Carol,Community Actors Studio Theatre,Jsu Mcclellan Theatre,2026-12-10,2026-12-13,castalabama@gmail.com,Production,"100 Gamecock Drive, 100 Gamecock Drive, Anniston, AL 36205",Anniston,AL,36205,US,http://www.castalabama.com,256-294-1785,https://www.facebook.com/castalabama,http://instagram.com/castalabama,MTI,https://www.mtishows.com/shows,performance run,Non-Professional,2026-08-18
Roald Dahl's Matilda The Musical,Eagle Butte High School,Eresman Theatre,2026-12-10,2026-12-13,info@mhc.ab.ca,Production,"299 College Dr Se, Medicine Hat, AB T1A 3Y6, CA",Medicine Hat,AB,T1A 3Y6,CA,https://www.mhc.ab.ca/,+1-403-529-3811,http://www.facebook.com/MHCollege,https://www.instagram.com/mhcollege/,MTI,https://www.mtishows.com/shows,performance run,School,2026-08-18
Disney's The Little Mermaid Jr,Edgewood Middle School,Edgewood Middle School,2026-12-10,2026-12-11,bfinfer@nssd112.org,Production,"929 Edgewood Rd, Highland Park, IL 60035",Highland Park,IL,60035,US,http://www.nssd112.org/edgewood,(224) 765-3200,https://www.facebook.com/nssd112/,https://www.instagram.com/nssd112/,MTI,https://www.mtishows.com/shows,performance run,Non-Professional,2026-08-25
Mean Girls Jr,Florida Pitt Waller Ece-8,Florida Pitt Waller Ece-8,2026-12-10,2026-12-11,fpwallerk8calendar@gmail.com,Production,"21601 E 51st Pl, Denver, CO 80249-8647",Denver,CO,80249-8647,US,http://waller.dpsk12.org,(720) 424-2840,https://www.facebook.com/FloridaPittWaller/,,MTI,https://www.mtishows.com/shows,performance run,Non-Professional,2026-08-25
Scrooge!,Freedom Theatre,Freedom Theatre,2026-12-10,2026-12-13,theselfexpress@gmail.com,Production,"1755 Bankhead Highway, Winfield, AL",Winfield,AL,,US,http://theselfexpress.org,2052021305,https://www.facebook.com/selfexpressinc/,https://www.instagram.com/self_express_productions/,CONCORD,https://www.concordtheatricals.com/p/1707/scrooge,performance run,Amateur,2026-08-18
The Addams Family Musical: Young@PartÂ®,Galloway School,Galloway School,2026-12-10,2026-12-12,dfoxx@gallowayschool.org,Production,"Atlanta, GA",Atlanta,GA,,US,http://www.gallowayschool.org,+1-404-252-8389,http://facebook.com/gallowayschool,http://instagram.com/gallowayschool,TRW,https://www.theatricalrights.com/show/addams-family-youngpart/,performance run,,2026-08-18
Seussical Jr.,Heritage Academy Mesa Campus,Heritage Academy,2026-12-10,2026-12-12,info@heritageacademyaz.com,Production,"32 South Center, Mesa, AZ 85210",Mesa,AZ,85210,US,http://hamesa.com,(480) 969-6972,,https://www.instagram.com/heritageheroes/,MTI,https://www.mtishows.com/shows,performance run,School,2026-08-18
Shrek The Musical Jr,Hopkins West Middle School,Hopkins West Middle School,2026-12-10,2026-12-12,serita.mattei@hopkinsschools.org,Production,"Hopkins West Middle S, 3830 Baker Road, Minnetonka, MN 55305",Minnetonka,MN,55305,US,https://west.hopkinsschools.org/,(952) 988-4400,https://www.facebook.com/hopkinswjh,,MTI,https://www.mtishows.com/shows,performance run,Non-Professional,2026-08-18
Lionel Bart's Oliver!,Merely Players,Merely Players Community Theatre,2026-12-10,2026-12-20,info@merelyplayers.com,Production,"110 Fulton Street, 110 Fulton Street, Mankato, MN 56001",Mankato,MN,56001,US,http://www.merelyplayers.com,5073885483,https://www.facebook.com/MerelyPlayersMN,https://www.instagram.com/merelyplayersmn/,MTI,https://www.mtishows.com/shows,performance run,Non-Professional,2026-08-18
Annie,Newberry Community Players,Neweberry Community Players,2026-12-10,2026-12-13,theritzncp@gmail.com,Production,"1513 Main Street, Newberry, SC 29108",Newberry,SC,29108,US,http://theritzonline.com,,,,MTI,https://www.mtishows.com/shows,performance run,Non-Professional,2026-08-18
Disney's Frozen Jr,Rosetown Playhouse,Roseville Area Middle School,2026-12-10,2026-12-13,info@rosetownplayhouse.org,Production,"15 County Road B2 E, Little Canada, MN 55117",Little Canada,MN,55117,US,http://www.rosetownplayhouse.org,,https://www.facebook.com/rosetownplayhouse,https://www.instagram.com/rosetownplayhouse/,MTI,https://www.mtishows.com/shows,performance run,Non-Professional,2026-08-18
Roald Dahl's Matilda The Musical Jr,Sautee Nacoochee Center,Sautee Nacoochee Center,2026-12-10,2026-12-13,info@snca.org,Production,"283 Highway 255 North, Sautee Nacoochee, GA 30571",Sautee Nacoochee,GA,30571,US,http://www.snca.org,(706) 878-3300,https://www.facebook.com/SauteeNacoocheeCenter/,https://www.instagram.com/sauteenacoocheecenter/,MTI,https://www.mtishows.com/shows,performance run,Non-Professional,2026-08-18
Disney's Newsies Jr.,Village Home Education Resource Center,Sherwood Center For The Arts,2026-12-10,2026-12-12,corinn@chapeltheatremilwaukie.com,Organizations,"22689 Sw Pine St, Sherwood, OR 97140",Sherwood,OR,97140,US,https://sherwoodcenterforthearts.org/,,,,MTI,https://www.mtishows.com/shows,performance run,Non-Professional,2026-08-18
Scrooge!,Willingham Theatre,Willingham Theatre,2026-12-10,2026-12-13,info@yadkinarts.org,Production,"226 East Main Street, Yadkinville, NC",Yadkinville,NC,,US,http://www.yadkinarts.org,(336) 679-2941,,,CONCORD,https://www.concordtheatricals.com/p/1707/scrooge,performance run,Amateur,2026-08-18
Trolls The Musical Jr.,Artsies Inc,P.c. Ho Theatre,2026-12-11,2026-12-11,info@artsiesinc.com,Production,"5183 Sheppard Ave E, Scarborough, ON M1B 5Z5, CA",Scarborough,ON,M1B 5Z5,CA,http://artsiesinc.com,647-909-6260,https://www.facebook.com/artsiesinc/,https://www.instagram.com/artsiesinc/,MTI,https://www.mtishows.com/shows,performance run,Non-Professional,2026-08-18
Disney's Alice In Wonderland Jr.,Aspire! Conservatory Of Fine And Performing Arts Inc,John P Stephens Cultural Arts Cente,2026-12-11,2026-12-13,aspireconservatory@gmail.com,Production,"Raceland Worthington High School, 500 Ram Blvd, Raceland, KY 41169",Raceland,KY,41169,US,https://www.aspireconservatory.com/,(740) 534-2656,https://www.facebook.com/pages/Aspire-Conservatory-of-Fine-Performing-Arts/796320673791135,,MTI,https://www.mtishows.com/shows,performance run,Non-Professional,2026-08-18
Between The Lines Jr.,Bedford Middle School,Bedford Middle School,2026-12-11,2026-12-13,bedfordtheatrecommunity@gmail.com,Production,"88 North Avenue, Westport, CT 06880",Westport,CT,6880,US,https://www.bedfordtheatrecommunity.com/,,https://www.facebook.com/bedfordtheatrecommunitywestport/,https://www.instagram.com/bedfordtheatrecoummunity/,MTI,https://www.mtishows.com/shows,performance run,Non-Professional,2026-08-18
Come From Away,Borderline Players,Borderline Players,2026-12-11,2026-12-20,borderlineplayers@outlook.com,Production,"Po Box 265, Derby Line, VT 05830-0265",Derby Line,VT,05830-0265,US,https://borderlineplayers.org/,,https://www.facebook.com/borderlineplayersVTQC/,https://www.instagram.com/borderlineplayersco/,MTI,https://www.mtishows.com/shows,performance run,Non-Professional,2026-08-18
Roald Dahl's Matilda The Musical,Cadence Theatre Company,Libby S. Gottwald Playhouse,2026-12-11,2026-12-20,info@cadencetheatre.org,Production,"600 E. Grace St., Richmond, VA 23219",Richmond,VA,23219,US,http://www.cadencetheatre.org,(804) 233-4894,https://www.facebook.com/CadenceTheatreCompany/,https://www.instagram.com/plan9music/,MTI,https://www.mtishows.com/shows,performance run,School,2026-08-18
Into The Woods Jr,Chatham Middle School,Chatham High School,2026-12-11,2026-12-13,kourta@chatham.k12.ny.us,Production,"50 Woodbridge Avenue, Chatham, NY 12037",Chatham,NY,12037,US,http://www.chathamcentralschools.com,(518) 392-2400,https://www.facebook.com/groups/1252330178882582,https://www.instagram.com/chathamcsd,MTI,https://www.mtishows.com/shows,performance run,Non-Professional,2026-08-18
Annie Jr,City Of Bellevue Parks And Rec,Bellevue Youth Theatre,2026-12-11,2026-12-20,byt@bellevuewa.gov,Production,"16051 Ne 10th St, Bellevue, WA 98008",Bellevue,WA,98008,US,http://bellevuewa.gov/byt,(425) 452-7155,https://www.facebook.com/BellevueYouthTheatre,https://www.instagram.com/bellevue_youth_theatre/,MTI,https://www.mtishows.com/shows,performance run,Non-Professional,2026-08-18
Bugsy Malone Jr,Croton Academy Of The Arts,Croton Academy Of Arts,2026-12-11,2026-12-13,office@crotonacademy.org,Production,"8 Old Post Road South, Croton On Hudson, NY 10520",Croton On Hudson,NY,10520,US,http://www.crotonacademy.org,(914) 862-0988,,https://www.instagram.com/p/Dcbosmpx_Sc/,MTI,https://www.mtishows.com/shows,performance run,Non-Professional,2026-08-27
Scrooge!,Derry Adams Memorial Opera House,Derry Adams Memorial Opera House,2026-12-11,2026-12-13,office@derryartscouncil.org,Production,"29 West Broadway, Derry, NH",Derry,NH,,US,http://derryoperahouse.org,+16034042928,https://www.facebook.com/ArtsOnWestBroadway,https://www.instagram.com/derryoperahouse/,CONCORD,https://www.concordtheatricals.com/p/1707/scrooge,performance run,Amateur,2026-08-18
Roald Dahl's Willy Wonka,"Dorset Players, The",Dorset Playhouse,2026-12-11,2026-12-20,info@dorsetplayers.com,Production,"104 Cheney Rd, Dorset, VT 05251",Dorset,VT,5251,US,http://www.dorsetplayers.org,(802) 867-5777,https://www.facebook.com/dorsetplayers/,https://www.instagram.com/thedorsetplayers/,MTI,https://www.mtishows.com/shows,performance run,Non-Professional,2026-08-18
It's a Wonderful Life: The Musical,Festival Place,Festival Place,2026-12-11,2026-12-27,festivalplaceboxoffice@strathcona.ca,Production,"100 Festival Way, Sherwood Park, AB, CA",Sherwood Park,AB,,CA,https://festivalplace.ca/,780-464-2852,https://www.facebook.com/FestivalPlaceSP,https://www.instagram.com/festivalplacesp,CONCORD,https://www.concordtheatricals.com/p/98906/it-s-a-wonderful-life-the-musical,extended run,Amateur,2026-08-18
Footloose: Youth Edition,Fountain Hills Presbyterian Church,Fountain Hills Presbyterian Church,2026-12-11,2026-12-12,paigeproductions123@gmail.com,Production,"13001 N Fountain Hills Blvd, FOUNTAIN HILLS, AZ",FOUNTAIN HILLS,AZ,,US,http://www.paigeproductionsaz.com,(480) 375-8058,https://facebook.com/paigeproductionsaz,http://instagram.com/paigeproductionsaz,CONCORD,https://www.concordtheatricals.com/p/65846/footloose-youth-edition,performance run,Amateur,2026-08-18
It's a Wonderful Life: A Live Radio Play (Full Length Version),"FUMC Theatre Gastonia, NC","FUMC Theatre Gastonia, NC",2026-12-11,2026-12-13,melissa.lowe@fumcgastonia.org,Production,"162 East Main, Gastonia, NC",Gastonia,NC,,US,http://fumcgastonia.org/theatre,(704) 864-4371,https://www.facebook.com/FUMCGastonia/,https://www.instagram.com/fumcgastonia/,CONCORD,https://www.concordtheatricals.com/p/101630/it-s-a-wonderful-life-a-live-radio-play-full-length-version,performance run,Amateur,2026-08-18
"Almost, Maine",Harlingen Community Theatre,Harlingen Community Theatre,2026-12-11,2026-12-13,info@indiantypefoundry.com,Production,"1209 Fair Park Blvd., Harlingen, TX",Harlingen,TX,,US,http://hctvalleystars.org,,https://www.facebook.com/harlingencommunitytheatre,https://www.instagram.com/hgncommunitytheatre,CONCORD,https://www.concordtheatricals.com/p/12954/almost-maine,performance run,Amateur,2026-08-18
Seussical,Imagination Stage Education Account,Imagination Stage,2026-12-11,2026-12-13,info@imaginationstage.org,Production,"4908 Auburn Ave, Bethesda, MD 20814",Bethesda,MD,20814,US,http://www.imaginationstage.org,(301) 280-1660,https://www.facebook.com/imaginationstage/,https://www.instagram.com/imaginationstage/,MTI,https://www.mtishows.com/shows,performance run,Non-Professional,2026-08-18
Irving Berlin's White Christmas,Lanier Middle School,Lanier Middle School,2026-12-11,2026-12-20,info@fairfaxcitytheatre.org,Production,"3801 Jermantown Road, Fairfax, VA",Fairfax,VA,,US,http://www.fairfaxcitytheatre.org,,https://www.facebook.com/CityofFairfaxTheatre,https://www.instagram.com/fairfaxcitytheatre/,CONCORD,https://www.concordtheatricals.com/p/44974/irving-berlin-s-white-christmas,performance run,Amateur,2026-08-18
Elf-the Musical Jr.,Middletown Twp Cultural Arts Council,Middletown Arts Center,2026-12-11,2026-12-13,artscenter@middletownnj.org,Production,"36 Church Street, Middletown, NJ 07748",Middletown,NJ,7748,US,http://www.middletownarts.org,(732) 706-4100,https://www.facebook.com/middletown.arts.center.nj/,,MTI,https://www.mtishows.com/shows,performance run,Non-Professional,2026-08-18
13 Jr.,New Roads School,New Roads School,2026-12-11,2026-12-13,admissions@newroads.org,Production,"3131 Olympic Blvd, Santa Monica, CA 90404",Santa Monica,CA,90404,US,http://www.newroads.org,(310) 828-5582,https://www.facebook.com/newroads,https://www.instagram.com/newroadsschool/,MTI,https://www.mtishows.com/shows,performance run,School,2026-08-20
Disney's The Little Mermaid Jr,Northwood Academy,Northwood Academy,2026-12-11,2026-12-11,admissions@northwoodacademy.com,Production,"104 Charger Drive, Summerville, SC 29486",Summerville,SC,29486,US,http://www.northwoodacademy.com,(843) 764-2285,https://www.facebook.com/NAchargers/,https://www.instagram.com/nachargers/,MTI,https://www.mtishows.com/shows,performance run,School,2026-08-18
Frozen,Orpheus Theatre,Foothills Performing Arts Center,2026-12-11,2026-12-13,orpheus@orpheustheatre.org,Production,"24 Market St, Oneonta, NY 13820",Oneonta,NY,13820,US,http://orpheustheatre.org,+1-607-432-1800,https://www.facebook.com/OrpheusTheatre,https://www.instagram.com/orpheus_theatre/,MTI,https://www.mtishows.com/shows,performance run,Non-Professional,2026-08-18
Madagascar-a Musical Adventure Jr.,Ovilla Christian School,Ovilla Christian School,2026-12-11,2026-12-12,info@ovillachristianschool.org,Production,"3251 Ovilla Road, Ovilla, TX 75154",Ovilla,TX,75154,US,http://ovillachristianschool.org,972-617-1177,https://www.facebook.com/ovillachristianschool,https://www.instagram.com/ovillachristian/,MTI,https://www.mtishows.com/shows,performance run,School,2026-08-18
Trolls The Musical Jr.,Palos Verdes Performing Arts,The Norris Theatre,2026-12-11,2026-12-13,julier@pvperformingarts.com,Production,"27570 Norris Center Dr., Rolling Hills Estates, CA 90274",Rolling Hills Estates,CA,90274,US,http://www.palosverdesperformingarts.com,(310) 544-0403,https://www.facebook.com/palosverdesperformingarts,https://www.instagram.com/pvpanorristheatre/,MTI,https://www.mtishows.com/shows,performance run,Non-Professional,2026-08-18
Guys And Dolls Jr,Pellston Public Schools,Pellston High School,2026-12-11,2026-12-13,office@pellstonschools.org,Production,"172 North Park Street, Pellston, MI 49769",Pellston,MI,49769,US,http://www.pellstonschools.org/,(231) 539-8421,https://www.facebook.com/Pellston-Public-Schools-484564368665868,,MTI,https://www.mtishows.com/shows,performance run,School,2026-08-18
Disney's Frozen Jr,"Professional Youth Theatre Of Michigan, Llc",Professional Youth Theatre Of Michi,2026-12-11,2026-12-13,pytmichigan@gmail.com,Production,"629 Osband St, Ypsilanti, MI 48198-3840",Ypsilanti,MI,48198-3840,US,http://www.pytmi.com,,,,MTI,https://www.mtishows.com/shows,performance run,Non-Professional,2026-08-18
A Year With Frog And Toad-kids,Seattle Childrens Theatre Drama School,Eve Alvord Theatre,2026-12-11,2026-12-13,hello@sct.org,Production,"201 Thomas Street, Seattle, WA 98109",Seattle,WA,98109,US,http://www.sct.org,(206) 441-3322,https://www.facebook.com/SeattleChildrensTheatre/,https://www.instagram.com/sct_seattle/,MTI,https://www.mtishows.com/shows,performance run,Non-Professional,2026-08-18
Disney's The Little Mermaid Jr,Seattle's Performers Llc,Aspire Kinetic Arts,2026-12-11,2026-12-13,seattlesperformers@gmail.com,Production,"11030 8th Ave Ne, Seattle, WA 98125",Seattle,WA,98125,US,http://www.seattlesperformers.com,(206) 473-9580,,,MTI,https://www.mtishows.com/shows,performance run,Non-Professional,2026-08-18
Rudolph The Red Nosed Reindeer-the Musical Jr,St Agnes School,St Agnes School,2026-12-11,2026-12-12,pcrane@achs.net,Production,"39 Medford Street, Arlington, MA 02474",Arlington,MA,2474,US,https://achssas.org/,(781) 643-9031,https://www.facebook.com/achssascougars,https://www.instagram.com/p/Db9d7zDAGIt/,MTI,https://www.mtishows.com/shows,performance run,School,2026-08-18
Disney's Lion King Kids,Stage Left Childrens Theater,Antrim Players @ Mansee Barn,2026-12-11,2026-12-12,info@stageleftct.org,Production,"32 Old Tappan, Tappan, NY 10965",Tappan,NY,10965,US,http://stageleftct.org,(845) 365-9000,https://www.facebook.com/photo/,https://www.instagram.com/stageleftct/,MTI,https://www.mtishows.com/shows,performance run,Non-Professional,2026-08-18
Disney's Alice In Wonderland Jr.,Storiwr,Westmark School,2026-12-11,2026-12-11,admin@storiwr.com,Production,"5461 Louise Ave, Encino, CA 91316",Encino,CA,91316,US,http://www.storiwr.com,,https://www.facebook.com/Storiwrtheatreco/,https://www.instagram.com/storiwrtheatreco/,MTI,https://www.mtishows.com/shows,performance run,Non-Professional,2026-08-18
Disney's Dare To Dream Jr,Studio D School Of Dance,Main Street Players,2026-12-11,2026-12-12,studiodschoolofdance@gmail.com,Production,"115 N. Hill St., Griffin, GA 30223",Griffin,GA,30223,US,http://studiodschoolofdance.com,(770) 228-1306,https://www.facebook.com/studiodschoolofdance,https://www.instagram.com/studiodschoolofdance,MTI,https://www.mtishows.com/shows,performance run,Non-Professional,2026-08-26
Elf-the Musical Jr.,Sventastik Productions Inc,Steamplant Theater,2026-12-11,2026-12-20,steamplant@cityofsalida.com,Production,"220 W Sackett Ave., Salida, CO 81201-2910",Salida,CO,81201-2910,US,http://salidasteamplant.com,(719) 530-0933,,,MTI,https://www.mtishows.com/shows,performance run,Non-Professional,2026-08-18
Roald Dahl's Willy Wonka,United Theatre Inc,United Theatre,2026-12-11,2026-12-13,general@unitedtheatreinc.org,Production,"91 West Main Street, Freehold, NJ 07728",Freehold,NJ,7728,US,http://unitedtheatreinc.org,,https://www.facebook.com/profile.php,http://instagram.com/unitedtheatreinc/,MTI,https://www.mtishows.com/shows,performance run,Non-Professional,2026-08-18
Seussical,Village Theatre Kidstage,Cope Gillette Theatre,2026-12-11,2026-12-20,boxoffice@villagetheatre.org,Production,"2730 Wetmore Avenue, Everett, WA 98201",Everett,WA,98201,US,http://www.villagetheatre.org,(425) 392-2202,https://www.facebook.com/VillageTheatre,https://instagram.com/village_theatre,MTI,https://www.mtishows.com/shows,performance run,Non-Professional,2026-08-18
Rudolph The Red Nosed Reindeer-the Musical Jr,Waukegan Park District,Jack Benny Center,2026-12-11,2026-12-13,info@waukeganparks.org,Production,"39 Jack Benny Dr, Waukegan, IL 60087",Waukegan,IL,60087,US,http://waukeganparks.org,(847) 360-4700,https://www.facebook.com/WaukeganParkDistrict/,https://www.instagram.com/waukeganparkdistrict,MTI,https://www.mtishows.com/shows,performance run,Non-Professional,2026-08-18
Disney's Newsies Jr.,Wiremill Academy Llc,Wiremill Academy Llc,2026-12-11,2026-12-12,info@wiremillacademy.com,Production,"P.o. Box 175, Redding, CT 06829",Redding,CT,6829,US,http://www.wiremillacademy.com,(203) 544-9494,https://www.facebook.com/WiremillAcademy,https://www.instagram.com/wiremillacademy/,MTI,https://www.mtishows.com/shows,performance run,Non-Professional,2026-08-18
How To Train Your Dragon The Musical Jr.,Acting For Young People,Acting For Young People,2026-12-12,2026-12-13,mary@afyp.org,Production,"5506 Talon Court, Fairfax, VA 22302",Fairfax,VA,22302,US,http://www.afyp.org,(703) 554 - 4931,https://www.facebook.com/ActingForYoungPeople,http://instagram.com/actingforyoungpeople,MTI,https://www.mtishows.com/shows,performance run,Non-Professional,2026-08-18
Annie Kids,Baldwin Wallace Community Arts School,Boesel Musical Arts Center,2026-12-12,2026-12-12,info@bw.edu,Production,"49 Seminary St, Berea, OH 44017",Berea,OH,44017,US,https://cas.bw.edu/,(440) 826-2365,https://www.facebook.com/bwcommunityartsschool/,https://www.instagram.com/bwcommunityartsschool/,MTI,https://www.mtishows.com/shows,performance run,Non-Professional,2026-08-20
Annie Jr,Brown School,Brown School,2026-12-12,2026-12-13,office@brownschool.org,Production,"150 Corlaer Avenue, Schenectady, NY 12305",Schenectady,NY,12305,US,http://www.brownschool.org,(518) 370-0366,https://www.facebook.com/brownschool12304,https://www.instagram.com/brownschool12304/,MTI,https://www.mtishows.com/shows,performance run,Non-Professional,2026-08-18
Annie,Craterian Performances,Craterian Theater,2026-12-12,2026-12-19,boxoffice@craterian.org,Production,"23 South Central Avenue, Medford, OR 97501",Medford,OR,97501,US,http://www.craterian.org,(541) 779-3000,http://www.facebook.com/craterian,https://www.instagram.com/craterian/,MTI,https://www.mtishows.com/shows,performance run,Non-Professional,2026-08-18
Disney's Frozen Kids,From Stage To Screen Acting Studio,Cunneen Hackett Arts Center,2026-12-12,2026-12-13,main@fromstagetoscreen.net,Production,"12 Vassar Street, Poughkeepsie, NY 12601",Poughkeepsie,NY,12601,US,http://www.fromstagetoscreen.net,845-332-5021,https://www.facebook.com/fromstagetoscreen,https://www.instagram.com/from_stage_to_screen,MTI,https://www.mtishows.com/shows,performance run,Non-Professional,2026-08-18
How To Train Your Dragon The Musical Jr.,Metropolitan Performing Arts Academy,Metropolitan Performing Arts Black,2026-12-12,2026-12-13,info@metropolitanperformingarts.org,Production,"1014 Main Street, Vancouver, WA 98660",Vancouver,WA,98660,US,https://www.metropolitanperformingarts.org,3609751585,https://www.facebook.com/MetropolitanPerformingArts,https://www.instagram.com/metropolitanperformingarts,MTI,https://www.mtishows.com/shows,performance run,Non-Professional,2026-08-18
Disney's The Little Mermaid,Moco Arts,The Colonial Theatre,2026-12-12,2026-12-12,info@thecolonial.org,Production,"95 Main St, Keene, NH 03431",Keene,NH,3431,US,https://www.thecolonial.org/,(603) 357-1233,https://www.facebook.com/TheColonial.org/,https://www.instagram.com/colonialkeene,MTI,https://www.mtishows.com/shows,performance run,Non-Professional,2026-08-18
Seussical Kids,River Region Drama Guild,River Region Performing Arts And Cult,2026-12-12,2026-12-13,rrdginc@rrpa.org,Production,"15146 River Road, Norco, LA 70079",Norco,LA,70079,US,http://www.rrpa.org,(985) 224-3562,https://www.google.com/url,https://www.google.com/url,MTI,https://www.mtishows.com/shows,performance run,Non-Professional,2026-08-18
Annie,The Fleming Island Theater Incorporated,The Fleming Island Theater Incorpor,2026-12-12,2026-12-21,theislandtheater@gmail.com,Production,"1860 Town Hall Circle Suite 54, Fleming Island, FL 32003",Fleming Island,FL,32003,US,http://www.theislandtheater.com,(904) 254-1455,https://www.facebook.com/advancedaccountingandtax#,https://www.instagram.com/wixstudio/,MTI,https://www.mtishows.com/shows,performance run,Non-Professional,2026-08-18
Roald Dahl's Willy Wonka Kids,Arizona Community Theatrical Company Inc - Azact,Ahwatukee Children's Theatre,2026-12-14,2026-12-14,actregister@yahoo.com,Production,"11011 S 48th Street, Phoenix, AZ 85044",Phoenix,AZ,85044,US,http://www.azact.org,(602) 805-1422,https://www.facebook.com/AhwatukeeChildrensTheatre,https://www.instagram.com/az_community_theatre_co,MTI,https://www.mtishows.com/shows,performance run,Non-Professional,2026-08-18
Mti's Broadway Junior Revue-pure Imagination,Trinity Preparatory School,Trinity Preparatory School,2026-12-14,2026-12-14,navek@trinityprep.org,Production,"5700 Trinity Prep Lane, Winter Park, FL 32792",Winter Park,FL,32792,US,http://www.trinityprep.org,(321) 282-2577,https://www.facebook.com/TrinityPrepFL,https://instagram.com/trinityprepfl,MTI,https://www.mtishows.com/shows,performance run,School,2026-08-18
How To Train Your Dragon The Musical Jr.,Nitsch Theatre Arts Nfp,Bloomington Center For The Performi,2026-12-15,2026-12-16,info@nitschtheatrearts.org,Organizations,"600 N East Street, Bloomington, IL 61701",Bloomington,IL,61701,US,http://artsbloomington.org,,,,MTI,https://www.mtishows.com/shows,performance run,Non-Professional,2026-08-18
Annie Kids,Paper Mill Playhouse Educational Theatre,Paper Mill Playhouse Educational Th,2026-12-16,2026-12-20,info@papermill.org,Production,"22 Brookside Drive, Millburn, NJ 07041",Millburn,NJ,7041,US,http://www.papermill.org,(973) 376-4343,https://www.facebook.com/PaperMillPlayhouse/,https://www.instagram.com/papermillplayhouse/,MTI,https://www.mtishows.com/shows,performance run,Non-Professional,2026-08-18
Disney's Aladdin Jr.,St Thomas Aquinas Catholic School,St Thomas Aquinas School,2026-12-16,2026-12-17,frmatt@stthomaswichita.com,Production,"1215 Stratford, Wichita, KS 67208",Wichita,KS,67208,US,http://www.stthomaswichita.com,(316) 683-6569,https://www.facebook.com/STAwichita/,https://www.instagram.com/stawichita/,MTI,https://www.mtishows.com/shows,performance run,Non-Professional,2026-08-18
Beetlejuice Jr.,The Ideal School Of Manhattan,Maggie Seymour,2026-12-16,2026-12-16,jwolfe@theidealschool.org,Production,"36 Battery Place, New York, NY 10004",New York,NY,10004,US,http://theidealschool.org,(212) 769-1699,https://www.facebook.com/The-IDEAL-School-of-Manhattan-156013431088499/,https://www.instagram.com/idealschoolofmanhattan/,MTI,https://www.mtishows.com/shows,performance run,School,2026-08-18
Disney's Frozen Kids,The Theater Factory,"Lincoln Elementary School, Newark",2026-12-16,2027-02-17,thetheaterfactory2014@gmail.com,Production,"36111 Bettencourt St, Newark, Ca 94, Newark, CA 94546-6969",Newark,CA,94546-6969,US,http://www.thetheaterfactory.com,(510) 709-5082,,,MTI,https://www.mtishows.com/shows,extended run,Non-Professional,2026-08-18
Evil Dead The Musical High School Version,Vincent Massey Collegiate,Jubilee Place Concert Hall,2026-12-16,2026-12-18,info@mbci.mb.ca,Production,"181 Riverton Avenue, Winnipeg, MB R2L 0N1, CA",Winnipeg,MB,R2L 0N1,CA,https://mbci.mb.ca/facility-rentals/,(204) 667-8210,https://www.facebook.com/MBCI173/,https://www.instagram.com/mbci173/,MTI,https://www.mtishows.com/shows,performance run,School,2026-08-18
Mary Poppins Jr,Bay View Middle School,Bay View Middle School,2026-12-17,2026-12-19,website@hssdschools.org,Production,"1217 Cardinal Lane, Green Bay, WI 54313",Green Bay,WI,54313,US,http://hssdschools.org,(920) 662-7878,https://www.facebook.com/HowardSuamicoSchools,https://www.instagram.com/howardsuamicoschools/,MTI,https://www.mtishows.com/shows,performance run,Non-Professional,2026-08-18
Shrek The Musical Jr,Kellman Brown Academy School,Auditorium at Kellman Brown Academy School,2026-12-17,2026-12-20,kba@kellmanbrownacademy.org,Production,"1007 Laurel Oak Road, Voorhees, NJ 08043",Voorhees,NJ,8043,US,http://www.kellmanbrownacademy.org/,856-679-2929,https://l.facebook.com/l.php,,MTI,https://www.mtishows.com/shows,performance run,Non-Professional,2026-08-18
Disney's Finding Nemo Kids,St Johns Country Day School,St Johns,2026-12-17,2026-12-17,info@sjcds.net,Production,"3100 Doctors Lake, Orange Park, FL 32073",Orange Park,FL,32073,US,http://sjcds.net,(904) 264-9572,https://www.facebook.com/stjohnscountrydayschool,https://www.instagram.com/stjohnscountrydayschool/,MTI,https://www.mtishows.com/shows,performance run,School,2026-08-19
Rudolph The Red Nosed Reindeer-the Musical Jr,London Community Players,Palace Theatre,2026-12-18,2026-12-20,info@ptaclondon.ca,Production,"710 Dundas Street, London, ON N5W 2Z4, CA",London,ON,N5W 2Z4,CA,http://www.palacetheatre.ca,(519) 432-1029,https://www.facebook.com/atthepalacetheatre/,https://www.instagram.com/atthepalace/,MTI,https://www.mtishows.com/shows,performance run,Non-Professional,2026-08-18
Disney's Frozen Jr,Toledo Blade Elementary School,North Port High School,2026-12-18,2026-12-18,jennifer.dolciotto@sarasotacountyschools.net,Production,"6400 West Price Boulevard, North Port, FL 34286",North Port,FL,34286,US,http://sarasotacountyschools.net/schools/toledoblade,(941) 426-6100,https://www.facebook.com/pg/sarasotaschools/posts,https://www.instagram.com/sarasotaschools/,MTI,https://www.mtishows.com/shows,performance run,School,2026-08-18
Disney's Newsies Jr.,Bergen Performing Arts Center,Bergen Performing Arts Center,2026-12-19,2026-12-19,boxoffice@bergenpac.org,Production,"30 North Van Brunt Street, Englewood, NJ 07631",Englewood,NJ,7631,US,http://www.bergenpac.org,(201) 816-8160,https://www.facebook.com/bergenpacfan,https://www.instagram.com/bergenpac,MTI,https://www.mtishows.com/shows,performance run,Non-Professional,2026-08-18
Elf-the Musical Jr.,Constellations Theater Company,Winters Mill High School,2026-12-19,2026-12-20,constellationstheater@gmail.com,Production,"560 Gorsuch Rd, Westminster, MD 21157",Westminster,MD,21157,US,https://constellationstheater.com/,,https://www.facebook.com/constellationstheater,https://www.instagram.com/constellations_theater/,MTI,https://www.mtishows.com/shows,performance run,Non-Professional,2026-08-18
Elf-the Musical Jr.,Hoobler Music Llc,Jimmy H. Baker Center For The Arts,2026-12-19,2026-12-19,admissions@escc.edu,Production,"600 Plaza Drive, Enterprise, AL 36330",Enterprise,AL,36330,US,http://www.escc.edu,(334) 347-2623,https://www.facebook.com/EnterpriseState/,https://www.instagram.com/enterprise_state/,MTI,https://www.mtishows.com/shows,performance run,Non-Professional,2026-08-18
Elf-the Musical Jr.,Mary Winspear Centre,Mary Winspear Centre,2026-12-19,2026-12-19,info@marywinspear.ca,Production,"2243 Beacon Ave, Sidney, BC V8L 1W9, CA",Sidney,BC,V8L 1W9,CA,http://marywinspear.ca,(250) 656-0275,https://www.facebook.com/marywinspear,https://www.instagram.com/marywinspearcentre/,MTI,https://www.mtishows.com/shows,performance run,Non-Professional,2026-08-18
Disney's Moana Jr.,Solomon Schechter Day School,Solomon Schecter Day School,2026-12-19,2026-12-21,info@ssds-hartford.org,Production,"26 Buena Vista Road, West Hartford, CT 06107",West Hartford,CT,6107,US,http://www.ssds-hartford.org,(860) 561-0700,https://www.facebook.com/Solomon-Schechter-Day-School-of-Greater-Hartford-157989274225138/,https://www.instagram.com/ssds_hartford/,MTI,https://www.mtishows.com/shows,performance run,Non-Professional,2026-08-27
Rudolph The Red Nosed Reindeer-the Musical Jr,Strand Theatre Preservation Society,Strand Theatre,2026-12-19,2026-12-20,strand@strandtheatrewv.com,Production,"811 Fifth Street, Moundsville, WV 26041",Moundsville,WV,26041,US,http://www.strandtheatrewv.com,+ 304-845-3009,https://www.facebook.com/StrandTheatreWV/,,MTI,https://www.mtishows.com/shows,performance run,Non-Professional,2026-08-18
Elf-the Musical,Courtenay Little Theatre,Sid Williams Theatre,2026-12-23,2026-12-31,tickets@sidtheatre.com,Production,"442 Cliffe Ave, Courtenay, BC V9N 2J2, CA",Courtenay,BC,V9N 2J2,CA,http://www.sidwilliamstheatre.com,(250) 338-2430,https://www.facebook.com/sidtheatre,https://instagram.com/sidtheatre,MTI,https://www.mtishows.com/shows,performance run,Non-Professional,2026-08-18
The Full Monty,Opera House Theatre Company,Thalian Hall Center For The Perform,2026-12-30,2027-01-10,friends@thalianhall.org,Production,"310 Chestnut Street, Wilmington, NC 28401",Wilmington,NC,28401,US,http://www.thalianhall.org,9106322285,https://facebook.com/thcpa,https://instagram.com/thalianhall,MTI,https://www.mtishows.com/shows,performance run,Non-Professional,2026-08-18
Godspell,Lambs Players,Lambs Players Theatre,2027-01-06,2027-02-21,box.office@lambsplayers.org,Production,"Po Box 182229, Coronado, CA 92178",Coronado,CA,92178,US,http://www.lambsplayers.org,619 437-6000,https://www.facebook.com/LambsPlayers/,https://www.instagram.com/p/Db6Z9r0ElUu/,MTI,https://www.mtishows.com/shows,extended run,Professional,2026-08-18
Disney's Aladdin Jr.,Christian Theater Arts Project,Murrieta Mesa High School Theater,2027-01-07,2027-01-10,zpreston@murrieta.k12.ca.us,Production,"24801 Monroe Avenue, Murrieta, CA 92562",Murrieta,CA,92562,US,http://www.murrieta.k12.ca.us/,(951) 696-1600,https://www.facebook.com/MVUSD,,MTI,https://www.mtishows.com/shows,performance run,Non-Professional,2026-08-18
Freckleface Strawberry The Musical,Uptown! Entertainment Alliance,Uptown! Entertainment Alliance,2027-01-07,2027-01-17,info@uptownwestchester.org,Production,"226 N High St, West Chester, PA 19380-2659",West Chester,PA,19380-2659,US,http://uptownwestchester.org,(610) 356-2787,https://www.facebook.com/uptownwc,https://www.instagram.com/uptownwc/,MTI,https://www.mtishows.com/shows,performance run,Non-Professional,2026-08-18
Disney's Beauty And The Beast Jr,Gateway Middle School,Gateway Middle School,2027-01-08,2027-01-10,mchase@gatewayk12.org,Production,"4450 Old William Penn Highway, C/o: Mary Chase, Musical Producer, Monroeville, PA 15146",Monroeville,PA,15146,US,http://www.gatewaymusical.org,,,,MTI,https://www.mtishows.com/shows,performance run,Non-Professional,2026-08-26
Come From Away,Kauai Community Players,Puhi Theatrical Warehouse,2027-01-08,2027-01-31,kauaicommunityplayers@gmail.com,Production,"4411 Kikowaena Street, Lihue, HI 96766",Lihue,HI,96766,US,http://kauaicommunityplayers.org/,+18082457700,https://facebook.com/KauaiCommunityPlayers,https://www.instagram.com/kauaicommunityplayers/,MTI,https://www.mtishows.com/shows,extended run,Non-Professional,2026-08-18
Disney's Finding Nemo Jr.,Shooting Starz Productions,Elision Playhouse,2027-01-08,2027-01-16,shootingstarzprod@gmail.com,Production,"6105 42nd Ave N, Crystal, MN 55422-1601",Crystal,MN,55422-1601,US,https://ssptheatre.org/,,https://www.facebook.com/shootingstarzprod,https://www.instagram.com/shootingstarzproductions/,MTI,https://www.mtishows.com/shows,performance run,Non-Professional,2026-08-18
Mary Poppins Jr,Spark Of Creation Dance Studio,Skyline College Theater,2027-01-08,2027-01-10,skycounseling@smccd.edu,Production,"3300 College Drive, San Bruno, CA 94066",San Bruno,CA,94066,US,http://skylinecollege.edu,(650) 738-4251,https://www.facebook.com/skylinecollege,http://instagram.com/skyline_college,MTI,https://www.mtishows.com/shows,performance run,Non-Professional,2026-08-18
"Ken Ludwig's Dear Jack, Dear Louise",The Utah Theatre,The Utah Theatre,2027-01-08,2027-01-23,info@cachearts.org,Production,"18 W Center St, Logan, UT",Logan,UT,,US,http://www.cachearts.org,4355547067,https://www.facebook.com/cachearts,https://www.instagram.com/cachearts,CONCORD,https://www.concordtheatricals.com/p/92847/ken-ludwig-s-dear-jack-dear-louise,extended run,Professional,2026-08-18
Footloose: Youth Edition,Darke Hall,Darke Hall,2027-01-09,2027-01-10,info@darkehall.ca,Production,"2255 College Avenue, Regina, SK, CA",Regina,SK,,CA,http://www.darkehall.ca,(306) 523-2751,https://www.facebook.com/darkehall,https://www.instagram.com/darkehall/,CONCORD,https://www.concordtheatricals.com/p/65846/footloose-youth-edition,performance run,Amateur,2026-08-22
The Sound of Music: Youth Edition,Elision Playhouse Cabernet,Elision Playhouse Cabernet,2027-01-09,2027-01-17,shootingstarzprod@gmail.com,Production,"6105 42nd Ave N, Crystal, MN",Crystal,MN,,US,https://ssptheatre.org/,,https://www.facebook.com/shootingstarzprod,https://www.instagram.com/shootingstarzproductions/,CONCORD,https://www.concordtheatricals.com/p/65851/the-sound-of-music-youth-edition,performance run,Amateur,2026-08-18
Roald Dahl's Willy Wonka Kids,"Lopez Studios, Inc",Franklin Park Arts Center,2027-01-09,2027-01-09,info@franklinparkartscenter.org,Production,"36441 Blueridge View Ln, Purcellville, VA 20132-3565",Purcellville,VA,20132-3565,US,https://www.franklinparkartscenter.org,(540) 338-7973,https://www.facebook.com/franklinpark.artscenter,https://instagram.com/franklinparkartscenter,MTI,https://www.mtishows.com/shows,performance run,Non-Professional,2026-08-18
Beetlejuice Jr.,Jewish Community Center On The Palisades,Kaplen Jcc On The Palisades,2027-01-10,2027-01-10,sbruhim@jccotp.org,Production,"411 East Clinton Ave., 411 East Clinton Ave., Tenafly, NJ 07670",Tenafly,NJ,7670,US,http://www.jccotp.org,(201) 569-7900,https://www.facebook.com/KaplenJCCOTP,https://www.instagram.com/kaplenjcc/,MTI,https://www.mtishows.com/shows,performance run,Non-Professional,2026-08-21
Seussical,Chilliwack School Of Performing Arts,Chilliwack Centre Hub Theatre,2027-01-11,2027-01-20,info@chilliwackculturalcentre.ca,Production,"9201 Corbould Street, Chilliwack, BC V2P 4A6, CA",Chilliwack,BC,V2P 4A6,CA,http://chilliwackculturalcentre.com/,(604) 391-7469,https://www.facebook.com/chilliwackculturalcentre/,https://www.instagram.com/chilliwackculturalcentre/,MTI,https://www.mtishows.com/shows,performance run,Non-Professional,2026-08-18
And Then There Were None,Francis J Gaudette Theatre,Francis J Gaudette Theatre,2027-01-12,2027-02-14,boxoffice@villagetheatre.org,Production,"303 Front Street N, Issaquah, WA",Issaquah,WA,,US,http://www.villagetheatre.org,(425) 392-2202,https://www.facebook.com/VillageTheatre,https://instagram.com/village_theatre,CONCORD,https://www.concordtheatricals.com/p/914/and-then-there-were-none,extended run,Professional,2026-08-18
Billy Elliot The Musical,Artistry At Bloomington Center For The Arts,Schneider Theater,2027-01-13,2027-02-14,info@artistrymn.org,Production,"1800 W Old Shakopee Rd, Bloomington, MN 55431",Bloomington,MN,55431,US,http://www.artistrymn.org,952-563-8575,https://www.facebook.com/ArtistryMN,https://www.instagram.com/artistry_mn/,MTI,https://www.mtishows.com/shows,extended run,Professional,2026-08-18
Come From Away,Glen Cove High School,Glen Cove High School Black Box,2027-01-14,2027-01-23,webmaster@glencoveschools.org,Production,"150 Dosoris Ln, Glen Cove, NY 11542",Glen Cove,NY,11542,US,http://www.glencoveschools.org,(516) 801-7001,https://www.facebook.com/glencovecityschools/,https://www.instagram.com/glencovecityschools/,MTI,https://www.mtishows.com/shows,performance run,School,2026-08-18
Disney's Newsies Jr.,Hopkinton Middle School,Hopkinton Middle School,2027-01-14,2027-01-17,info@hopartscenter.org,Production,"88 Hayden Rowe Street, Hopkinton, MA 01748",Hopkinton,MA,1748,US,http://www.hopartscenter.org,508-435-9222,https://www.facebook.com/hopartscenter,https://www.instagram.com/hopartscenter,MTI,https://www.mtishows.com/shows,performance run,Non-Professional,2026-08-18
Disney's High School Musical,Musical Theatre Works,The Randall Museum,2027-01-14,2027-01-17,info@musicaltheatreworks.org,Production,"199 Museum Way, San Francisco, CA 94131",San Francisco,CA,94131,US,http://www.musicaltheatreworks.org,(415) 689-4413,,,MTI,https://www.mtishows.com/shows,performance run,Non-Professional,2026-08-18
Frozen,North Salem High School,North Salem High School,2027-01-14,2027-01-23,north_web@salkeiz.k12.or.us,Production,"765 14th Street Ne, Salem, OR 97301",Salem,OR,97301,US,http://north.salkeiz.k12.or.us/,(503) 399-3241,https://www.facebook.com/northsalemhighschool,,MTI,https://www.mtishows.com/shows,performance run,School,2026-08-18
Beetlejuice Jr.,Rochester City School District,Padilla High School,2027-01-14,2027-01-16,padillainfo@rcsdk12.org,Production,"950 Norton, Rochester, NY 14621",Rochester,NY,14621,US,https://www.rcsdk12.org/padilla,(866) 329-6660,,,MTI,https://www.mtishows.com/shows,performance run,School,2026-08-18
Disney's Newsies Jr.,Schauer Arts And Activities Center,Ruth A Knoll Theater,2027-01-14,2027-01-17,info@schauercenter.org,Production,"Schauer Arts And Activities Center, 147 North Rural Street, Hartford, WI 53027",Hartford,WI,53027,US,http://www.schauercenter.org,(262) 670-0560,http://www.facebook.com/schauercenter/,https://www.instagram.com/schauercenter/,MTI,https://www.mtishows.com/shows,performance run,Non-Professional,2026-08-18
Frozen,Aic Arts Inclusion Company,Norfolk Masonic Temple,2027-01-15,2027-01-17,info@norfolkmasonictemple.com,Production,"*7001 Granby Street, Norfolk, VA 23505",Norfolk,VA,23505,US,http://www.norfolkmasonictemple.com,(757) 423-8866,https://www.facebook.com/wix,https://www.instagram.com/wix,MTI,https://www.mtishows.com/shows,performance run,Non-Professional,2026-08-18
Mean Girls Jr,Amd Theatrical Llc Dba Backyard Kids' Theater,The Sebastiani Theatre,2027-01-15,2027-01-17,info@sebastianitheatre.com,Production,"476 First Street East, Sonoma, CA 95476",Sonoma,CA,95476,US,http://www.sebastianitheatre.com,(707) 996-9756,https://www.facebook.com/SebastianiTheatre/,http://instagram.com/thesebastiani,MTI,https://www.mtishows.com/shows,performance run,Non-Professional,2026-08-18
James And The Giant Peach Jr.,Chesapeake Arts Center,Studio 194 Theatre At The Chesapeak,2027-01-15,2027-01-17,info@chesapeakearts.org,Production,"194 Hammonds Lane, Brooklyn Park, MD 21225",Brooklyn Park,MD,21225,US,http://www.chesapeakearts.org,(410) 636-6597,https://www.facebook.com/ChesapeakeArtsCenter,https://www.instagram.com/chesapeakeartscenter/,MTI,https://www.mtishows.com/shows,performance run,Non-Professional,2026-08-18
Shrek The Musical Jr,Front And Center,Front And Center,2027-01-15,2027-01-17,info@front-n-center.com,Production,"34 Center Street, Springfield, NJ 07081",Springfield,NJ,7081,US,http://www.front-n-center.com,9732581123,http://www.facebook.com/@FNCtheplace2be,https://instagram.com/fnctheplacetobe,MTI,https://www.mtishows.com/shows,performance run,Non-Professional,2026-08-18
Disney's Newsies Jr.,Pope High School,Pope High School,2027-01-15,2027-01-16,rachel.jones@cobbk12.org,Production,"3001 Hembree Road, Marietta, GA 30062",Marietta,GA,30062,US,http://www.popetheater.org,,https://www.facebook.com/dramapope,,MTI,https://www.mtishows.com/shows,performance run,School,2026-08-18
Come From Away,Poulsbo Players Jewel Box Theatre,Jewel Box Theatre,2027-01-15,2027-02-07,poulsbojewelbox@hotmail.com,Production,"225 Iverson Street, Poulsbo, WA 98370",Poulsbo,WA,98370,US,http://www.jewelboxpoulsbo.org,(360) 360-0213,https://www.facebook.com/jewelboxtheatre/,,MTI,https://www.mtishows.com/shows,extended run,Non-Professional,2026-08-18
Disney's The Little Mermaid Jr,Sussex Academy,Sussex Academy,2027-01-15,2027-01-16,info@saas.k12.de.us,Production,"21150 Airport Road, Georgetown, DE 19947",Georgetown,DE,19947,US,http://www.sussexacademy.org,(302) 856-3300,https://www.facebook.com/SussexAcademy,https://www.instagram.com/sussexacademyseahawks/,MTI,https://www.mtishows.com/shows,performance run,Non-Professional,2026-08-18
"You're A Good Man, Charlie Brown (Revised)",The Glove Theatre,The Glove Theatre,2027-01-15,2027-01-23,theglovetheatre@gmail.com,Production,"42 North Main Street, Gloversville, NY",Gloversville,NY,,US,http://www.theglovetheatre.com,,http://facebook.com/theglovetheatre,,CONCORD,https://www.concordtheatricals.com/p/65775/you-re-a-good-man-charlie-brown-revised,performance run,Amateur,2026-08-18
Noises Off,The Ruth and Nathan Hale Theater - Lindsay Legacy Theater,The Ruth and Nathan Hale Theater - Lindsay Legacy Theater,2027-01-15,2027-04-10,mail@haletheater.org,Production,"401 South Pleasant Grove Blvd., Pleasant Grove, UT",Pleasant Grove,UT,,US,http://www.theruth.org,(801) 226-8600,https://www.facebook.com/ruthandnathanhaletheater,https://www.instagram.com/theruth/,CONCORD,https://www.concordtheatricals.com/p/2894/noises-off,extended run,Professional,2026-08-18
Mary Poppins Jr,Youth Theatre Carson City,Bob Boldrick Theatre,2027-01-15,2027-01-24,info@youththeatrecarsoncity.com,Production,"851 E William St, Carson City, NV 89702",Carson City,NV,89702,US,http://www.youththeatrecarsoncity.com,,https://www.facebook.com/YouthTheatreCarsonCity/,https://www.instagram.com/youth_theatre_carson_city/,MTI,https://www.mtishows.com/shows,performance run,Non-Professional,2026-08-18
Trolls The Musical Jr.,Asheville Junior Theater Foundation,Diana Wortham Theatre,2027-01-16,2027-01-17,boxoffice@worthamarts.org,Production,"18 Biltmore Avenue, Asheville, NC 28704",Asheville,NC,28704,US,http://www.worthamarts.org,(828) 257-4530,https://www.facebook.com/worthamarts,https://www.instagram.com/worthamarts/,MTI,https://www.mtishows.com/shows,performance run,Non-Professional,2026-08-18
Roald Dahl's Matilda The Musical Jr,Univ Of Pittsburgh,Charity Randall Theatre,2027-01-16,2027-01-16,stages@pitt.edu,Production,"4301 Forbes Ave, Pittsburgh, PA 15213",Pittsburgh,PA,15213,US,http://play.pitt.edu,(412) 624-6568,https://www.facebook.com/PittStages,https://www.instagram.com/pitt_stages/,MTI,https://www.mtishows.com/shows,performance run,School,2026-08-18
Disney's Finding Nemo Kids,Knoxville Jewish Day School,Clayton Performing Arts Center,2027-01-17,2027-03-31,startstrong@pstcc.edu,Production,"10915 Hardin Valley Road, Pellissippi State Community College, Knoxville, TN 37939",Knoxville,TN,37939,US,https://www.pstcc.edu/arts/,(865) 694-6400,https://www.facebook.com/pellissippi,https://www.instagram.com/pellissippistate/,MTI,https://www.mtishows.com/shows,extended run,School,2026-08-19
The Other Place (White),The Merc,The Merc,2027-01-17,2027-01-23,info@temeculatheater.org,Production,"42051 Main Street, Temecula, CA",Temecula,CA,,US,http://www.temeculatheater.org,(866) 653-8696,https://www.facebook.com/TemeculaTheater/,https://www.instagram.com/temeculatheater/,CONCORD,https://www.concordtheatricals.com/p/98085/the-other-place-white,performance run,Amateur,2026-08-18
Annie Jr,Broadway Kids Academy,Broadway Kids Academy Centennial,2027-01-20,2027-02-24,registration@broadwaykidsacademy.com,Production,"4161 N Rancho #140, Las Vegas, NV 89131",Las Vegas,NV,89131,US,http://broadwaykidsacademy.com,(702) 633-5500,https://www.facebook.com/broadwaykidsacademy,https://www.instagram.com/broadwaykidsacademy/,MTI,https://www.mtishows.com/shows,extended run,Non-Professional,2026-08-18
Beetlejuice Jr.,City Of Temecula Community Services Dept.,Old Town Community Theater,2027-01-21,2027-01-24,info@temeculatheater.org,Production,"42051 Main Street, Temecula, CA 92592",Temecula,CA,92592,US,http://www.temeculatheater.org,(866) 653-8696,https://www.facebook.com/TemeculaTheater/,https://www.instagram.com/temeculatheater/,MTI,https://www.mtishows.com/shows,performance run,Non-Professional,2026-08-18
Little Women,Kingwood Park High School-black Cat Theatre,Kpark Performing Arts Center,2027-01-21,2027-01-23,brandi.perkins2@humbleisd.net,Production,"4015 Woodland Hills Drive, Kingwood, TX 77339",Kingwood,TX,77339,US,http://kparktheatre.org,,,,MTI,https://www.mtishows.com/shows,performance run,School,2026-08-18
The Price,Merely Underground,Merely Underground,2027-01-21,2027-01-31,merelydirectors@gmail.com,Production,"789 Tech Center Dr., Durango, CO",Durango,CO,,US,http://www.merelyplayers.org,,https://www.facebook.com/merelyplayers.us,https://www.instagram.com/merely_players_durango/,CONCORD,https://www.concordtheatricals.com/p/98098/the-price,performance run,Amateur,2026-08-18
The Music Man,Northridge Prep School,Prairie Lakes Theater,2027-01-21,2027-01-24,info@bignoise.org,Production,"515 E Thacker St, Des Plaines, IL 60016-3155",Des Plaines,IL,60016-3155,US,http://www.bignoise.org,(847) 220-7268,https://www.facebook.com/bntheatre/,https://www.instagram.com/bignoisetheatre/,MTI,https://www.mtishows.com/shows,performance run,Non-Professional,2026-08-18
Sondheim Tribute Revue,St Lukes United Methodist Church,Rotunda Theater At St. Luke's Umc,2027-01-21,2027-01-24,sbutler@stlukesmethodist.org,Production,"3471 Westheimer Rd., Houston, TX 77027",Houston,TX,77027,US,http://www.stlukesmethodist.org,713-622-5710,https://www.facebook.com/stlukeshouston/,https://www.instagram.com/stlukeshouston/,MTI,https://www.mtishows.com/shows,performance run,Non-Professional,2026-08-18
The Graduate,Stockton Civic Theater,Stockton Civic Theater,2027-01-21,2027-02-07,boxoffice@sctlivetheatre.com,Production,"2312 Rose Marie Lane, Stockton, CA",Stockton,CA,,US,http://www.sctlivetheatre.org,+12094732424,https://www.facebook.com/sctlivetheatre,https://www.instagram.com/sctlivetheatre,CONCORD,https://www.concordtheatricals.com/p/2199/the-graduate,extended run,Amateur,2026-08-18
Roald Dahl's Matilda The Musical Jr,Brooklyn Acting Lab,Actors Fund Art Center,2027-01-22,2027-01-24,admin@brooklynactinglab.org,Production,"160 Schermerhorn Street, Brooklyn, NY 11215",Brooklyn,NY,11215,US,http://brooklynactinglab.org,(718) 238-8383,,,MTI,https://www.mtishows.com/shows,performance run,Non-Professional,2026-08-18
Something Rotten!,Crater High School,Crater Pac,2027-01-22,2027-01-31,joni.mccleary@district6.org,Production,"655 North Third St, Central Point, OR 97502",Central Point,OR,97502,US,https://sites.google.com/district6.org/craterpac/home,(541) 494-6348,,,MTI,https://www.mtishows.com/shows,performance run,School,2026-08-21
A Year With Frog And Toad-kids,Dare To Dream Theatre,Dare To Dream Theatre At Slhs,2027-01-22,2027-01-24,daretodreamtheatre@daretodreamtheatre.org,Production,"3323 University Drive, Sheboygan, WI 53081",Sheboygan,WI,53081,US,http://www.daretodreamtheatre.org,(920) 645-5806,https://www.facebook.com/Dare-to-Dream-Theatre-111781915502188/,,MTI,https://www.mtishows.com/shows,performance run,Non-Professional,2026-08-18
Dear Evan Hansen,Dearborn Recreation- City Of Dearborn,Ford Community And Pac,2027-01-22,2027-01-24,events@dearborn.gov,Production,"15801 Michigan Ave, Dearborn, MI 48126",Dearborn,MI,48126,US,http://www.dearborntheater.com,(313) 943-2354,https://www.facebook.com/FordCommunityPerformingArtsCenter,https://www.instagram.com/dearbornparks/,MTI,https://www.mtishows.com/shows,performance run,Non-Professional,2026-08-18
Disney's Descendants,Divine Child High School,Divine Childelementary School,2027-01-22,2027-01-24,mboyle@divinechild.org,Production,"25001 Herbert Weier Drive, Dearborn, MI 48128",Dearborn,MI,48128,US,http://divinechildhighschool.org,(313) 562-1990,https://www.facebook.com/DivineChildSchools,,MTI,https://www.mtishows.com/shows,performance run,School,2026-08-18
Disney's The Little Mermaid,Georgetown High School,Klett Center For The Perf Arts,2027-01-22,2027-01-24,georgetowntheatrebooster@gmail.com,Production,"2211 N Austin Avenue, Georgetown, TX 78626",Georgetown,TX,78626,US,https://sites.google.com/georgetownisd.org/ghstheater/,,https://www.google.com/url,https://www.google.com/url,MTI,https://www.mtishows.com/shows,performance run,School,2026-08-18
Shrek The Musical Jr,Ja'duke Productions,Ja'duke Theater,2027-01-22,2027-01-24,jaduketheater@gmail.com,Production,"110 Industrial Blvd, Turners Falls, MA 01376",Turners Falls,MA,1376,US,http://www.jaduketheater.com,4134754805,https://www.facebook.com/jaduketheater/,https://www.instagram.com/jaduketheater,MTI,https://www.mtishows.com/shows,performance run,Non-Professional,2026-08-18
Once,Opera Montana,The Armory Music Hall,2027-01-22,2027-02-07,hello@operamontana.org,Production,"24 West Mendenhall, Bozeman, MT 59715",Bozeman,MT,59715,US,http://www.operamontana.org,(406) 587-2889,https://www.facebook.com/OperaMontana79/,https://www.instagram.com/opera_montana/,MTI,https://www.mtishows.com/shows,extended run,Non-Professional,2026-08-18
James And The Giant Peach-tya,Overshadowed Theatrical Productions,Jubliee Bible Church,2027-01-22,2027-02-06,boxoffice@overshadowedproductions.com,Production,"900 Foster Ave, Medinah, IL 60157",Medinah,IL,60157,US,http://www.overshadowed.org,630.634.2100,https://www.facebook.com/OvershadowedProductions,https://www.instagram.com/overshadowedproductions/,MTI,https://www.mtishows.com/shows,extended run,Non-Professional,2026-08-18
Frozen,Plano Sr High School,Plano Senior High School Theatre,2027-01-22,2027-01-25,clay.wheeler@pisd.edu,Production,"2200 Independence Pkwy, Plano, TX 75075-3143",Plano,TX,75075-3143,US,http://www.pshstheatre.com,972-965-4554,https://www.facebook.com/PlanoSeniorShows/,https://www.instagram.com/planotheatre/,MTI,https://www.mtishows.com/shows,performance run,School,2026-08-18
Disney's High School Musical,Rising Stars Studio,Ritz Grande Theatre,2027-01-22,2027-01-23,tickets@thegrandescondido.org,Production,"301 East Grande Avenue, Escondido, CA 92025",Escondido,CA,92025,US,http://www.thegrandescondido.org,+1-760-309-7609,https://www.facebook.com/thegrandritztheater,https://www.instagram.com/thegrandescondido/#,MTI,https://www.mtishows.com/shows,performance run,Non-Professional,2026-08-18
Beetlejuice Jr.,San Carlos Childrens Theater,Mustang Hall,2027-01-22,2027-01-24,vanessa@sancarloschildrenstheater.com,Production,"828 Chestnut St,, San Carlos, CA 94070",San Carlos,CA,94070,US,http://www.sancarloschildrenstheater.com,(650) 594-2730,http://www.facebook.com/pages/San-Carlos-Childrens-Theater/85911039249,https://www.instagram.com/sancarloschildrenstheater/,MTI,https://www.mtishows.com/shows,performance run,Non-Professional,2026-08-18
Shrek The Musical,Schaumburg On Stage,Al Larson Prairie Center For The Ar,2027-01-22,2027-01-31,cityclerk@elginil.gov,Organizations,"201 Schaumburg Court, Schaumburg, IL 60193",Schaumburg,IL,60193,US,http://www.prairiecentr.org,,,,MTI,https://www.mtishows.com/shows,performance run,Non-Professional,2026-08-18
Pippin,The Free Theatre,Blackrock Center For The Arts,2027-01-22,2027-01-24,info@blackrockcenter.org,Production,"12901 Town Commons Drive, Germantown, MD 20874",Germantown,MD,20874,US,http://www.blackrockcenter.org,(301) 528-2260,https://www.facebook.com/blackrockcenter,https://www.instagram.com/blackrockcenter,MTI,https://www.mtishows.com/shows,performance run,Non-Professional,2026-08-18
The 25th Annual Putnam County Spelling Bee,Youngstown Playhouse,Youngstown Playhouse / Downtown,2027-01-22,2027-01-31,info@youngstownplayhouse.org,Production,"220 W. Boardman Street, Third Floor, Youngstown, OH 44503",Youngstown,OH,44503,US,http://www.youngstownplayhouse.org,(330) 788-8739,https://www.facebook.com/youngstownplayhouse,https://www.instagram.com/YtownPlayhouse/,MTI,https://www.mtishows.com/shows,performance run,Non-Professional,2026-08-18
Mary Poppins Jr,Angels On Stage,Morgan Hill Playhouse,2027-01-23,2027-01-31,ccc@morganhill.ca.gov,Production,"17000 Monterey Road, Morgan Hill, CA 95037",Morgan Hill,CA,95037,US,https://www.morganhill.ca.gov/235/community-playhouse,(408) 782-0008,,,MTI,https://www.mtishows.com/shows,performance run,Non-Professional,2026-08-18
Disney's The Lion King Jr,Boulder Performing Arts Company,The Sparks Performance Cnter,2027-01-23,2027-01-24,admin@thesparkcreates.org,Production,"4847 Pearl St, Boulder, CO 80301",Boulder,CO,80301,US,https://www.thesparkcreates.org,(720) 432-7784,https://www.facebook.com/thesparkcreates/,https://www.instagram.com/thesparkcreates/,MTI,https://www.mtishows.com/shows,performance run,Non-Professional,2026-08-19
Disney's Dare To Dream Jr,Timber Ridge Middle School,Plainfield Central Hs,2027-01-23,2027-01-23,akovacev@psd202.org,Production,"24120 W. Fort Beggs Dr, Plainfield, IL 60586",Plainfield,IL,60586,US,http://www.psd202.org,(815) 577-4000,https://www.facebook.com/psd202,https://www.instagram.com/psd202/,MTI,https://www.mtishows.com/shows,performance run,Non-Professional,2026-08-26
Legally Blonde,Paideia School,Paideia Theater,2027-01-27,2027-01-30,admissions@paideiaschool.org,Production,"1509 Ponce De Leon Avenue, Atlanta, GA 30307",Atlanta,GA,30307,US,http://www.paideiaschool.org,(404) 377-3491,https://www.facebook.com/PaideiaSchool/,https://www.instagram.com/thepaideiaschool/,MTI,https://www.mtishows.com/shows,performance run,School,2026-08-20
Ken Ludwig's Lend Me a Tenor,Paper Mill Playhouse,Paper Mill Playhouse,2027-01-27,2027-02-21,info@papermill.org,Production,"22 Brookside Drive, Millburn, NJ",Millburn,NJ,,US,http://www.papermill.org,(973) 376-4343,https://www.facebook.com/PaperMillPlayhouse/,https://www.instagram.com/papermillplayhouse/,CONCORD,https://www.concordtheatricals.com/p/658/ken-ludwig-s-lend-me-a-tenor,extended run,Professional,2026-08-18
How To Train Your Dragon The Musical Jr.,Alta Vista Elementary School,Alta Vista Elementary School,2027-01-28,2027-01-31,barbaran@unionsd.org,Production,"200 Blossom Valley Dr., Los Gatos, CA 95032",Los Gatos,CA,95032,US,http://altavista.unionsd.org/home,(408) 356-6146,,,MTI,https://www.mtishows.com/shows,performance run,School,2026-08-22
Disney's Frozen Jr,Boys And Girls Clubs Of Huntington Valley,Clubhouse Theatre,2027-01-28,2027-02-07,admin@bgchv.com,Production,"16582 Brookhurst Street, Fountain Valley, CA 92708",Fountain Valley,CA,92708,US,http://www.clubhouseacademy.com,(714) 531-2582,https://www.facebook.com/BGCHV,https://www.instagram.com/bgclubhv/,MTI,https://www.mtishows.com/shows,performance run,Non-Professional,2026-08-18
Rosencrantz and Guildenstern Are Dead,Collierville High School's Draco Playhouse,Collierville High School's Draco Playhouse,2027-01-28,2027-01-31,dracoplayhouse@colliervilleschools.org,Production,"11605 East Shelby Drive, Collierville, TN",Collierville,TN,,US,http://dracoplayhouse.com,(901) 674-9000,https://www.facebook.com/profile.php,http://instagram.com/chs.dracoplayhouse,CONCORD,https://www.concordtheatricals.com/p/2819/rosencrantz-and-guildenstern-are-dead,performance run,Amateur,2026-08-18
Disney's The Little Mermaid Jr,Kirk O' The Valley School,Kirk O The Valley School,2027-01-28,2027-01-29,office@kirkschool.org,Production,"19620 Vanowen Street, Reseda, CA 91335",Reseda,CA,91335,US,http://www.kirkschool.org,(818) 344-1242,,,MTI,https://www.mtishows.com/shows,performance run,School,2026-08-22
How To Train Your Dragon The Musical Jr.,Nantucket Stage Company,Nsc At Bennett Hall,2027-01-28,2027-02-07,laura@nantucketstagecompany.org,Production,"62 Centre Street, Nantucket, MA 02554",Nantucket,MA,2554,US,http://nantucketstagecompany.org,(508) 395-3335,https://www.facebook.com/nantucket.stage.company/,https://www.instagram.com/nantucketstagecompany,MTI,https://www.mtishows.com/shows,performance run,Non-Professional,2026-08-18
Seussical Jr.,Northwest Christian School,Moon Valley High School,2027-01-28,2027-01-30,mbaldwin@ncsaz.org,Production,"3625 W Cactus Road, Phoenix, AZ 85029",Phoenix,AZ,85029,US,http://www.northwestchristianschool.org,(602) 978-5134,http://facebook.com/NorthwestChristianSchool,https://www.instagram.com/ncscrusaders/,MTI,https://www.mtishows.com/shows,performance run,School,2026-08-18
The Diary of Anne Frank (Kesselman),Parrish Auditorium,Parrish Auditorium,2027-01-28,2027-02-14,footlighterstickets@gmail.com,Production,"802 York St., Newport, KY",Newport,KY,,US,http://footlighters.org,(859) 652-3849,https://www.facebook.com/footlightersinc/,https://instagram.com/footlightersinc/,CONCORD,https://www.concordtheatricals.com/p/98172/the-diary-of-anne-frank-kesselman,extended run,Amateur,2026-08-18
Mary Poppins Jr,Patrick Marsh Middle School,Patrick Marsh Middle School,2027-01-28,2027-01-30,vyang@sunprairieschools.org,Production,"1351 Columbus Street, Sun Prairie, WI 53590",Sun Prairie,WI,53590,US,http://www.sunprairieschools.org,(608) 834-6500,https://www.facebook.com/sunprairieschools/,https://www.instagram.com/sunprairieschooldistrict/,MTI,https://www.mtishows.com/shows,performance run,Non-Professional,2026-08-18
Urinetown,Portola High School,Portola High School Performing Arts,2027-01-28,2027-01-30,portolatheatre@gmail.com,Production,"1001 Cadence, 1001 Cadence, Irvine, CA 92618",Irvine,CA,92618,US,http://portolatheatre.org,(949) 936-8200,https://facebook.com/PortolaTheatre,https://instagram.com/portola_hs_drama,MTI,https://www.mtishows.com/shows,performance run,School,2026-08-18
The Savannah Sipping Society,Riverside Playhouse,Riverside Playhouse,2027-01-28,2027-02-06,info@mtow.org,Production,"233B N. Wenatchee Ave., Wenatchee, WA",Wenatchee,WA,,US,http://www.mtow.org,(509) 662-7814,https://www.facebook.com/musictheatrewenatchee,https://www.instagram.com/musictheatrewen/,CONCORD,https://www.concordtheatricals.com/p/60264/the-savannah-sipping-society,performance run,Amateur,2026-08-18
Mamma Mia!,Savannah Arts Academy,John A. Varnadoe Theatre,2027-01-28,2027-01-31,anna.belue@sccpss.com,Production,"Savannah Arts Academy, 500 Washington Avenue, Savanah, GA 31405",Savanah,GA,31405,US,http://saa.sccpss.com,(912) 395-5000,https://www.facebook.com/SavannahArts/,https://www.instagram.com/saapanthers/,MTI,https://www.mtishows.com/shows,performance run,School,2026-08-18
The Crucible,The CNY Community Arts Center,The CNY Community Arts Center,2027-01-28,2027-01-31,info@cnyartscenter.com,Production,"121 Cayuga Street, Fulton, NY",Fulton,NY,,US,http://www.cnyartscenter.com,(315) 598-2787,https://www.facebook.com/CNYArtsCenter,https://www.instagram.com/cny_arts_center,CONCORD,https://www.concordtheatricals.com/p/7459/the-crucible,performance run,Amateur,2026-08-27
Disney's High School Musical Jr.,Ad Oliver Middle School,Brockport Oliver Middle School,2027-01-29,2027-01-30,bcs1_webmaster@bcs1.org,Production,"40 Allen Street, Brockport, NY 14420",Brockport,NY,14420,US,http://www.bcs1.org,(585) 637-5303,,,MTI,https://www.mtishows.com/shows,performance run,School,2026-08-18
The Secret Garden,Conrad Centre for the Performing Arts,Conrad Centre for the Performing Arts,2027-01-29,2027-01-30,info@kitchener.ca,Production,"36 King St W, Kitchener, ON, CA",Kitchener,ON,,CA,https://www.kitchener.ca/arts-culture-and-events/facility-rentals/the-conrad-centre-for-the-performing-arts/,(519) 741-2345,http://www.facebook.com/cityofkitchener,http://www.instagram.com/cityofkitchener,CONCORD,https://www.concordtheatricals.com/p/471/the-secret-garden,performance run,Amateur,2026-08-18
Roald Dahl's Willy Wonka Jr.,Emerick Elementary School,Emerick Elementary,2027-01-29,2027-01-29,research@lcps.org,Production,"440 South Nursery Avenue, Purcellville, VA 20132",Purcellville,VA,20132,US,http://lcps.org/emerick,(540) 751-2440,,,MTI,https://www.mtishows.com/shows,performance run,School,2026-08-18
Sophisticated Ladies,Hall Auditorium,Hall Auditorium,2027-01-29,2027-01-31,college.admissions@oberlin.edu,Production,"67 N Main St, Oberlin, OH",Oberlin,OH,,US,https://www.oberlin.edu/hall-auditorium,(800) 622-6243,,,CONCORD,https://www.concordtheatricals.com/p/44837/sophisticated-ladies,performance run,Amateur,2026-08-18
Singin' In The Rain Jr.,Parkway Christian School,Parkway Christian School,2027-01-29,2027-01-30,admissions@parkwaychristian.org,Production,"14500 Metropolitan Parkway, Sterling Heights, MI",Sterling Heights,MI,,US,http://www.parkwaychristian.org,(586) 446-9900,https://www.facebook.com/ParkwayChristian,https://www.instagram.com/pcseagles/,MTI,https://www.mtishows.com/shows,performance run,School,2026-08-18
Disney's The Little Mermaid Jr,Round Lake Charter School,Round Lake Charter School,2027-01-29,2027-01-30,bohnstadtc@lake.k12.fl.us,Production,"31333 Round Lake Road, Mt. Dora, FL 32757",Mt. Dora,FL,32757,US,https://rle.lake.k12.fl.us/,(352) 385-4399,https://www.facebook.com/Round-Lake-Elementary-401469530254927/,,MTI,https://www.mtishows.com/shows,performance run,School,2026-08-21
Lerner And Loewe's My Fair Lady,Theatre Aurora,Theatre Aurora,2027-01-29,2027-02-07,info@theatreaurora.com,Production,"150 Henderson Dr., Aurora, ON L4G 2J7, CA",Aurora,ON,L4G 2J7,CA,http://theatreaurora.com,(905) 727-3669,https://www.facebook.com/theatreaurora,https://www.instagram.com/theatreaurora,MTI,https://www.mtishows.com/shows,performance run,Non-Professional,2026-08-18
Jane Austen in 89 Minutes,Valley Theatre Company,Valley Theatre Company,2027-01-29,2027-02-13,info@valleytheatreco.org,Production,"Ellensburg, WA",Ellensburg,WA,,US,https://valleytheatreco.org,509-972-6633,https://www.facebook.com/wix,https://www.instagram.com/valleytheatrecompany/,TRW,https://www.theatricalrights.com/show/jane-austen-in-89-minutes/,extended run,,2026-08-18
Alanis Morissette's Jagged Little Pill: The Musical,Vive Les Arts Theatre,Vive Les Arts Theatre,2027-01-29,2027-02-07,operations@vlakilleen.org,Production,"3401 S WS Young Drive, Killeen, TX",Killeen,TX,,US,http://www.vlakilleen.org,(254) 526-9090,https://www.facebook.com/ViveLesArts/,https://www.instagram.com/centraltexastheatre/,CONCORD,https://www.concordtheatricals.com/p/95247/alanis-morissette-s-jagged-little-pill-the-musical,performance run,Amateur,2026-08-18
Annie,Citadel Theatre,Maclab Theatre,2027-01-30,2027-03-07,boxoffice@citadeltheatre.com,Production,"9828 101 A Avenue, Edmonton, AB T5J 3C6, CA",Edmonton,AB,T5J 3C6,CA,http://www.citadeltheatre.com,(780) 425-1820,https://www.facebook.com/citadeltheatre,https://www.instagram.com/citadeltheatreyeg,MTI,https://www.mtishows.com/shows,extended run,Professional,2026-08-18
Seussical Jr.,Greater Austin Dance Academy,Cedar Ridge Black Box,2027-02-01,2027-02-28,admin@greateraustindance.com,Production,"Gattis School Rod, Round Rock, TX 78664",Round Rock,TX,78664,US,http://www.greateraustindance.com,(512) 828-4232,https://www.facebook.com/GreaterAustinDanceAcademy,https://www.instagram.com/greateraustindance/,MTI,https://www.mtishows.com/shows,extended run,Non-Professional,2026-08-18
James And The Giant Peach-tya,Valverde Stage Productions Inc (vspi),Lewis Family Playhouse,2027-02-01,2027-02-07,boxoffice@cityofrc.us,Production,"12505 Cultural Center Dr, Rancho Cucamonga, CA 91739",Rancho Cucamonga,CA,91739,US,https://www.lewisfamilyplayhouse.com,(909) 477-2752,https://www.facebook.com/lewisfamilyplayhouse/,https://www.instagram.com/lewisfamilyplayhouse/,MTI,https://www.mtishows.com/shows,performance run,Non-Professional,2026-08-18
Come From Away,The Sharon L Morse Performing Arts Center,The Sharon Studio Theater,2027-02-02,2027-03-20,info@thesigprostudio.com,Production,"806 San Marino Drive, The Villages, FL 32159",The Villages,FL,32159,US,http://www.thesharonstudio.com,(352) 668-9502,https://www.facebook.com/thestudiotheatretierradelsol/,https://www.instagram.com/thesigprostudio/,MTI,https://www.mtishows.com/shows,extended run,Non-Professional,2026-08-18
Disney's The Little Mermaid Jr,Amherst County High School,Amherst County High School,2027-02-04,2027-02-07,pemmert@amherst.k12.va.us,Production,"139 Lancer Ln, Amherst, VA 24521-3266",Amherst,VA,24521-3266,US,http://www.emmertstheatre.com,(434) 946-2898,,,MTI,https://www.mtishows.com/shows,performance run,School,2026-08-18
Come From Away,Center For Theater Arts,Mt. Lebanon High School Auditorium,2027-02-04,2027-02-06,info@centerfortheaterarts.org,Production,"155 Cochran Road, Pgh, PA 15228",Pgh,PA,15228,US,http://www.centerfortheaterarts.org,(412) 563-5080,,https://www.instagram.com/ctapgh/,MTI,https://www.mtishows.com/shows,performance run,Non-Professional,2026-08-18
Mary Poppins,Clawson High School,Clawson High School,2027-02-04,2027-02-06,clawson.clawson@clawsonschools.org,Production,"101 Phillips Avenue, Clawson, MI 48017",Clawson,MI,48017,US,https://www.clawsonschools.org/clawson-high-school/,(248) 655-4200,https://www.facebook.com/ClawsonPublicSchools/,https://www.instagram.com/clawson_schools/,MTI,https://www.mtishows.com/shows,performance run,School,2026-08-19
Legally Blonde Jr.,Golda Och Academy Eric F Ross Upper School Campus,Golda Och Academy Upper School,2027-02-04,2027-02-07,gslavin@goldaochacademy.org,Production,"1418 Pleasant Valley Way, West Orange, NJ 07052",West Orange,NJ,7052,US,http://www.goldaochacademy.org,(973) 602-3700,https://www.facebook.com/GoldaOchAcademy,http://instagram.com/goldaochacademy,MTI,https://www.mtishows.com/shows,performance run,School,2026-08-18
Mary Poppins Jr,Long Island School For The Gifted,Long Island School For The Gifted,2027-02-04,2027-02-05,info@lisg.org,Production,"815 Convent Road, Syosset, NY 11791",Syosset,NY,11791,US,http://lisg.org,(631) 423-3557,,,MTI,https://www.mtishows.com/shows,performance run,Non-Professional,2026-08-18
Disney's High School Musical Jr.,Madison Country Day School,Madison Country Day School,2027-02-04,2027-02-04,dasmuth@madisoncountryday.org,Production,"5606 River Road, Waunakee, WI 53597",Waunakee,WI,53597,US,http://www.madisoncountryday.org,(608) 850-6000,https://www.facebook.com/Madisoncountrydayschool,https://www.instagram.com/madison_country_day_school,MTI,https://www.mtishows.com/shows,performance run,School,2026-08-20
Come From Away,Maret School,Maret School,2027-02-04,2027-02-06,sbosland@maret.org,Production,"3000 Cathedral Ave Nw, Washington, DC 20008-3407",Washington,DC,20008-3407,US,http://www.maret.org,(202) 939-8800,https://www.facebook.com/maretfrogs,https://www.instagram.com/maretschool/,MTI,https://www.mtishows.com/shows,performance run,School,2026-08-18
The Prince Of Egypt,Mcdonell Central Catholic High School,Mcdonell Central High School,2027-02-04,2027-02-07,c.konop@macs.k12.wi.us,Production,"1316 Bel Aire Blvd, Chippewa Falls, WI 54729",Chippewa Falls,WI,54729,US,https://www.mcdonellareacatholicschools.org/,(715) 723-0538,https://www.facebook.com/McDonell-Area-Catholic-Schools-251975181504776/,https://www.instagram.com/themackway/,MTI,https://www.mtishows.com/shows,performance run,School,2026-08-18
Disney's Aladdin Jr.,Norterra Canyon School,Barry Goldwater Hs Auditorium,2027-02-04,2027-02-05,theresa.milks@dvusd.org,Production,"2820 W Rose Garden Lane, Phoenix, AZ 85027",Phoenix,AZ,85027,US,https://norterracanyon.dvusd.org/,(623) 445-8200,https://www.facebook.com/NorterraCanyon,https://www.instagram.com/norterra_canyon_school,MTI,https://www.mtishows.com/shows,performance run,Non-Professional,2026-08-18
Shrek The Musical Jr,Primary Players Children's Theatre Group,Clayton Center For The Arts-nutt,2027-02-04,2027-02-07,info@claytonartscenter.com,Production,"502 Lamar Alexander Pkwy, Maryville,, TN 37804","Maryville,",TN,37804,US,http://claytonartscenter.com,(865) 981-8590,https://www.facebook.com/ClaytonCenterfortheArts,https://www.instagram.com/claytoncenterforthearts/,MTI,https://www.mtishows.com/shows,performance run,Non-Professional,2026-08-18
Legally Blonde,Prince Of Wales Collegiate,Arts And Culture Centre,2027-02-04,2027-02-06,sjboxoffice@artsandculturecentre.com,Production,"95 Allandale Road, A1b 3a3, St Johns,, NF A1B 3A3, CA","St Johns,",NF,A1B 3A3,CA,https://artsandculturecentre.com/stjohns/online/,(709) 729-3900,https://www.facebook.com/ACC.St.Johns/,https://www.instagram.com/accnewfoundlandlabrador/,MTI,https://www.mtishows.com/shows,performance run,School,2026-08-18
Roald Dahl's Matilda The Musical Jr,Ridley Performing Arts Program,Ridley Middle School,2027-02-04,2027-02-06,info@ridleyperformingartsprogram.com,Production,"400 Free Street, Ridley Park, PA 19078",Ridley Park,PA,19078,US,http://www.ridleyperformingartsprogram.com,2674717352,https://www.facebook.com/ridleyperformingarts,https://www.instagram.com/ridleyperformingarts/,MTI,https://www.mtishows.com/shows,performance run,Non-Professional,2026-08-18
A Man Of No Importance,Scarborough Music Theatre,Scarborough Village Theatre Sd,2027-02-04,2027-02-20,boxoffice@theatrescarborough.com,Production,"3600 Kingston Road, Scarborough, ON M1M 1R9, CA",Scarborough,ON,M1M 1R9,CA,https://theatrescarborough.com/scarborough-music-theatre/,(416) 267-9292,,,MTI,https://www.mtishows.com/shows,extended run,Non-Professional,2026-08-18
Shrek The Musical Jr,St Charles Borromeo Catholic School,St. Charles Borromeo Parish Center,2027-02-04,2027-02-05,info@stcbs.org,Production,"21505 Augusta Avenue, Port Charlotte, FL 33952",Port Charlotte,FL,33952,US,http://www.stcbs.org,(941) 625-5533,https://www.facebook.com/stcbs,https://www.instagram.com/stcbscrusaders/,MTI,https://www.mtishows.com/shows,performance run,Non-Professional,2026-08-18
A Streetcar Named Desire,St. Peter's Episcopal Church,St. Peter's Episcopal Church,2027-02-04,2027-02-06,office@stpetersgreenville.com,Production,"910 Hudson Road, Greenville, SC",Greenville,SC,,US,http://www.stpetersgreenville.com,(864) 268-7280,https://www.facebook.com/StPeters.GreenvilleSC,http://instagram.com/stpetersgreenville,CONCORD,https://www.concordtheatricals.com/p/98265/a-streetcar-named-desire,performance run,Amateur,2026-08-18
Seussical Jr.,Theatre Sarnia,Theatre Sarnia,2027-02-04,2027-02-05,mharford@imperialtheatre.net,Production,"168 North Christina Street, Sarnia, ON N7T 7H8, CA",Sarnia,ON,N7T 7H8,CA,http://www.imperialtheatre.net,(519) 344-7469,https://www.facebook.com/ImperialTheatreSarnia/,https://www.instagram.com/explore/locations/5318388/imperial-theatre-sarnia-on/,MTI,https://www.mtishows.com/shows,performance run,Non-Professional,2026-08-18
Disney's Dare To Dream Jr,Arkansas Arts Academy Of The Arts,Arkansas Arts Academy High School,2027-02-05,2027-02-07,aroberts@artsk12.org,Production,"506 West Poplar, Rogers, AR 72756",Rogers,AR,72756,US,http://artsk12.org,(479) 878-2787,https://www.facebook.com/arkansasartsrogers/,https://www.instagram.com/arkansas_arts_academy/,MTI,https://www.mtishows.com/shows,performance run,School,2026-08-21
Ain't Misbehavin',City Of Newport News- Downing-gross Cultural Arts,Downing-gross Cultural Arts Center,2027-02-05,2027-02-20,downing-gross@nnva.gov,Production,"2410 Wickman Avenue, Newport News, VA 23607",Newport News,VA,23607,US,https://downinggross.org/,757-247-8950,http://www.facebook.com/pages/Downing-Gross-Cultural-Arts-Center/235125586573807,http://instagram.com/downinggross,MTI,https://www.mtishows.com/shows,extended run,Non-Professional,2026-08-18
Disney's Alice In Wonderland Jr.,Desales Catholic School,Palace Theatre,2027-02-05,2027-02-06,info@lockportpalacetheatre.org,Production,"2 East Avenue, Lockport, NY 14094",Lockport,NY,14094,US,http://lockportpalacetheatre.org,(716) 438-1130,https://www.facebook.com/HistoricPalaceTheatre,https://www.instagram.com/historic_palace_theatre/,MTI,https://www.mtishows.com/shows,performance run,Non-Professional,2026-08-18
Mean Girls Jr,Ellenville Middle School,Ellenville Jr High School,2027-02-05,2027-02-06,dcavanagh@ecs.k12.ny.us,Production,"28 Maple Avenue, Ellenville, NY 12428",Ellenville,NY,12428,US,http://ecs.k12.ny.us,(845) 647-0200,https://www.facebook.com/EllenvilleCSD/,https://www.instagram.com/ellenvillecsd/,MTI,https://www.mtishows.com/shows,performance run,Non-Professional,2026-08-25
Anastasia: The Musical,GRACE Christian School,GRACE Christian School,2027-02-05,2027-02-06,mckeen@hotmail.com,Organizations,"1101 Buck Jones Rd, Raleigh, NC",Raleigh,NC,,US,,,,,CONCORD,https://www.concordtheatricals.com/p/92098/anastasia-the-musical,performance run,Amateur,2026-08-18
Disney's The Lion King Jr,Henry V Burger Junior High School,Henry V. Burger Middle School,2027-02-05,2027-02-06,mmack@rhnet.org,Production,"639 Erie Station Road, West Henrietta, NY 14586",West Henrietta,NY,14586,US,http://www.rhnet.org,(585) 359-5000,http://www.facebook.com/rhschools,https://www.instagram.com/rh_schools,MTI,https://www.mtishows.com/shows,performance run,Non-Professional,2026-08-18
Into The Woods,Lake Highlands United Methodists Church,Sanctuary,2027-02-05,2027-02-14,andyr@lhumc.com,Production,"9015 Plano Rd, Dallas, TX 75238-3655",Dallas,TX,75238-3655,US,http://www.lhumc.com,(214) 348-6600,https://www.facebook.com/lhumcdallas,http://instagram.com/lhumc,MTI,https://www.mtishows.com/shows,performance run,Non-Professional,2026-08-18
Disney's The Little Mermaid Jr,Lake Travis Music Theatre Inc,Lake Travis Music Theatre Inc,2027-02-05,2027-02-07,info@ltmt.org,Production,"20924 Oak Ridge Drive, Lago Vista, TX 78645",Lago Vista,TX,78645,US,http://ltmt.org,(512) 297-9022,https://www.facebook.com/ltmtfun,https://www.instagram.com/laketravismusictheatre/,MTI,https://www.mtishows.com/shows,performance run,Non-Professional,2026-08-18
The 39 Steps,Littleton Opera House,Littleton Opera House,2027-02-05,2027-02-14,info@theatreupnh.org,Production,"2 Union St., Littleton, NH",Littleton,NH,,US,http://www.theatreupnh.org,(603) 707-4615,https://facebook.com/theatreupnh,https://instagram.com/theatreupnh/,CONCORD,https://www.concordtheatricals.com/p/1920/the-39-steps,performance run,Amateur,2026-08-18
Annie Jr,"Loxen Entertainment, Inc",Robert Russell Theatre At The Alper,2027-02-05,2027-03-26,info@loxen-entertainment.com,Production,"11155 Sw 112 Ave, Miami, FL 33176",Miami,FL,33176,US,http://loxen.org,,https://www.facebook.com/loxenproductions,https://www.instagram.com/loxenentertainment,MTI,https://www.mtishows.com/shows,extended run,Non-Professional,2026-08-18
Dear Evan Hansen,"Main Stage Productions Inc.,dba Stage Right",Crighton Theatre,2027-02-05,2027-02-21,info@crightontheatre.org,Production,"234 N. Main Street, Conroe, TX 77301",Conroe,TX,77301,US,http://www.stage-right.org,(936) 441-7469,https://www.facebook.com/profile.php,https://www.instagram.com/stagerightoftexas/,MTI,https://www.mtishows.com/shows,extended run,Non-Professional,2026-08-18
Les Miserables School Edition,Norfolk Academy,Norfolk Academy,2027-02-05,2027-02-07,headofschool@norfolkacademy.org,Production,"1585 Wesleyan Drive, Norfolk, VA 23502",Norfolk,VA,23502,US,http://norfolkacademy.org,(757) 461-6236,https://www.facebook.com/NorfolkAcademyBulldogs,https://www.instagram.com/norfolk_academy/,MTI,https://www.mtishows.com/shows,performance run,School,2026-08-18
Disney's The Jungle Book Kids,Oak Meadow Montessori School,Oak Meadow Montessori School,2027-02-05,2027-02-05,info@oakmeadow.org,Production,"2 Old Pickard Lane, Littleton, MA 01460",Littleton,MA,1460,US,http://www.oakmeadow.org/,(978) 486-9874,https://www.facebook.com/oakmeadowMA,https://www.instagram.com/oakmeadowma/,MTI,https://www.mtishows.com/shows,performance run,Non-Professional,2026-08-27
Legally Blonde,Paw Paw High School,Paw Paw Performing Arts Center,2027-02-05,2027-02-07,alisa.clark@ppps.org,Production,"30609 Red Arrow Highway, Paw Paw, MI 49079",Paw Paw,MI,49079,US,http://www.ppps.org,(269) 415-5200,https://www.facebook.com/PawPawPublicSchools,,MTI,https://www.mtishows.com/shows,performance run,School,2026-08-18
How To Train Your Dragon The Musical Jr.,Sandstone Summer Theatre,Amherst Steele High School,2027-02-05,2027-02-07,sandstonesummertheatre@gmail.com,Production,"450 Washington Street, Amherst, OH 44001",Amherst,OH,44001,US,http://www.sandstonesummertheatre.com,,https://www.google.com/url,https://www.google.com/url,MTI,https://www.mtishows.com/shows,performance run,Non-Professional,2026-08-18
Disney's Frozen Jr,St Bernard Preparatory School,St. Bernard Abbey Byre For The Arts,2027-02-05,2027-02-07,rstover@stbernardprep.com,Production,"1600 St. Bernard Dr. Se, Cullman, AL 35055",Cullman,AL,35055,US,http://www.stbernardprep.com,(256) 739-6682,,,MTI,https://www.mtishows.com/shows,performance run,School,2026-08-19
The 25th Annual Putnam County Spelling Bee,Theatre Coppell,Theatre Coppell,2027-02-05,2027-02-21,info@theatrecoppell.com,Production,"505 Travis St, P.o.box 1232, Coppell, TX 75019",Coppell,TX,75019,US,http://www.theatrecoppell.com,972-745-7719,http://www.facebook.com/theatrecoppell,https://www.instagram.com/theatrecoppell/,MTI,https://www.mtishows.com/shows,extended run,Non-Professional,2026-08-18
Beetlejuice Jr.,Theatre In The Mountains Of Loma Prieta Comm Found,Theatre In The Mountains Main Stage,2027-02-05,2027-02-07,theatreinthemountains@gmail.com,Production,"Of Loma Prieta Comm Foundation, 23800 Summit Road, Los Gatos, CA 95030",Los Gatos,CA,95030,US,http://www.theatreinthemountains.org,,https://www.facebook.com/TheatreInTheMountains,https://www.instagram.com/theatreinthemountains/,MTI,https://www.mtishows.com/shows,performance run,Non-Professional,2026-08-26
Sweeney Todd,Twin Valley Players,Twin Valley Players,2027-02-05,2027-02-14,tvp@tvpcolonnade.com,Production,"269 Center Street, Millersburg, PA 17061",Millersburg,PA,17061,US,http://www.tvpcolonnade.com,717-692-3453,http://facebook.com/tvpcolonnade,https://www.instagram.com/tvpcolonnade/,MTI,https://www.mtishows.com/shows,performance run,Non-Professional,2026-08-18
Disney's Finding Nemo Jr.,Walnut Grove Middle School,Walnut Grove,2027-02-05,2027-02-08,info@midlothianisd.org,Production,"990 North Walnut Grove, Midlothian, TX 76065",Midlothian,TX,76065,US,http://www.midlothianisd.org,(469) 856-5000,https://www.facebook.com/MidloISD/,https://www.instagram.com/midlothianisd/,MTI,https://www.mtishows.com/shows,performance run,Non-Professional,2026-08-18
Annie Jr,Winthrop Middle School,Winthrop Middle School,2027-02-05,2027-02-07,kcalinda@winthrop.k12.ma.us,Production,"400 Main Street, Winthrop, MA 02152",Winthrop,MA,2152,US,http://winthropdramasociety.com,,https://www.google.com/url,https://www.google.com/url,MTI,https://www.mtishows.com/shows,performance run,Non-Professional,2026-08-18
Lionel Barts Oliver! Jr,Camp Ruach Jcc,Shimon And Sara Birnbaum Jcc,2027-02-06,2027-02-07,info@ssbjcc.org,Production,"775 Talamini Road, Bridgewater, NJ 08807",Bridgewater,NJ,8807,US,http://www.ssbjcc.org,(908) 725-6994,https://www.facebook.com/JCCBridgewater/,https://www.instagram.com/jccbridgewater/,MTI,https://www.mtishows.com/shows,performance run,Non-Professional,2026-08-18
Disney's Finding Nemo Jr.,Gananda Community Youth Theatre Gcyt,Gananda Middle School,2027-02-06,2027-02-07,gcytinc@gmail.com,Production,"1500 Dayspring Ridge, Walworth, NY 14568",Walworth,NY,14568,US,http://www.gcyt.org/,,,,MTI,https://www.mtishows.com/shows,performance run,Non-Professional,2026-08-18
Don't Let The Pigeon Drive The Bus,Northwest Childrens Theater And School(professional),Schnitzer Stage,2027-02-06,2027-02-28,info@nwcts.org,Production,"1000 Sw Broadway Ste 100t, Portland, OR 97205-3091",Portland,OR,97205-3091,US,http://www.nwcts.org,(503) 222-2190,https://www.facebook.com/NWChildrensTheater/,https://www.instagram.com/nwchildrenstheater/,MTI,https://www.mtishows.com/shows,extended run,Professional,2026-08-18
Dear Evan Hansen,"Riverbank Theatre, Llc",Riverbank Youth Theatre,2027-02-06,2027-02-21,info@thumbcoasttheaters.com,Production,"560 S Water Street, Marine City, MI 48039",Marine City,MI,48039,US,http://riverbanktheatre.com,810-278-1749,https://www.facebook.com/thumbcoasttheaters/,https://www.instagram.com/thumbcoasttheaters/,MTI,https://www.mtishows.com/shows,extended run,Non-Professional,2026-08-18
"Almost, Maine",Strand Center Theater,Strand Center Theater,2027-02-06,2027-02-07,info@artistrytheatre.org,Production,"25 Brinkerhoff St, Plattsburgh, NY",Plattsburgh,NY,,US,http://artistrytheatre.org,,,,CONCORD,https://www.concordtheatricals.com/p/12954/almost-maine,performance run,Amateur,2026-08-18
Roald Dahl's Charlie And The Chocolate Factory Jr.,The Railpath Arts Centre,Factory Theatre,2027-02-06,2027-02-06,boxoffice@factorytheatre.ca,Production,"125 Bathurst St, Toronto, ON M5V 2R2, CA",Toronto,ON,M5V 2R2,CA,http://www.factorytheatre.ca/,(416) 504-4473,http://www.facebook.com/pages/Factory-Theatre/214822535223760,https://www.instagram.com/factorytheatre/,MTI,https://www.mtishows.com/shows,performance run,Non-Professional,2026-08-18
Roald Dahl's Matilda The Musical Jr,British School Of Washington,British School Of Washington,2027-02-10,2027-02-11,admissions@biswashington.org,Production,"2001 Wisconsin Ave. Nw, Washington, DC 20007",Washington,DC,20007,US,http://www.biswashington.org,+1 202 829 3700,https://www.facebook.com/BISWSchool/,https://www.instagram.com/bis_washington/,MTI,https://www.mtishows.com/shows,performance run,School,2026-08-26
Seussical Jr.,Denver Jewish Day School,Denver Jewish Day School,2027-02-10,2027-02-10,info@denverjds.org,Production,"2450 S Wabash St, Denver, CO 80231",Denver,CO,80231,US,https://www.denverjds.org/,(303) 369-0663,https://www.facebook.com/denverjds,https://www.instagram.com/denverjewishdayschool/,MTI,https://www.mtishows.com/shows,performance run,Non-Professional,2026-08-28
The Great Gatsby,E.A. Rawlinson Centre,E.A. Rawlinson Centre,2027-02-10,2027-02-13,cityclerk@citypa.com,Production,"142 12th Street West, Prince Albert, SK, CA",Prince Albert,SK,,CA,http://www.earawlinsoncentre.ca,(306) 953-4884,https://www.facebook.com/CityofPA/,https://www.instagram.com/cityofprincealbert/,CONCORD,https://www.concordtheatricals.com/p/98429/the-great-gatsby,performance run,Amateur,2026-08-18
How To Train Your Dragon The Musical Jr.,Ecole Central School Of The Arts,North Peace Cultural Centre,2027-02-10,2027-02-11,reception@npcc.bc.ca,Production,"10215 99 Ave, Fort St John, BC V1J 1V5, CA",Fort St John,BC,V1J 1V5,CA,http://npcc.bc.ca,(250) 785-1992,https://www.facebook.com/north.peace.cultural.centre/,https://www.instagram.com/north_peace_cultural_centre/,MTI,https://www.mtishows.com/shows,performance run,School,2026-08-18
Annie Jr,Mcdonogh Middle School,"Mcdonogh School, Incorporated.",2027-02-10,2027-02-11,aftercare@mcdonogh.org,Production,"8600 Mcdonogh Rd, Owings Mills, MD 21117-1009",Owings Mills,MD,21117-1009,US,http://www.mcdonogh.org,(410) 363-0600,https://www.facebook.com/mcdonogh.school,https://www.instagram.com/McDonoghSchool,MTI,https://www.mtishows.com/shows,performance run,Non-Professional,2026-08-18
Mamma Mia!,St Peter Catholic Secondary School,Showplace Performance Centre,2027-02-10,2027-02-13,boxoffice@showplace.org,Production,"290 George St. N., Peterborough, ON K9J 6Y8, CA",Peterborough,ON,K9J 6Y8,CA,http://www.showplace.org,(705) 742-7469,https://www.facebook.com/PtboShowplace/,https://www.instagram.com/ptboshowplace/,MTI,https://www.mtishows.com/shows,performance run,School,2026-08-18
Disney's Moana Jr.,Blackfoot Community Players,Nuart,2027-02-11,2027-02-22,info@blackfootcommunityplayers.com,Production,"195 N. Broadway, 875 South Fisher, Blackfoot, ID 83221",Blackfoot,ID,83221,US,http://blackfootcommunityplayers.com,+12085573369,https://www.facebook.com/Blackfootcommunityplayers,https://www.instagram.com/blackfootcommunityplayers/,MTI,https://www.mtishows.com/shows,performance run,Non-Professional,2026-08-18
Trolls The Musical Jr.,Horace Mann Middle School,West Virginia State University,2027-02-11,2027-02-13,academicaffairs@wvstateu.edu,Production,"Po Box 1000, Institute, WV 25112",Institute,WV,25112,US,https://www.wvstateu.edu/,(304) 766-3000,https://www.facebook.com/wvstateu,https://www.instagram.com/wvsu_official/,MTI,https://www.mtishows.com/shows,performance run,Non-Professional,2026-08-18
Disney's The Little Mermaid,Londonderry High School,Derry Opera House,2027-02-11,2027-02-13,office@derryartscouncil.org,Production,"29 West Broadway, Derry, NH 03038",Derry,NH,3038,US,http://derryoperahouse.org,+16034042928,https://www.facebook.com/ArtsOnWestBroadway,https://www.instagram.com/derryoperahouse/,MTI,https://www.mtishows.com/shows,performance run,School,2026-08-18
The 25th Annual Putnam County Spelling Bee,Morningside College,Klinger-neal Theatre,2027-02-11,2027-02-21,diana.wooley@gmail.com,Production,"1501 Morningside, Sioux City, IA 51106",Sioux City,IA,51106,US,http://www.lambtheatre.com,(712) 251-3014,https://www.facebook.com/LAMBTheatre,https://www.instagram.com/lambtheatresc,MTI,https://www.mtishows.com/shows,performance run,School,2026-08-18
The 25th Annual Putnam County Spelling Bee,Music Theater Heritage,Musical Theater Heritage,2027-02-11,2027-02-28,boxoffice@mthkc.com,Production,"2450 Grand, Ste 301, Kansas City, MO 64108",Kansas City,MO,64108,US,http://www.mthkc.com,(816) 221-6987,https://www.facebook.com/mthTheater,https://www.instagram.com/mththeater/,MTI,https://www.mtishows.com/shows,extended run,Professional,2026-08-18
Disney's Frozen Kids,Norwood School,Norwood School,2027-02-11,2027-02-12,info@norwoodschool.org,Production,"8821 River Road, Bethesda, MD 20817",Bethesda,MD,20817,US,http://www.norwoodschool.org,(301) 365-2595,https://www.facebook.com/NorwoodSchool,https://www.instagram.com/norwoodschoolbethesda/,MTI,https://www.mtishows.com/shows,performance run,Non-Professional,2026-08-18
Dear Evan Hansen,Ponderosa Players,Ponderosa Playhouse,2027-02-11,2027-03-07,info@ponderosaplayers.com,Production,"211 Ne Revere Ave, Ste #4, Bend, OR 97701",Bend,OR,97701,US,http://www.ponderosaplayers.com,(541) 410-1487,https://www.facebook.com/profile.php,https://www.instagram.com/ponderosaplayers/,MTI,https://www.mtishows.com/shows,extended run,Non-Professional,2026-08-18
Disney's Alice In Wonderland Jr.,Sugar Creek Players,Vanity Theater,2027-02-11,2027-02-21,thevanitytheater@sugarcreekplayers.org,Production,"122 S Washington Street, Crawfordsvle, IN",Crawfordsvle,IN,,US,http://www.sugarcreekplayers.org,(765) 367-6702,https://www.facebook.com/VanityTheater,https://www.instagram.com/thevanitytheater/,MTI,https://www.mtishows.com/shows,performance run,Non-Professional,2026-08-18
Disney's The Lion King Jr,Tg Scott Elementary,Monroe County Schools Fine Arts Cen,2027-02-11,2027-02-12,monroe.messages@mcschools.org,Production,"27 Brooklyn Avenue, Forsyth, GA 31029",Forsyth,GA,31029,US,https://www.monroe.k12.ga.us/page/monroe-county-fine-arts-center,(478) 994-2031,https://www.facebook.com/monroeschools1929/,https://www.instagram.com/,MTI,https://www.mtishows.com/shows,performance run,School,2026-08-18
Tootsie,Tri-m (millennial Music Makers) Productions,Millennial Music Makers Productions,2027-02-11,2027-02-21,marilynpearlbarnes@gmail.com,Production,"1119 S Luna Cir, Santa Fe, NM 87501-1627",Santa Fe,NM,87501-1627,US,https://trimsantafe.org,(505) 670-4854,https://www.facebook.com/TriMProductions,https://www.instagram.com/trimsantafe/,MTI,https://www.mtishows.com/shows,performance run,Non-Professional,2026-08-18
The Last Five Years,Vermillion Players,Eagle Performing Arts And Conferenc,2027-02-11,2027-02-14,vermillionplayersinc@gmail.com,Production,"319 N Plum, Pontiac, IL 61764",Pontiac,IL,61764,US,http://www.vermillionplayers.com,,//facebook.com/vermillionplayers,//instagram.com/vermillionplayers,MTI,https://www.mtishows.com/shows,performance run,Non-Professional,2026-08-18
Bat Boy: The Musical,Walnut Hills High School Auditorium,Walnut Hills High School Auditorium,2027-02-11,2027-02-13,agnellt@cpsboe.k12.oh.us,Production,"3250 Victory Parkway, Cincinnati, OH",Cincinnati,OH,,US,http://www.walnuthillseagles.com,(513) 363-8400,,,CONCORD,https://www.concordtheatricals.com/p/13042/bat-boy-the-musical,performance run,Amateur,2026-08-23
Guys And Dolls,Chugiak And Eagle River High School Drama,Steve Primis Auditorium,2027-02-12,2027-02-20,cerdrama@gmail.com,Production,"16525 S Birchwood Loop Rd., Chugiak, AK 99567",Chugiak,AK,99567,US,http://cerdrama.com,(907) 854-2579,,,MTI,https://www.mtishows.com/shows,performance run,School,2026-08-18
Frozen,Colchester Community Theatre,Colchester Community Theatre,2027-02-12,2027-02-14,info@colchestercommunitytheatre.com,Production,"611 Norwich Avenue, Colchester, CT 06415",Colchester,CT,6415,US,http://www.colchestercommunitytheatre.com,,https://www.facebook.com/ColchesterCommunityTheatre,https://www.instagram.com/colchestercommunitytheatre/,MTI,https://www.mtishows.com/shows,performance run,Non-Professional,2026-08-18
Pippin,Hawken Upper School,Hawken Upper School,2027-02-12,2027-05-22,admissions@hawken.edu,Production,"12465 County Line Rd., Gates Mills, OH 44040",Gates Mills,OH,44040,US,http://hawken.edu,(440) 423-4446,http://www.facebook.com/HawkenSchool,https://www.instagram.com/hawkenschool/,MTI,https://www.mtishows.com/shows,extended run,School,2026-08-18
Come From Away,Keyano College,Keyano College Theatre,2027-02-12,2027-02-20,boxoffice@keyano.ca,Production,"8115 Franklin Avenue, Fort Mcmurray, AB T9H 2H7, CA",Fort Mcmurray,AB,T9H 2H7,CA,http://www.keyano.ca/theatre,(780) 791-4800,https://www.facebook.com/keyanocollege,https://www.instagram.com/keyanocollege/,MTI,https://www.mtishows.com/shows,performance run,School,2026-08-18
A Chorus Line,Lyric Stage Studios,Lyric Stage Studios,2027-02-12,2027-02-28,lyricstageinc@gmail.com,Production,"1170 Quaker St, Dallas, TX",Dallas,TX,,US,http://lyricstage.org,214-871-5000,https://www.facebook.com/lyricstage,https://www.instagram.com/lyricstagedallas/,CONCORD,https://www.concordtheatricals.com/p/44602/a-chorus-line,extended run,Professional,2026-08-27
Eurydice,Open Space Event Studios,Open Space Event Studios,2027-02-12,2027-02-21,info@openspace.studio,Production,"220 NE Lafayette Ave, Bend, OR",Bend,OR,,US,http://openspace.studio,(541) 410-5866,https://www.facebook.com/Open-Space-Event-Studio-102039204526916/,https://www.instagram.com/openspaceeventstudio/,CONCORD,https://www.concordtheatricals.com/p/2949/eurydice,performance run,Amateur,2026-08-18
August Wilson's Ma Rainey's Black Bottom,RiverTowne Repertory Theatre,RiverTowne Repertory Theatre,2027-02-12,2027-02-21,nbrivertowneplayers@gmail.com,Production,"514 Hancock Street, New Bern, NC",New Bern,NC,,US,http://www.rivertowneplayers.org,(252) 633-3318,https://www.facebook.com/RiverTownePlayers/,http://instagram.com/rivertowneplayers,CONCORD,https://www.concordtheatricals.com/p/5002/august-wilson-s-ma-rainey-s-black-bottom,performance run,Amateur,2026-08-18
Shrek The Musical Jr,Strathcona County,Festival Place - Strathcona County,2027-02-12,2027-02-15,festivalplaceboxoffice@strathcona.ca,Production,"100 Festival Way, Sherwood Park, AB T8A 5T2, CA",Sherwood Park,AB,T8A 5T2,CA,https://festivalplace.ca/,780-464-2852,https://www.facebook.com/FestivalPlaceSP,https://www.instagram.com/festivalplacesp,MTI,https://www.mtishows.com/shows,performance run,Non-Professional,2026-08-18
August Wilson's Joe Turner's Come and Gone,The Gallo Center for the Performing Arts,The Gallo Center for the Performing Arts,2027-02-12,2027-02-13,info@galloarts.org,Production,"1000 I Street, Modesto, CA",Modesto,CA,,US,http://galloarts.org,(209) 338-2100,https://www.facebook.com/gallocenterforthearts,https://www.instagram.com/galloarts/,CONCORD,https://www.concordtheatricals.com/p/3856/august-wilson-s-joe-turner-s-come-and-gone,performance run,Amateur,2026-08-21
Daddy Long Legs,Wilkes Playmakers,Benton Hall,2027-02-12,2027-02-14,information@wilkesplaymakers.com,Production,"300 D Street, North Wilkesboro, NC 28659",North Wilkesboro,NC,28659,US,http://www.wilkesplaymakers.com,+ 336-838-7529,https://www.facebook.com/WilkesPlaymakers,https://www.instagram.com/wilkes.playmakers/,MTI,https://www.mtishows.com/shows,performance run,Non-Professional,2026-08-18
Alice By Heart,Willoughby South High School,The Performing Arts Center,2027-02-12,2027-02-14,south.yearbook@weschools.org,Production,"34101 Stevens Blvd, Eastlake, OH 44095",Eastlake,OH,44095,US,https://www.weschools.org/southhighschool_home.aspx,(440) 975-3648,https://www.facebook.com/WilloughbySouthHS,https://www.instagram.com/willoughbyshs/,MTI,https://www.mtishows.com/shows,performance run,School,2026-08-26
Disney's Finding Nemo Jr.,Woodrow Wilson Academy,Woodrow Wilson Academy,2027-02-12,2027-02-12,info@wwacademy.org,Production,"8300 W 94th Ave, Westminster, CO 80021",Westminster,CO,80021,US,http://wwacademy.org,303-431-3694,https://www.facebook.com/WoodrowWilsonAcademy/,,MTI,https://www.mtishows.com/shows,performance run,School,2026-08-18
Dear Evan Hansen,The Ruth Theater,Smith Grand Theater,2027-02-15,2027-03-27,mail@haletheater.org,Production,"401 S Pleasant Grove Blvd, Pleasant Grove, UT 84062",Pleasant Grove,UT,84062,US,http://www.theruth.org,(801) 226-8600,https://www.facebook.com/ruthandnathanhaletheater,https://www.instagram.com/theruth/,MTI,https://www.mtishows.com/shows,extended run,Non-Professional,2026-08-18
Urinetown,Neptune Theatre School,Neptune Theatre Studio,2027-02-16,2027-02-28,agent@neptunetheatre.com,Production,"1593 Argyle Street, Halifax, NS B3J 2B2, CA",Halifax,NS,B3J 2B2,CA,http://www.neptunetheatre.com,(902) 429-7070,https://www.facebook.com/neptunetheatre,https://www.instagram.com/NeptuneTheatre/,MTI,https://www.mtishows.com/shows,performance run,Non-Professional,2026-08-18
Don't Let The Pigeon Drive The Bus,Kings College,Maffei Theatre,2027-02-17,2027-02-21,williamskaggs@kings.edu,Production,"133 N River St, Wilkes Barre, PA 18711",Wilkes Barre,PA,18711,US,http://www.kings.edu,,https://www.facebook.com/kingscollegepa,https://www.instagram.com/kingscollegepa/,MTI,https://www.mtishows.com/shows,performance run,School,2026-08-18
9 To 5,Loomis Chaffee School,Loomis Chaffee School,2027-02-17,2027-02-20,academic_office@loomis.org,Production,"Batchelder Road, Windsor, CT 06095",Windsor,CT,6095,US,http://www.loomis.org,(860) 687-6000,https://www.facebook.com/loomischaffee,https://www.instagram.com/loomischaffee/,MTI,https://www.mtishows.com/shows,performance run,School,2026-08-18
Schoolhouse Rock Live! Jr,Artios Academies Of Gwinnett,Mountain Park Baptist Church,2027-02-18,2027-02-20,kharvie@artiosacademies.com,Production,"5485 Five Forks Tricum Rd, Stone Mountain, GA 30087",Stone Mountain,GA,30087,US,http://artiosacademies.com/gwinnett,(470) 336-4005,https://www.facebook.com/artioscommunity/,https://www.instagram.com/artiosacademies/,MTI,https://www.mtishows.com/shows,performance run,School,2026-08-18
Seussical Jr.,Chaparral Middle School,Chaparral Middle School,2027-02-18,2027-02-19,info@flickingercenter.com,Organizations,"280 Poindexter Rd, Moorpark, CA 93021",Moorpark,CA,93021,US,,,,,MTI,https://www.mtishows.com/shows,performance run,Non-Professional,2026-08-19
American Idiot,Chapman University,Musco Center For The Arts,2027-02-18,2027-02-20,ticketing@chapman.edu,Production,"One University Drive, Orange, CA 92866",Orange,CA,92866,US,http://muscocenter.org/,(714) 997-6812,https://www.facebook.com/MuscoCenterfortheArts/,https://www.instagram.com/MuscoCenter/,MTI,https://www.mtishows.com/shows,performance run,School,2026-08-18
Trolls The Musical Jr.,Hammond Eastside Elementary Magnet Perf Arts Sch,Hammond Eastside Magnet,2027-02-18,2027-02-19,questions@tangischools.org,Production,"Attn: Elyse Perrick Performing Arts, 45050 River Road, Hammond, LA 70401",Hammond,LA,70401,US,http://www.tangischools.org,(855) 452-5437,https://www.facebook.com/Tangischools/,https://www.instagram.com/tangischools/,MTI,https://www.mtishows.com/shows,performance run,School,2026-08-19
Mean Girls,Newark High School,Newark High School,2027-02-18,2027-02-20,csd-schoolboard@christina.k12.de.us,Production,"750 East Delaware Avenue, Newark, DE 19711",Newark,DE,19711,US,http://www.christina.k12.de.us/en2/schools_district/school_pages,(302) 552-2600,http://www.facebook.com/ChristinaK12,https://www.instagram.com/Christina.K12,MTI,https://www.mtishows.com/shows,performance run,School,2026-08-18
Disney's The Little Mermaid,Oakridge School,Performance Hall,2027-02-18,2027-02-20,mburgy@theoakridgeschool.org,Production,"5900 West Pioneer Parkway, Arlington, TX 76013",Arlington,TX,76013,US,http://theoakridgeschool.org,(817) 451-4994,https://www.facebook.com/,https://www.instagram.com/theoakridgeschool/,MTI,https://www.mtishows.com/shows,performance run,School,2026-08-18
Singin' In The Rain,Renaissance Arts Center Inc,Historic Wilson Theatre,2027-02-18,2027-02-27,wilsontheatrearts@gmail.com,Production,"610 Fremont, Rupert, ID 83350",Rupert,ID,83350,US,http://www.historicwilsontheatre.com,(208) 436-2787,https://www.facebook.com/HistoricWilsonTheatre,https://www.instagram.com/historicwilsontheatre/,MTI,https://www.mtishows.com/shows,performance run,Non-Professional,2026-08-19
Alice By Heart,Riverdale Country School {upper},"Jeslo Harris Theatre, Riverdale Cs",2027-02-18,2027-02-20,lsadmission@riverdale.edu,Production,"5250 Fieldson Road, Bronx, NY 10471",Bronx,NY,10471,US,http://www.riverdale.edu,(718) 549-7780,https://www.facebook.com/riverdalecountryschool/,https://www.instagram.com/riverdalecs/,MTI,https://www.mtishows.com/shows,performance run,School,2026-08-21
Treasure Island: A New Adventure,The Dixie Center for the Arts,The Dixie Center for the Arts,2027-02-18,2027-02-21,rcttheatre@gmail.com,Production,"212 North Vienna Street, Ruston, LA",Ruston,LA,,US,http://www.rctruston.org,(318) 595-0872,https://www.facebook.com/RustonCommunityTheatre/,https://www.instagram.com/RCTRuston,CONCORD,https://www.concordtheatricals.com/p/99548/treasure-island-a-new-adventure,performance run,Amateur,2026-08-18
Annie Jr,Tupelo Christian Preperatory School,Tcps Auditorium,2027-02-18,2027-02-21,info@tcpsteachers.com,Production,"5436 Endville Rd, Belden, MS 38826",Belden,MS,38826,US,http://www.tcps.net,(662) 844-8604,https://www.facebook.com/TCPS-Tupelo-Christian-Preparatory-School-479289285414641,https://www.instagram.com/tcps_eagles/,MTI,https://www.mtishows.com/shows,performance run,Non-Professional,2026-08-18
Next To Normal,Univ Of South Dakota,Wayne S Knutson Theatre,2027-02-18,2027-02-21,theatre@usd.edu,Production,"414 East Clark Street, Vermillion, SD 57069",Vermillion,SD,57069,US,http://www.usd.edu/theatre,(605) 658-3485,https://www.facebook.com/pages/MidWest-Theatre-Auditions/371500489527988,https://www.instagram.com/usouthdakota/,MTI,https://www.mtishows.com/shows,performance run,School,2026-08-18
Disney's Aristocats Kids,Act 1 Inc,Act I Studio,2027-02-19,2027-02-20,kristyn.montgomery@gmail.com,Production,"81 Peeples Valley Road, Cartersville, GA 30120-3331",Cartersville,GA,30120-3331,US,http://www.allstarstheatre.org,,https://www.facebook.com/allstarstheatre,https://www.instagram.com/p/DcEgtF2xhXw/,MTI,https://www.mtishows.com/shows,performance run,Non-Professional,2026-08-19
Trolls The Musical Jr.,Beat Quality Youth Theatre,Summit High School,2027-02-19,2027-02-21,info@openspace.studio,Production,"2855 Nw Clearwater Dr, Bend, OR 97701",Bend,OR,97701,US,http://openspace.studio,(541) 410-5866,https://www.facebook.com/Open-Space-Event-Studio-102039204526916/,https://www.instagram.com/openspaceeventstudio/,MTI,https://www.mtishows.com/shows,performance run,Non-Professional,2026-08-18
Into The Woods,Bishops School,Taylor Performing Arts Center,2027-02-19,2027-02-26,news@bishops.com,Production,"7607 La Jolla Boulevard, La Jolla, CA 92037",La Jolla,CA,92037,US,http://www.bishops.com,(858) 459-4021,https://www.facebook.com/the.bishops.school,https://www.instagram.com/the_bishops_school/,MTI,https://www.mtishows.com/shows,performance run,School,2026-08-18
Disney's Descendants,Bonnie Branch Middle School,The Kenny Bourgoin Theater,2027-02-19,2027-02-21,lisa_smithson@hcpss.org,Production,"4979 Ilchelster Road, Ellicott City, MD 21043",Ellicott City,MD,21043,US,http://bbms.hcpss.org,(410) 313-2580,,,MTI,https://www.mtishows.com/shows,performance run,Non-Professional,2026-08-18
Peter And The Starcatcher,Canterbury School - Upper/high School,Canterbury High School,2027-02-19,2027-02-20,lfager@canterburyschool.org,Production,"3210 Smith Road, Fort Wayne, IN 46804",Fort Wayne,IN,46804,US,http://www.canterburyschool.org,(260) 432-7776,https://www.facebook.com/CanterburySchoolFW,https://instagram.com/canterburyschoolfw,MTI,https://www.mtishows.com/shows,performance run,School,2026-08-20
Mean Girls,Hill School,Center For The Arts,2027-02-19,2027-02-21,jkenline@thehill.org,Production,"760 Beech Street, Pottstown, PA 19464",Pottstown,PA,19464,US,http://thehill.org,(610) 326-1000,https://www.facebook.com/thehillschool/,https://www.instagram.com/thehillschool/,MTI,https://www.mtishows.com/shows,performance run,School,2026-08-18
The Music Man Jr,Mt Logan Middle School,Mount Logan M.s. Auditorium,2027-02-19,2027-02-27,shelly.nielsen@loganschools.org,Production,"875 North 200 East, Logan, UT 84321",Logan,UT,84321,US,http://mlms.loganschools.org,(435) 755-2370,,,MTI,https://www.mtishows.com/shows,performance run,Non-Professional,2026-08-18
Little Women,Ovation West Performing Arts,Center Stage,2027-02-19,2027-03-21,info@ovationwest.org,Production,"27608 Fireweed Drive, Evergreen, CO 80439",Evergreen,CO,80439,US,http://www.ovationwest.org,(555) 555-5555,https://facebook.com/,https://instagram.com/ovationwest,MTI,https://www.mtishows.com/shows,extended run,Non-Professional,2026-08-18
Sylvia,Sitnik Theatre Lackland Center,Sitnik Theatre Lackland Center,2027-02-19,2027-03-07,info@centenarystageco.org,Production,"715 Grand Ave, Hackettstown, NJ",Hackettstown,NJ,,US,http://www.centenarystageco.org,908 979 0900,https://www.facebook.com/centenary.stagecompany,https://www.instagram.com/centenarystage/,CONCORD,https://www.concordtheatricals.com/p/99861/sylvia,extended run,Professional,2026-08-18
Mamma Mia!,St Andrews Episcopal School,St Andrews Episcopal,2027-02-19,2027-02-21,admission@gosaints.org,Organizations,"8804 Postoak Road, Potomac, MD 20854",Potomac,MD,20854,US,,,,,MTI,https://www.mtishows.com/shows,performance run,School,2026-08-18
Enchanted April,St. Marks Episcopal Church,St. Marks Episcopal Church,2027-02-19,2027-03-06,info@stmarksplayers.org,Production,"301 A St. SE, Washington, DC",Washington,DC,,US,http://www.stmarksplayers.org,(202) 854-9199,https://www.facebook.com/stmarksplayers,http://instagram.com/stmarksplayers,CONCORD,https://www.concordtheatricals.com/p/7529/enchanted-april,extended run,Amateur,2026-08-18
Urinetown,Tower Hill School,Tower Hill School,2027-02-19,2027-02-21,tcollurafici@towerhill.org,Production,"2813 West 17th Street, Wilmington, DE 19806",Wilmington,DE,19806,US,http://www.towerhill.org,(302) 575-0550,https://www.facebook.com/THSDE,https://instagram.com/towerhillschool/,MTI,https://www.mtishows.com/shows,performance run,School,2026-08-18
Nana's Naughty Knickers,Washington Township Community Hall,Washington Township Community Hall,2027-02-19,2027-02-21,bptp1993@gmail.com,Production,"673 Penfield St, Beecher, IL",Beecher,IL,,US,http://www.beecherparttimeplayers.com,,,,CONCORD,https://www.concordtheatricals.com/p/642/nana-s-naughty-knickers,performance run,Amateur,2026-08-18
Roald Dahl's Matilda The Musical Jr,Webster City Community Theater,Webster City Community Theatre,2027-02-19,2027-02-28,wcctboxoffice@gmail.com,Production,"1001 Wilson Avenue, Po Box 272, Webster City, IA 50595",Webster City,IA,50595,US,http://www.webstercitycommunitytheatre.org,(515) 832-4456,,,MTI,https://www.mtishows.com/shows,performance run,Non-Professional,2026-08-18
Young Frankenstein,Westmoreland Players,Westmoreland Players Theatre,2027-02-19,2027-03-07,tickets@westmorelandplayers.org,Production,"16217 Richmond Road (route 360), P. O. Box 253, Callao, VA 22435",Callao,VA,22435,US,http://www.westmorelandplayers.org,(804) 529-9345,https://www.facebook.com/thewestmorelandplayers,https://www.instagram.com/westmorelandplayers/,MTI,https://www.mtishows.com/shows,extended run,Non-Professional,2026-08-18
Into The Woods Jr,Dayton Jewish Community Center,Pnc Arts Annex,2027-02-20,2027-02-21,jewishdayton@gmail.com,Production,"46 W. 2nd St., Dayton, OH 45402",Dayton,OH,45402,US,http://jewishdayton.org,(937) 610-1555,https://www.facebook.com/jewishdayton525,https://www.instagram.com/jewishdayton/,MTI,https://www.mtishows.com/shows,performance run,Non-Professional,2026-08-18
Peter Pan Jr,Opening Night Theater,Colony Theatre,2027-02-20,2027-02-20,boxoffice@colonytheatre.org,Production,"555 N 3rd St, Burbank, CA 91502",Burbank,CA,91502,US,http://www.colonytheatre.org,(818) 558-7000,https://www.facebook.com/TheColonyTheatre,https://www.instagram.com/colonytheatre/,MTI,https://www.mtishows.com/shows,performance run,Non-Professional,2026-08-18
A Year With Frog And Toad- Tya,The Admiral Theatre,The Admiral Theatre Foundation,2027-02-20,2027-02-23,info@admiraltheatre.org,Production,"515 Pacific Avenue, Bremerton, WA 98337",Bremerton,WA,98337,US,http://www.admiraltheatre.org,360-373-6743,https://www.facebook.com/admiraltheatre,https://www.instagram.com/admiral_theatre,MTI,https://www.mtishows.com/shows,performance run,Non-Professional,2026-08-18
Disney's Beauty And The Beast Jr,Charlottesville Day School,Charlottesville Day School,2027-02-21,2027-02-21,info@charlottesvilledayschool.org,Production,"320 10th St. Ne, Charlottesville, VA 22902",Charlottesville,VA,22902,US,http://www.charlottesvilledayschool.org/,(434) 817-2371,https://www.facebook.com/Charlottesville-Day-School-295705153777205/,https://www.instagram.com/cvilledayschool/,MTI,https://www.mtishows.com/shows,performance run,School,2026-08-18
The 25th Annual Putnam County Spelling Bee,Nanaimo Theatre Group,Bailey Studio,2027-02-21,2027-03-13,nanaimotheatregroup@gmail.com,Production,"2373 Rosstown Rd, Nanaimo, BC V9T 3R6, CA",Nanaimo,BC,V9T 3R6,CA,http://www.nanaimotheatregroup.ca,(250) 758-7224,https://www.facebook.com/nanaimotheatregroup,,MTI,https://www.mtishows.com/shows,extended run,Non-Professional,2026-08-18
Annie Jr,Austin Jewish Academy,Austin Jewish Community Day School,2027-02-22,2027-02-23,reception@ajaschool.org,Production,"7300 Hart Lane, Austin, TX 78731",Austin,TX,78731,US,http://www.austinjewishacademy.org,(512) 735-8350,https://www.facebook.com/AustinJewishAcademy,https://www.instagram.com/austinjewishacademy/,MTI,https://www.mtishows.com/shows,performance run,Non-Professional,2026-08-26
Les Miserables,Coachella Valley Repertory,Cv Rep Theatre,2027-02-24,2027-03-21,boxoffice@cvrep.org,Production,"69930 Highway 111, Suite 116, Rancho Mirage, CA 92270",Rancho Mirage,CA,92270,US,http://www.cvrep.org,(760) 296-2966,https://www.facebook.com/CVRep,https://www.instagram.com/coachellavalleyrepertory/,MTI,https://www.mtishows.com/shows,extended run,Professional,2026-08-24
Disney's Lion King Kids,Harrison Elementary School,Harrison Elementary School,2027-02-24,2027-02-26,anthony.moss@ops.org,Production,"5304 Hamilton Street, Omaha, NE 68132",Omaha,NE,68132,US,https://www.ops.org/harrison,(531) 299-1540,https://www.facebook.com/OPSHarrisonElementary,https://www.instagram.com/OPS_HarrisonElementary,MTI,https://www.mtishows.com/shows,performance run,School,2026-08-18
Seussical Jr.,Tolman Elementary,Auditorium at Tolman Elementary,2027-02-24,2027-02-27,amananderson@dsdmail.net,Production,"300 East 1200 North, Bountiful, UT 84010",Bountiful,UT,84010,US,http://www.davis.k12.ut.us/domain/5059,(801) 402-1900,https://www.facebook.com/profile.php,https://www.instagram.com/tolmanelem/,MTI,https://www.mtishows.com/shows,performance run,School,2026-08-18
Disney's Dare To Dream Jr,Atlantic Shores Christian School Secondary Campus,New Life Church,2027-02-25,2027-02-26,ascssupport@shoreschristian.org,Production,"1244 Thompkins Ln, Virginia Beach, VA 23464",Virginia Beach,VA,23464,US,http://www.shoreschristian.org,757-479-1125,https://www.facebook.com/ascsseahawks/,https://www.instagram.com/atlanticshoreschristianschool/,MTI,https://www.mtishows.com/shows,performance run,School,2026-08-25
Mamma Mia!,Basis Chandler Charter School,Basis Chandler Charter School,2027-02-25,2027-02-27,enrollment@enrollbasis.com,Production,"4825 S Arizona Ave, Chandler, AZ 85248",Chandler,AZ,85248,US,https://enrollbasis.com/chandler/,(480) 907-6072,https://www.facebook.com/BASISChandler/,https://www.instagram.com/basischandler,MTI,https://www.mtishows.com/shows,performance run,School,2026-08-18
Seussical,Bellefonte Area Middle School,Bellefonte Area Amiddle School,2027-02-25,2027-02-28,publiccomment@basd.net,Production,"100 North School Street, Bellefonte, PA 16823",Bellefonte,PA,16823,US,http://www.basd.net,(814) 355-4814,https://www.facebook.com/profile.php,https://www.instagram.com/bellefonte.schools,MTI,https://www.mtishows.com/shows,performance run,Non-Professional,2026-08-18
Dear Evan Hansen,Calhoun Community College,Alabama Center For The Arts,2027-02-25,2027-02-28,jonathan.anderson@calhoun.edu,Production,"133 2nd Avenue Ne, Decatur, AL 35601",Decatur,AL,35601,US,http://www.calhoun.edu/theatre,(256) 306-2500,https://www.facebook.com/CalhounCollege/,https://www.instagram.com/calhoun_college/,MTI,https://www.mtishows.com/shows,performance run,School,2026-08-18
Shrek The Musical Jr,Calhoun School,Calhoun School,2027-02-25,2027-02-26,info@calhoun.org,Production,"433 West End Ave, Manhattan, NY 10024",Manhattan,NY,10024,US,http://www.calhoun.org,(212) 497-6500,https://www.facebook.com/calhounschool/,https://www.instagram.com/calhounschool/,MTI,https://www.mtishows.com/shows,performance run,School,2026-08-18
"You're A Good Man, Charlie Brown (Revised)",First Baptist Academy,First Baptist Academy,2027-02-25,2027-02-27,info@fbaofallon.org,Organizations,"3000 Orange Blossom Drive, Naples, FL",Naples,FL,,US,,,,,CONCORD,https://www.concordtheatricals.com/p/65775/you-re-a-good-man-charlie-brown-revised,performance run,Amateur,2026-08-23
Sister Act,Indian River Charter High School,Indian River Charter High School,2027-02-25,2027-02-27,barbara.alderman@irchs.org,Production,"6055 College Ln, 6055 College Ln, Vero Beach, FL 32966",Vero Beach,FL,32966,US,http://irchs.org,(772) 567-6600,https://www.facebook.com/IRCharter/,https://www.instagram.com/irchs,MTI,https://www.mtishows.com/shows,performance run,School,2026-08-18
Into The Woods,Lake City High School,Lake City High School,2027-02-25,2027-03-06,dbell@cdaschools.org,Production,"6101 Ramsey Road, Coeur D Alene, ID 83815",Coeur D Alene,ID,83815,US,https://www.onthestage.tickets/lake-city-high-school,,https://www.facebook.com/TroupeDeWolfe,https://www.instagram.com/lakecity_drama/,MTI,https://www.mtishows.com/shows,performance run,School,2026-08-18
Ken Ludwig's Lend Me a Soprano,"Liberty Center Association for the Arts, Inc.","Liberty Center Association for the Arts, Inc.",2027-02-25,2027-02-28,boxoffice@libertycentersedalia.com,Production,"111 W 5th st, Sedalia, MO",Sedalia,MO,,US,http://libertycentersedalia.com,(660) 827-3228,http://www.facebook.com/libertycentersedalia,http://instagram.com/lcaasedalia,CONCORD,https://www.concordtheatricals.com/p/95691/ken-ludwig-s-lend-me-a-soprano,performance run,Amateur,2026-08-18
Rodgers + Hammerstein's Cinderella (Broadway Version),Liberty Christian School,LIBERTY CHRISTIAN SCHOOL,2027-02-25,2027-02-28,amy.mauldin@mylcs.com,Production,"1301 US377, ARGYLE, TX",ARGYLE,TX,,US,http://www.libertychristian.com,(940) 294-2000,http://www.facebook.com/libertychristianschool,https://www.instagram.com/liberty_christian_argyle/,CONCORD,https://www.concordtheatricals.com/p/65836/rodgers-hammerstein-s-cinderella-broadway-version,performance run,Amateur,2026-08-18
Disney's The Little Mermaid,Marcos De Niza High School,Mdn Auditorium,2027-02-25,2027-02-27,mdndrama@gmail.com,Production,"6000 S Lakeshore Dr, Tempe, AZ 85283",Tempe,AZ,85283,US,http://www.mdntheatre.com,,//facebook.com/mdntheatre,//instagram.com/mdndrama,MTI,https://www.mtishows.com/shows,performance run,Non-Professional,2026-08-18
She Kills Monsters,Mitchell Theatre,Mitchell Theatre,2027-02-25,2027-03-07,info@theatre.wisc.edu,Production,"821 University Avenue, Madison, WI",Madison,WI,,US,http://www.theatre.wisc.edu,(608) 263-2329,https://www.facebook.com/utmadison,https://www.instagram.com/uwtheatre/,CONCORD,https://www.concordtheatricals.com/p/8807/she-kills-monsters,performance run,Amateur,2026-08-18
Shrek The Musical Jr,Northeast Middle School,Northeast Middle School,2027-02-25,2027-02-27,webmaster@basdschools.org,Production,"1170 Fernwood St, Bethlehem, PA 18018",Bethlehem,PA,18018,US,http://www.beth.k12.pa.us/schools/northeast/northeast.html,(610) 861-0500,https://www.facebook.com/basdschools/,https://www.instagram.com/bethlehemareasd/,MTI,https://www.mtishows.com/shows,performance run,Non-Professional,2026-08-18
Between The Lines,Poudre High School,Poudre High School,2027-02-25,2027-02-28,info@poudretheatre.org,Production,"201 Impala Drive, Ft Collins, CO 80526",Ft Collins,CO,80526,US,http://www.poudretheatre.org,(970) 488-6000,https://www.facebook.com/poudretheatre,https://www.instagram.com/poudretheatre,MTI,https://www.mtishows.com/shows,performance run,School,2026-08-18
The Prince Of Egypt,St Lukes Wesley Players,St Lukes United Methodist Church,2027-02-25,2027-02-28,info@wesleyplayers.org,Production,"8817 South Broadway, Denver, CO 80219",Denver,CO,80219,US,http://wesleyplayers.org,,https://www.facebook.com/WesleyPlayersTheatreCompany,https://www.instagram.com/wesleyplayers/,MTI,https://www.mtishows.com/shows,performance run,Non-Professional,2026-08-18
Godspell-2012 Revised Version,Utah Tech University,Eccles Mainstage Theater,2027-02-25,2027-03-06,jeff.jarvis@utahtech.edu,Production,"225 S 700 E, Saint George, UT 84770",Saint George,UT,84770,US,http://theatre.utahtech.edu,(435) 652-7790,https://facebook.com/utahtechtheatre,https://instagram.com/utahtechtheatre/,MTI,https://www.mtishows.com/shows,performance run,School,2026-08-18
Who's Afraid of Virginia Woolf?,6th Street Out-of Doors,6th Street Out-of Doors,2027-02-26,2027-03-21,boxoffice@6thstreetplayhouse.com,Production,"52 W 6th Street, Santa Rosa, CA",Santa Rosa,CA,,US,http://www.6thstreetplayhouse.com,(707) 523-4185,https://www.facebook.com/6thStreetPlayhouse,https://www.instagram.com/6thstplayhouse,CONCORD,https://www.concordtheatricals.com/p/98162/who-s-afraid-of-virginia-woolf,extended run,Amateur,2026-08-18
Disney's Frozen Jr,Cannon School,Cindric Performing Arts Center,2027-02-26,2027-02-26,admission@cannonschool.org,Production,"5801 Poplar Tent Road, Concord, NC 28027",Concord,NC,28027,US,http://www.cannonschool.org,(704) 786-8171,https://www.facebook.com/CannonSchool,https://www.instagram.com/cannonschool/,MTI,https://www.mtishows.com/shows,performance run,School,2026-08-18
Little Women,Casady School,Fee Theatre,2027-02-26,2027-02-28,grahaml@casady.org,Production,"9500 N. Pennsylvania Avenue, Oklahoma City, OK 73120",Oklahoma City,OK,73120,US,http://www.casady.org,405-749-3100,https://www.facebook.com/casadyschool,https://www.instagram.com/casadyschoolokc/,MTI,https://www.mtishows.com/shows,performance run,School,2026-08-18
Disney's High School Musical,Coral Shores High School,Coral Shores High School Pac,2027-02-26,2027-03-07,keyplayersinfo@gmail.com,Production,"89901 Old Highway, Tavernier, FL 33070",Tavernier,FL,33070,US,http://www.thekeyplayers.org,(305) 942-4339,https://www.facebook.com/TheKeyPlayers/,https://www.instagram.com/keyplayerstheater/,MTI,https://www.mtishows.com/shows,performance run,School,2026-08-19
Shrek The Musical Jr,Eclipse Theatre Company,Arlene Mitchell Theatre,2027-02-26,2027-02-27,info@eclipsetheatre.co,Production,"1495 Rimes Road, Mobile, AL 36608",Mobile,AL,36608,US,http://eclipsetheatre.co,,https://www.facebook.com/profile.php,https://www.instagram.com/eclipsetheatreco/,MTI,https://www.mtishows.com/shows,performance run,Non-Professional,2026-08-18
Little Shop Of Horrors,Hicksville High School,Huber Opera House,2027-02-26,2027-02-28,huberoperahouse@outlook.com,Production,"157 East High, Hicksville, OH 43526",Hicksville,OH,43526,US,http://huberoperahouse.org,(419) 542-9553,https://www.facebook.com/huberoperahouse,,MTI,https://www.mtishows.com/shows,performance run,School,2026-08-18
Madagascar-a Musical Adventure Kids,Island Village Montessori School,Bay Point Church,2027-02-26,2027-02-27,tiffany@baypointchurch.com,Production,"208 Palm Ave, Nokomis, FL 34275",Nokomis,FL,34275,US,http://baypointchurch.com,(941) 488-4137,https://www.facebook.com/BayPointChurchFL,https://www.instagram.com/baypointchurchfl,MTI,https://www.mtishows.com/shows,performance run,School,2026-08-18
The Diary of Anne Frank (Kesselman),James F. Veninga Theater,James F. Veninga Theater,2027-02-26,2027-02-28,admiss@uwsp.edu,Production,"625 Stewart Avenue, Wausau, WI",Wausau,WI,,US,https://www.uwsp.edu/wausau/,(715) 346-0123,https://www.facebook.com/UWSPWausau/,https://www.instagram.com/uwspwausau/,CONCORD,https://www.concordtheatricals.com/p/98172/the-diary-of-anne-frank-kesselman,performance run,Amateur,2026-08-18
Hairspray,Musical Theatre Club At Lsu,Mid City Civic Theatre,2027-02-26,2027-02-28,info@midcitycivic.org,Production,"7155 Florida Blvd, Baton Rouge, LA 70806",Baton Rouge,LA,70806,US,http://www.midcitycivic.org,,https://www.facebook.com/profile.php,http://instagram.com/midcitycivic,MTI,https://www.mtishows.com/shows,performance run,School,2026-08-18
Disney's Beauty And The Beast Jr,Ovid Elsie Middle School Perf. Arts,Ovid Elsie Middle School Perf. Arts,2027-02-26,2027-02-27,info@ovidelsie.org,Production,"4041 N. Hollister Rd., Apt, Suite, Floor, Etc., Elsie, MI 48866",Elsie,MI,48866,US,http://www.ovidelsie.org,(989) 834-2271,https://www.facebook.com/OvidElsieAreaSchools/,https://www.instagram.com/ovidelsie/,MTI,https://www.mtishows.com/shows,performance run,Non-Professional,2026-08-18
Urinetown,Pantochino Productions Inc,"Milford Arts Council, The Mac",2027-02-26,2027-02-28,pantochino@gmail.com,Production,"40 Railroad Avenue, Milford, CT 06460",Milford,CT,6460,US,http://www.pantochino.com,(203) 843-0959,http://www.facebook.com/pages/Pantochino-Productions/111871108824594,http://instagram.com/pantochino,MTI,https://www.mtishows.com/shows,performance run,Non-Professional,2026-08-18
Shrek The Musical Jr,Riverside High School,Riverside High School,2027-02-26,2027-02-28,rvhattendance@lcps.org,Production,"19019 Upper Belmont Place, Leesburg, VA 20176",Leesburg,VA,20176,US,http://lcps.org/riverside,(703) 554-8900,,https://www.instagram.com/riverside_hs/,MTI,https://www.mtishows.com/shows,performance run,School,2026-08-18
God of Carnage,Strand Theater,Strand Theater,2027-02-26,2027-03-07,admin@gratiotcountyplayers.com,Production,"217 East Superior, Alma, MI",Alma,MI,,US,http://www.gratiotcountyplayers.com,(989) 463-2593,https://www.facebook.com/gcplayers/,https://www.instagram.com/gratiotcountyplayers,CONCORD,https://www.concordtheatricals.com/p/11575/god-of-carnage,performance run,Amateur,2026-08-18
Singin' In The Rain Sr.,Summerstock Stage,Shelton Auditiorium,2027-02-26,2027-02-27,info@summerstockstage.com,Production,"1000 West 42nd St, Indianapolis, IN 46208",Indianapolis,IN,46208,US,http://www.summerstockstage.com,,https://www.facebook.com/summerstockstage,https://www.instagram.com/ssstageindy/,MTI,https://www.mtishows.com/shows,performance run,Non-Professional,2026-08-18
Legally Blonde,Susquehanna Township High School,Susquehanna Township High School,2027-02-26,2027-02-28,arathmell@hannasd.org,Production,"3500 Elmerton Avenue, Harrisburg, PA 17109",Harrisburg,PA,17109,US,http://www.hannasd.org,(717) 657-5100,http://www.facebook.com/stsdschools,https://www.instagram.com/stsdschools/,MTI,https://www.mtishows.com/shows,performance run,School,2026-08-18
Finding Neverland,Triune Entertainment Llc,Journey Stage,2027-02-26,2027-03-14,triune@triuneentertainment.com,Production,"4173 Bludau Drive, Warrenton, VA 20187",Warrenton,VA,20187,US,http://www.triuneentertainment.com,,,,MTI,https://www.mtishows.com/shows,extended run,Non-Professional,2026-08-18
Honk!,Unitarian Universalist Church Of Arlington-chalice,Chalice Theatre,2027-02-26,2027-03-13,uuca@uucava.org,Production,"4444 Arlington Boulevard, Arlington, VA",Arlington,VA,,US,http://www.uucava.org,(703) 892-2565,https://www.facebook.com/UnitarianUniversalistChurchArlingtonVirginia,https://www.instagram.com/uucarlington/,MTI,https://www.mtishows.com/shows,extended run,Non-Professional,2026-08-18
Mamma Mia!,York Suburban High School,York Suburban High School,2027-02-26,2027-02-28,skrauser@yssd.org,Production,"1800 Hollywood Drive, York, PA 17403",York,PA,17403,US,http://www.yssd.org,(717) 885-1210,https://www.facebook.com/yorksuburban/,https://www.instagram.com/yorksuburban,MTI,https://www.mtishows.com/shows,performance run,School,2026-08-18
Dear Edwina Jr,Youth Opera Of El Paso,The Plaza Philanthropy Theatre,2027-02-26,2027-02-28,info@destinationelpaso.com,Production,"125 W Mills Avenue, El Paso, TX 79901",El Paso,TX,79901,US,http://www.elpasolive.com,(915) 534-0600,https://www.facebook.com/elpasolive/,https://www.instagram.com/elpasolive,MTI,https://www.mtishows.com/shows,performance run,Non-Professional,2026-08-18
The Trumpet of the Swan,Birmingham Childrens Theatre,Birmingham Childrens Theatre,2027-03-02,2027-03-06,info@bct123.org,Production,"Birmingham, AL",Birmingham,AL,,US,http://www.bct123.org,2054588181,https://www.facebook.com/birminghamchildrenstheatre/,https://www.instagram.com/bhamchildrenstheatre/,TRW,https://www.theatricalrights.com/show/trumpet-of-the-swan/,performance run,,2026-08-18
Newsies,Georgia College And State Univ (theatre/dance),Russell Auditorium,2027-03-03,2027-03-07,admissions@gcsu.edu,Production,"Clarke And Mcintosh Street, Milledgeville, GA 31061",Milledgeville,GA,31061,US,http://gcsu.edu/theatre,(800) 342-0471,https://www.facebook.com/pages/Georgia-College-Theatre/130930476992589,https://www.instagram.com/gctheatredept/,MTI,https://www.mtishows.com/shows,performance run,School,2026-08-18
Seussical-theatre Young Audiences,Greenwich Country Day School (lower),Greenwich Country Day School,2027-03-03,2027-03-04,gcds@gcds.net,Production,"401 Old Church Rd, Greenwich, CT 06830",Greenwich,CT,6830,US,http://www.gcds.net/,(203) 863-5600,https://www.facebook.com/gcdstigers,https://www.instagram.com/gcdstigers/,MTI,https://www.mtishows.com/shows,performance run,Non-Professional,2026-08-18
Disney's Alice In Wonderland Jr.,John F Kennedy Middle School,John F Kennedy Middle School,2027-03-03,2027-03-06,aorelove@psd202.org,Organizations,"200 Jayne Boulevard, Port Jefferson Station, NY 11776",Port Jefferson Station,NY,11776,US,,,,,MTI,https://www.mtishows.com/shows,performance run,Non-Professional,2026-08-18
Annie Jr,Kingsway College School,Canada Hall/school Auritorium,2027-03-03,2027-03-05,admissions@kcs.on.ca,Production,"4600 Dundas Street West, Etobicoke, ON M9A 1A5, CA",Etobicoke,ON,M9A 1A5,CA,http://www.kcs.on.ca,(416) 234-5073,https://www.facebook.com/KCSMatters,https://www.instagram.com/kcsmatters/,MTI,https://www.mtishows.com/shows,performance run,School,2026-08-18
Disney's Frozen Jr,Rye Country Day School,Dunn Performing Arts Center,2027-03-03,2027-03-03,admissions@ryecountryday.org,Production,"Cedar Street, Rye, NY 10580",Rye,NY,10580,US,http://www.ryecountryday.org,(914) 967-1417,https://www.facebook.com/RyeCountryDay,https://www.instagram.com/Ryecountryday/,MTI,https://www.mtishows.com/shows,performance run,School,2026-08-18
Roald Dahl's Matilda The Musical Jr,St Cecilia Cathedral School,St Cecilias Cathedral Elementary Sc,2027-03-03,2027-03-05,stcadmin@stcecilia.net,Production,"3869 Webster Street, Omaha, NE 68131",Omaha,NE,68131,US,http://stcecilia.net,402-556-6655,https://www.facebook.com/StCeciliaSchoolOmaha/,https://www.instagram.com/st.cecilia.cardinals/,MTI,https://www.mtishows.com/shows,performance run,Non-Professional,2026-08-18
Disney's Alice In Wonderland Jr.,Summit Academy Home School,D.l. Parsons Theatre,2027-03-03,2027-03-05,mstricker@northglenn.org,Production,"1 E. Memorial Parkway, Northglenn, CO 80233",Northglenn,CO,80233,US,http://northglennarts.org,(303) 450-8888,https://www.facebook.com/DL-Parsons-Theatre-151334881604157/,,MTI,https://www.mtishows.com/shows,performance run,School,2026-08-19
Disney's Alice In Wonderland Jr.,Veritas Academy,Auditorium at Veritas Academy,2027-03-03,2027-03-06,info@veritasacademy.net,Production,"13401 Escarpment Blvd, Austin, TX 78739",Austin,TX,78739,US,http://www.veritasacademy.net,(512) 891-1673,https://www.facebook.com/veritasacademyatx,https://www.instagram.com/veritasacademy/,MTI,https://www.mtishows.com/shows,performance run,School,2026-08-18
Guys And Dolls,West Catholic High School,Aquinas College Pac,2027-03-03,2027-03-06,boxoffice@circletheatre.org,Production,"1703 Robinson Road Se, Grand Rapids, MI 49506",Grand Rapids,MI,49506,US,http://www.circletheatre.org,(616) 456-6656,https://www.facebook.com/circletheatre/,https://www.instagram.com/circletheatregr/,MTI,https://www.mtishows.com/shows,performance run,School,2026-08-18
Disney's Moana Jr.,Wilson Elementary School,Wilson Elementary School,2027-03-03,2027-03-08,mball@augusta.k12.va.us,Organizations,"200 S Denton Tap Road, Coppell, TX 75019",Coppell,TX,75019,US,,,,,MTI,https://www.mtishows.com/shows,performance run,School,2026-08-18
The Music Man,Wisconsin Lutheran High School,Wisconsin Lutheran High School,2027-03-03,2027-03-07,info@wlhs.org,Production,"330 N. Glenview Avenue, Milwaukee, WI 53213",Milwaukee,WI,53213,US,http://www.wlhs.org,(414) 453-4567,http://www.facebook.com/WLHSVikings,http://www.instagram.com/wiscovikings,MTI,https://www.mtishows.com/shows,performance run,School,2026-08-18
Mamma Mia!,Allendale High School,Allendale High School,2027-03-04,2027-03-06,evattendance@apsfalcons.net,Production,"10760 68th Ave, Allendale, MI 49401-8904",Allendale,MI,49401-8904,US,http://www.allendale.k12.mi.us,(616) 892-5580,http://www.facebook.com/allendalepublicschools/,,MTI,https://www.mtishows.com/shows,performance run,School,2026-08-18
Disney's High School Musical Jr.,Cataldo Catholic School,Cataldo Catholic School,2027-03-04,2027-03-05,office@cataldo.org,Production,"455 West 18th Ave, Spokane, WA 99203",Spokane,WA,99203,US,http://www.cataldo.org,509-624-8759,https://www.facebook.com/CataldoCatholicSchool,https://www.instagram.com/cataldo_catholic_school/,MTI,https://www.mtishows.com/shows,performance run,School,2026-08-18
Little Women,Country Day School Of The Sacred Heart,Gormley Gymnasium,2027-03-04,2027-03-06,admissions@shabrynmawr.org,Production,"480 Bryn Mawr Avenue, Bryn Mawr, PA 19010",Bryn Mawr,PA,19010,US,http://www.shabrynmawr.org,(610) 527-3915,https://www.facebook.com/SHAbrynmawr,https://www.instagram.com/shabrynmawr/,MTI,https://www.mtishows.com/shows,performance run,School,2026-08-18
Lerner And Loewe's Brigadoon,Eastern Mennonite School,Eastern Mennonite High School,2027-03-04,2027-03-07,ocr@ed.gov,Production,"801 Parkwood Drive, Harrisonburg, VA",Harrisonburg,VA,,US,http://www.emhs.net,(540) 236-6000,https://www.facebook.com/EasternMennoniteSchool,https://www.instagram.com/emschool/,MTI,https://www.mtishows.com/shows,performance run,School,2026-08-18
Newsies,Eden Junior Senior High School,Eden High School,2027-03-04,2027-03-07,edenhelpdesk@edencsd.org,Production,"3150 Schoolview Road, Eden, NY 14057",Eden,NY,14057,US,http://edencsd.org,(716) 992-3630,https://www.facebook.com/eden-all-sports-booster-club-573270552729835/,https://www.instagram.com/edencsd,MTI,https://www.mtishows.com/shows,performance run,School,2026-08-18
Peter Pan Jr,Inland Pacific Ballet Academy,Lewis Family Play House,2027-03-04,2027-03-12,boxoffice@cityofrc.us,Production,"12505 Cultural Center Dr, Rancho Cucamonga, CA 91739",Rancho Cucamonga,CA,91739,US,https://lewisfamilyplayhouse.com/,(909) 477-2752,https://www.facebook.com/lewisfamilyplayhouse/,https://www.instagram.com/lewisfamilyplayhouse/,MTI,https://www.mtishows.com/shows,performance run,Non-Professional,2026-08-18
Disney's Frozen Jr,Montgomery School,Bell Hall,2027-03-04,2027-03-06,admissions@montgomeryschool.org,Production,"1141 Kimberton Road, 1141 Kimberton Road, Chester Springs, PA 19425",Chester Springs,PA,19425,US,http://montgomeryschool.org,+1(610)827-7222,https://www.facebook.com/MontgomerySchool,https://www.instagram.com/montgomeryheron/,MTI,https://www.mtishows.com/shows,performance run,Non-Professional,2026-08-18
Wonderland,Monticello High School,Monticello High School,2027-03-04,2027-03-07,claad@sages.us,Production,"1 Sage Drive, Monticello, IL 61856",Monticello,IL,61856,US,http://www.sages.us,(217) 762-8511,,,MTI,https://www.mtishows.com/shows,performance run,School,2026-08-21
Madagascar-a Musical Adventure Kids,Roy B Kelley Elementary School,Palace Theatre,2027-03-04,2027-03-05,info@lockportpalacetheatre.org,Production,"2 East Avenue, Lockport, NY 14094",Lockport,NY,14094,US,http://lockportpalacetheatre.org,(716) 438-1130,https://www.facebook.com/HistoricPalaceTheatre,https://www.instagram.com/historic_palace_theatre/,MTI,https://www.mtishows.com/shows,performance run,School,2026-08-18
Urinetown,Rye Neck High School,Rye Neck High School,2027-03-04,2027-03-06,mlanza@ryeneck.org,Production,"300 Hornidge Road, Mamaroneck, NY 10543-3898",Mamaroneck,NY,10543-3898,US,http://www.ryeneck.org,(914) 777-5200,https://www.facebook.com/ryeneckschools/,https://www.instagram.com/ryeneckschools/,MTI,https://www.mtishows.com/shows,performance run,Non-Professional,2026-08-18
Disney's The Little Mermaid,Stonebridge School,Stonebridge Assembly Hall,2027-03-04,2027-03-06,contactus@hingepoint.com,Production,"1629 Jolliff Road, Chesapeake, VA 23321",Chesapeake,VA,23321,US,http://www.stonebridgeschool.com,+1-757-488-2214,https://www.facebook.com/StoneBridgeSchool,https://www.instagram.com/stonebridgeschool/,MTI,https://www.mtishows.com/shows,performance run,School,2026-08-18
Seussical,Wallace Community College,Wallace Community College,2027-03-04,2027-03-07,nfloyd@wallace.edu,Production,"1141 Wallace Dr, Dothan, AL 36303-0943",Dothan,AL,36303-0943,US,http://www.wallace.edu,(800) 543-2426,https://www.facebook.com/wccdothaneufaula/,https://www.instagram.com/wallacecommunitycollege/,MTI,https://www.mtishows.com/shows,performance run,School,2026-08-18
Roald Dahl's Matilda The Musical Jr,1lt Charles W Whitcomb Middle School,School Auditorium,2027-03-05,2027-03-07,registrationoutreach@mps-edu.org,Production,"25 Union Street, Marlborough, MA 01752",Marlborough,MA,1752,US,http://www.mps-edu.org,(508) 460-3509,https://www.facebook.com/MarlboroughPublicSchools,https://www.instagram.com/marlboroughpublicschools/,MTI,https://www.mtishows.com/shows,performance run,Non-Professional,2026-08-18
Beetlejuice Jr.,Andrews Osborne Academy,Andrews Osborne Academy,2027-03-05,2027-03-06,ggarcia@andrewsosborne.com,Production,"38588 Mentor Avenue, Willoughby, OH 44094",Willoughby,OH,44094,US,http://www.andrewsosborne.org,(440) 942-3600,https://www.facebook.com/AndrewsOsborneAcademy/,https://www.instagram.com/andrewsosborneacademy,MTI,https://www.mtishows.com/shows,performance run,School,2026-08-18
Guys And Dolls Sr.,"From The Ashes Theatre Company, Inc.","From The Ashes Theatre Company, Inc",2027-03-05,2027-03-14,info@fromtheashestheatre.com,Production,"16668 Champion Forest Drive, Spring, TX 77379",Spring,TX,77379,US,http://fromtheashestheatre.com,,https://www.facebook.com/profile.php,//www.instagram.com/fromtheashestheatre,MTI,https://www.mtishows.com/shows,performance run,Non-Professional,2026-08-18
Disney's Aladdin Jr.,Hanalani Schools,Hanalani Schools,2027-03-05,2027-03-06,admissions@hanalani.org,Production,"94-294 Anania Dr., Mililani, HI 96789",Mililani,HI,96789,US,http://www.hanalani.org,(808) 625-0737,https://www.facebook.com/hanalanischools/,https://www.instagram.com/hanalaniroyals/,MTI,https://www.mtishows.com/shows,performance run,School,2026-08-18
Annie Kids,Impact Theater,Longwood Hills Congregational Churc,2027-03-05,2027-03-06,office@longwoodhillschurch.org,Production,"1255 Ee Williamson Road, Longwood, FL 32750",Longwood,FL,32750,US,https://longwoodhillschurch.org/,(407) 332-8253,https://www.facebook.com/longwoodhillschurch/,https://www.instagram.com/longwoodhillschurch/,MTI,https://www.mtishows.com/shows,performance run,Non-Professional,2026-08-18
Daddy Long Legs,Inspiration's Edge,Revolution Stage Company,2027-03-05,2027-03-28,info@revolutionstagecompany.com,Production,"611 S Palm Canyon Dr, Suite 16, Palm Springs, CA 92264",Palm Springs,CA,92264,US,http://www.revolutionstagecompany.com,,https://www.facebook.com/groups/265899315837908/,https://www.instagram.com/revolutionstagecompany/,MTI,https://www.mtishows.com/shows,extended run,Non-Professional,2026-08-18
Honk! Jr,Kane Area Elementary School,Kane Area Elementary School,2027-03-05,2027-03-07,sale@kasd.net,Production,"400 W Hemlock Ave, Kane, PA 16735-1644",Kane,PA,16735-1644,US,https://kane.rst7.rschooltoday.com/,(814) 837-9570,https://www.facebook.com/KASDWolves,,MTI,https://www.mtishows.com/shows,performance run,School,2026-08-18
Disney's Moana Jr.,Lake Denoon Middle School,Muskego High School Perf. Arts. Ctr,2027-03-05,2027-03-06,contactus@muskegonorway.org,Production,"W183 S8750 Racine Avenue, Muskego, WI 53150",Muskego,WI,53150,US,http://www.mhspac.com,(262) 971-1800,http://www.facebook.com/MuskegoNorwaySchools,https://www.instagram.com/muskegonorwayschools/,MTI,https://www.mtishows.com/shows,performance run,Non-Professional,2026-08-18
Anastasia: The Musical,Lebanon Opera House,Lebanon Opera House,2027-03-05,2027-03-07,info@ncct.org,Production,"51 North Park Street, Lebanon, NH",Lebanon,NH,,US,http://ncct.org,(603) 448-0400,https://www.facebook.com/NCCTUV,https://www.instagram.com/ncct_uv/,CONCORD,https://www.concordtheatricals.com/p/92098/anastasia-the-musical,performance run,Amateur,2026-08-18
The Hunchback Of Notre Dame,Northwest Nazarene University,Northwest Nazarene Univ Brandt Cent,2027-03-05,2027-03-07,abigailburch@nnu.edu,Production,"623 South University Drive, Nampa, ID 83686",Nampa,ID,83686,US,http://www.nnu.edu,(877) 668-4968,https://www.facebook.com/northwestnazarene,https://www.instagram.com/nwnazarene/,MTI,https://www.mtishows.com/shows,performance run,School,2026-08-18
The Wizard of Oz (RSC Version),Old Town Temecula Community Theatre,Old Town Temecula Community Theatre,2027-03-05,2027-03-21,info@temeculatheater.org,Production,"42051 Main Street, Temecula, CA",Temecula,CA,,US,http://www.temeculatheater.org,(866) 653-8696,https://www.facebook.com/TemeculaTheater/,https://www.instagram.com/temeculatheater/,CONCORD,https://www.concordtheatricals.com/p/65772/the-wizard-of-oz-rsc-version,extended run,Amateur,2026-08-18
Mean Girls,Phoenix Country Day School,Ahsan Center For Performing Arts,2027-03-05,2027-03-07,luann.murray@pcds.org,Production,"3901 East Stanford Drive, Paradise Valley, AZ 85253",Paradise Valley,AZ,85253,US,http://pcds.org,(602) 955-8200,https://www.facebook.com/phoenixcountryday,https://www.instagram.com/Phoenix_country_day_school,MTI,https://www.mtishows.com/shows,performance run,School,2026-08-18
Seussical Kids,Pooles Mill Elementary,Focal Center,2027-03-05,2027-03-09,dphipps@forsyth.k12.ga.us,Production,"1150 Dahlonega Hwy, Cumming, GA 30028-4885",Cumming,GA,30028-4885,US,http://www.thefocalcenter.com,(470) 695-7826,,,MTI,https://www.mtishows.com/shows,performance run,School,2026-08-18
Little Women,Raleigh Charter High School,Raleigh Charter High School,2027-03-05,2027-03-13,office@raleighcharterhs.org,Production,"1307 Glenwood Avenue, Raleigh, NC 27605",Raleigh,NC,27605,US,http://raleighcharterhs.org,(919) 715-1155,https://www.facebook.com/raleighcharter/,,MTI,https://www.mtishows.com/shows,performance run,School,2026-08-18
Newsies,Santa Fe Christian Schools,Star Theatre,2027-03-05,2027-03-13,thestartheatre@gmail.com,Production,"402 N Coast Hwy, Oceanside, CA 92054",Oceanside,CA,92054,US,http://www.startheatreco.com,(760) 721-9983,https://www.facebook.com/startheatreco,http://www.instagram.com/thestartheatre,MTI,https://www.mtishows.com/shows,performance run,School,2026-08-18
Disney's Alice In Wonderland Jr.,St Leo The Great School,St Leo The Great School,2027-03-05,2027-03-06,admissions@stleosj.org,Production,"1051 W. San Fernando St., San Jose, CA 95126",San Jose,CA,95126,US,http://www.stleosj.org,(408) 293-4846,https://www.facebook.com/stleothegreatsj,https://www.instagram.com/stleothegreatsj/,MTI,https://www.mtishows.com/shows,performance run,School,2026-08-18
She Loves Me,Wilbraham United Players,Wilbraham United Church,2027-03-05,2027-03-14,wilbunitedplayers@gmail.com,Production,"500 Main Street, Wilbraham, MA 01095",Wilbraham,MA,1095,US,http://www.wilbrahamunitedplayers.org,4133308576,https://www.facebook.com/WUPLAYERS/,https://www.instagram.com/wilbraham_united_players/,MTI,https://www.mtishows.com/shows,performance run,Non-Professional,2026-08-28
Les Miserables,Woodland Theatre Productions,Woodlands Theatre,2027-03-05,2027-03-28,woodlandstp@gmail.com,Production,"120 West 3rd, Colville, WA 99114",Colville,WA,99114,US,http://www.woodlandproductions.org,(509) 738-6626,,,MTI,https://www.mtishows.com/shows,extended run,Non-Professional,2026-08-18
Noises Off,Santa Monica's Morgan-Wixson Theatre,Santa Monica's Morgan-Wixson Theatre,2027-03-06,2027-03-28,hollister@morgan-wixson.org,Production,"2627 Pico Boulevard, Santa Monica, CA",Santa Monica,CA,,US,https://www.morgan-wixson.org/,(310) 828-7519,https://www.facebook.com/MorganWixson/,https://www.instagram.com/morganwixson/,CONCORD,https://www.concordtheatricals.com/p/2894/noises-off,extended run,Amateur,2026-08-18
Roald Dahl's Willy Wonka Jr.,Peachtree Christian Church,Peachtree Christian Church,2027-03-07,2027-05-02,info@peachtree.org,Production,"1580 Peachtree Street Nw, Atlanta, GA 30309",Atlanta,GA,30309,US,http://www.peachtree.org,404-876-5535,https://www.facebook.com/peachtreechristian,https://www.instagram.com/peachtreechristian/,MTI,https://www.mtishows.com/shows,extended run,Non-Professional,2026-08-18
A Year With Frog And Toad-kids,Home School Academy,Home School Academy,2027-03-08,2027-03-13,tickets@uccs.edu,Production,"8707 Wolf Valley Drive, Colorado Springs, CO 80924",Colorado Springs,CO,80924,US,http://homeschool.asd20.org,(719) 255-3232,https://www.facebook.com/EntCenterArts/,https://www.instagram.com/entcenterarts/,MTI,https://www.mtishows.com/shows,performance run,Non-Professional,2026-08-18
Roald Dahl's Matilda The Musical,Theatre Aquarius,Theatre Aquarius,2027-03-10,2027-04-04,boxoffice@theatreaquarius.org,Production,"190 King Street, Hamilton, ON L8R 1A8, CA",Hamilton,ON,L8R 1A8,CA,http://www.theatreaquarius.org,(905) 522-7529,https://www.facebook.com/TheatreAquarius,https://www.instagram.com/theatreaquarius/,MTI,https://www.mtishows.com/shows,extended run,Professional,2026-08-18
Something Rotten!,Atholton High School Theatre,Auditorium at Atholton High School Theatre,2027-03-11,2027-03-13,hadler@hcpss.org,Production,"6520 Freetown Road, Columbia, MD 21044",Columbia,MD,21044,US,http://www.atholtontheatre.org,(410) 313-7065,https://www.facebook.com/groups/226860430685569/,https://www.instagram.com/ahsdramadept/,MTI,https://www.mtishows.com/shows,performance run,School,2026-08-18
Roald Dahl's Matilda The Musical,Campbell Hall Junior/senior High School,Campbell Hall High School,2027-03-11,2027-03-13,studentbilling@campbellhall.org,Production,"4533 Laurel Canyon Boulevard, North Hollywood, CA 91607",North Hollywood,CA,91607,US,http://www.campbellhall.org,(818) 980-7280,https://www.facebook.com/campbellhallvikings/,https://www.instagram.com/campbellhallvikings/,MTI,https://www.mtishows.com/shows,performance run,School,2026-08-18
Disney's Newsies Jr.,Keith Valley Middle School,Keith Valley Music Theater,2027-03-11,2027-03-14,info@willowmanorplayers.com,Production,"227 Meetinghouse Road, Horsham, PA 19044",Horsham,PA,19044,US,http://www.willowmanorplayers.com,,https://www.facebook.com/pages/Willow-Manor-Players/164782820247595,https://www.instagram.com/willowmanorplayers/,MTI,https://www.mtishows.com/shows,performance run,Non-Professional,2026-08-18
Into The Woods,Renaissance Secondary School,Chelsea Johnson,2027-03-11,2027-03-13,info@rensec.org,Production,"3954 Trail Boss Lane, Castle Rock, CO 80104",Castle Rock,CO,80104,US,http://rensec.org,(720) 689-6120,https://www.facebook.com/RenaissanceSecondarySchool,https://www.instagram.com/renaissance_secondary/,MTI,https://www.mtishows.com/shows,performance run,School,2026-08-18
Disney's High School Musical One Act Edition,Round Rock Christian Academy,Round Rock Christian Academy,2027-03-11,2027-03-13,admissions@rrca-tx.org,Production,"800 Westwood Dr., Round Rock, TX 78681",Round Rock,TX,78681,US,http://www.rrca-tx.org,(512) 255-4491,https://www.facebook.com/roundrockchristianacademy,https://www.instagram.com/round_rock_christian_academy/,MTI,https://www.mtishows.com/shows,performance run,School,2026-08-18
The Prince Of Egypt,Southwest Covenant Schools,Southwest Covenant,2027-03-11,2027-03-13,swcs@southwestcovenant.com,Production,"2300 Yukon Parkway, North Campus, Yukon, OK 73099",Yukon,OK,73099,US,http://www.southwestcovenant.com,(405) 354-9222,https://www.facebook.com/profile.php,https://www.instagram.com/sw_covenant/,MTI,https://www.mtishows.com/shows,performance run,School,2026-08-18
Roald Dahl's Willy Wonka Jr.,St Gregory School,St Gregory School,2027-03-11,2027-03-12,info@eriercd.org,Production,"140 West Main Street, 140 West Main Street, North East, PA 16428",North East,PA,16428,US,http://www.stgregs.net,(814) 725-4571,https://www.facebook.com/StGregsParishSchool,,MTI,https://www.mtishows.com/shows,performance run,Non-Professional,2026-08-18
Disney's High School Musical Jr.,St Peters Lutheran School,Commons,2027-03-11,2027-03-11,ssasse@columbus.in.gov,Production,"300 Washington St., Columbus, IN 47201",Columbus,IN,47201,US,http://thecommonscolumbus.com,(812) 376-2681,https://www.facebook.com/TheCommonsColumbusIN,,MTI,https://www.mtishows.com/shows,performance run,Non-Professional,2026-08-18
Little Women,Tryon Little Theatre,Tryon Littletheater,2027-03-11,2027-03-21,tryonlittletheater@gmail.com,Production,"34 Melrose Avenue, Tryon, NC 28782",Tryon,NC,28782,US,http://www.tltinfo.org,(828) 859-2466,https://www.facebook.com/TryonLittleTheatre,https://www.instagram.com/tryonlittletheater/,MTI,https://www.mtishows.com/shows,performance run,Non-Professional,2026-08-18
Shrek The Musical Jr,Ups For Downs,Jeuck Auditorium Saint Viator,2027-03-11,2027-03-14,info@upsfordowns.org,Production,"1213 Eoakton St, Arlington Heights, IL 60004",Arlington Heights,IL,60004,US,http://upsfordowns.org,(847) 895-2100,https://www.facebook.com/upsfordowns/,https://www.instagram.com/upsfordowns/,MTI,https://www.mtishows.com/shows,performance run,Non-Professional,2026-08-18
Mamma Mia!,Vernon Township High School,Vernon Township High School,2027-03-11,2027-03-13,frl@vtsd.com,Production,"1832 Route 565, Vernon, NJ 07462",Vernon,NJ,7462,US,http://www.vtsd.com,(973) 764-2900,https://www.facebook.com/VernonTwpSD/,https://www.instagram.com/vernontwpsd/,MTI,https://www.mtishows.com/shows,performance run,School,2026-08-18
Disney's The Little Mermaid,Willow Glen High- Performing Arts Boosters,Willow Glen High School,2027-03-11,2027-03-20,wgpab.president@gmail.com,Production,"2001 Cottle Ave., San Jose, CA 95125",San Jose,CA,95125,US,http://www.wgpab.org,(408) 535-6330,https://www.facebook.com/WillowGlenPAB,https://www.instagram.com/willowglenpab/,MTI,https://www.mtishows.com/shows,performance run,Non-Professional,2026-08-18
Fiddler On The Roof,Barrington Arts Alive!,Barrington Middle School,2027-03-12,2027-03-14,ocr.boston@ed.gov,Production,"261 Middle Hwy, Barrington, RI 02806",Barrington,RI,2806,US,http://www.barringtonmiddle.org,(401) 247-3160,,https://www.instagram.com/bps_ri/,MTI,https://www.mtishows.com/shows,performance run,Non-Professional,2026-08-18
Dirty Rotten Scoundrels,City Centre Musical Productions Inc,Meadowvale Theatre,2027-03-12,2027-03-21,info@ccmpmusic.com,Production,"6315 Montevideo Road, Mississauga, ON L5N 4G7, CA",Mississauga,ON,L5N 4G7,CA,http://ccmpmusic.com,9058241149,https://www.facebook.com/CCMPMusic,https://www.instagram.com/citycentremusicalproductions/,MTI,https://www.mtishows.com/shows,performance run,Non-Professional,2026-08-18
Come From Away,Conrad Grebel University,Conrad Centre For The Performing Ar,2027-03-12,2027-03-14,info@kitchener.ca,Production,"36 King Street W, Kitchener, ON N2G 1A3, CA",Kitchener,ON,N2G 1A3,CA,https://www.kitchener.ca/arts-culture-and-events/facility-rentals/the-conrad-centre-for-the-performing-arts/,(519) 741-2345,http://www.facebook.com/cityofkitchener,http://www.instagram.com/cityofkitchener,MTI,https://www.mtishows.com/shows,performance run,School,2026-08-18
How To Train Your Dragon The Musical Jr.,Cosgrove Middle And High School,Spencerport High School,2027-03-12,2027-03-13,registrar@spencerportschools.org,Production,"2707 Spencerport Rd, Spencerport, NY 14559-1942",Spencerport,NY,14559-1942,US,http://www.spencerportschools.org/,(585) 349-5000,https://www.facebook.com/SpencerportCSD,https://www.instagram.com/spencerport_central_schools/,MTI,https://www.mtishows.com/shows,performance run,School,2026-08-18
The Hunchback Of Notre Dame,Ctora Productions,Granville Isaland Theatre,2027-03-12,2027-03-21,theatre@palvancouver.org,Production,"1585 Johnston St, Vancouver, BC V6H3R9, CA",Vancouver,BC,V6H3R9,CA,https://www.palvancouver.org/theatre,(604) 255-4312,https://www.facebook.com/palvancouver/,https://www.instagram.com/palvancouver/,MTI,https://www.mtishows.com/shows,performance run,Non-Professional,2026-08-18
Magic Tree House: Pirates Past Noon Kids,Dayspring School Of The Arts,Dayspring Black Box Theatre,2027-03-12,2027-03-14,info@dayspringarts.org,Production,"2500 Metro Blvd, Maryland Heights, MO 63043",Maryland Heights,MO,63043,US,http://www.dayspringarts.org,United States3142918878,https://www.facebook.com/dayspringarts,https://www.instagram.com/dayspringarts/,MTI,https://www.mtishows.com/shows,performance run,School,2026-08-18
Freaky Friday,Evergreen Playhouse Inc,Evergreen Playhouse Incorporated,2027-03-12,2027-03-28,theevergreenplayhouse@gmail.com,Production,"226 West Center Street/, Centralia, WA 98531",Centralia,WA,98531,US,http://www.evergreenplayhouse.com,3607368628,https://facebook.com/evergreenplayhouse,https://instagram.com/evergreenplayhouse,MTI,https://www.mtishows.com/shows,extended run,Non-Professional,2026-08-18
Little Women,Faith Academy,Faith Academy,2027-03-12,2027-03-13,calendar@faithacademy.us,Production,"8650 Tanner-williams Rd., Mobile, AL 36608",Mobile,AL,36608,US,http://www.faithacademy.us,(251) 633-7267,https://www.facebook.com/faithacademyrams/,https://www.instagram.com/faithacademyrams/,MTI,https://www.mtishows.com/shows,performance run,School,2026-08-18
Come From Away,Greeneville Theatre Guild,Capitol Theatre,2027-03-12,2027-03-21,greenevilletheatreguild@gmail.com,Production,"104 S Main Street, Greeneville, TN 37743",Greeneville,TN,37743,US,http://www.greenevilletheatreguild.org,(423) 470-2792,https://www.facebook.com/GreenevilleTheatreGuild,,MTI,https://www.mtishows.com/shows,performance run,Non-Professional,2026-08-18
The Stranger,Jubilee Baptist Church,Jubilee Baptist Church,2027-03-12,2027-04-10,boxoffice@overshadowedproductions.com,Production,"900 Foster Ave, Medinah, IL",Medinah,IL,,US,http://www.overshadowed.org,630.634.2100,https://www.facebook.com/OvershadowedProductions,https://www.instagram.com/overshadowedproductions/,CONCORD,https://www.concordtheatricals.com/p/62331/the-stranger,extended run,Amateur,2026-08-18
The Secretaries,Kent Trumbull Theatre,Kent Trumbull Theatre,2027-03-12,2027-03-21,trumbullinfo@kent.edu,Production,"4314 Mahoning Ave, Warren, OH",Warren,OH,,US,http://www.trumbull.kent.edu,(330) 847-0571,,,CONCORD,https://www.concordtheatricals.com/p/1914/the-secretaries,performance run,Amateur,2026-08-18
Come From Away,Lakeshore Players Inc,Hanifl Performing Arts Center,2027-03-12,2027-04-04,office@lakeshoreplayers.org,Production,"4941 Long Avenue, White Bear Lake, MN 55110",White Bear Lake,MN,55110,US,http://www.lakeshoreplayers.org,(651) 478-7427,https://www.facebook.com/lakeshoreplayerstheatre,https://www.instagram.com/lakeshoreplayerstheatre/,MTI,https://www.mtishows.com/shows,extended run,Non-Professional,2026-08-18
Seussical-theatre Young Audiences,Loudonville Christian School,Loudonville Christian School,2027-03-12,2027-03-13,info@lcs.org,Production,"374 Loudon Road, Loudonville, NY 12211",Loudonville,NY,12211,US,http://www.lcs.org,(518) 434-6051,https://www.facebook.com/loudonvillechristianschool/,https://www.instagram.com/lcs_eagles/,MTI,https://www.mtishows.com/shows,performance run,School,2026-08-18
Godspell,Messiah Lutheran Church,Messiah Lutheran Church,2027-03-12,2027-03-14,info@center-stage-theater.com,Production,"4861 Liverpool Street, Yorba Linda, CA 92886",Yorba Linda,CA,92886,US,http://www.center-stage-theater.com,+1 714 855 8215,,,MTI,https://www.mtishows.com/shows,performance run,Non-Professional,2026-08-18
Mean Girls Jr,Middle School 936 Arts Off 3rd,Ms936 Arts Off 3rd Theatre,2027-03-12,2027-03-28,20k936@schools.nyc.gov,Production,"270 59th Street, Brooklyn, NY 11220",Brooklyn,NY,11220,US,http://ms936artsoff3rd.org,347-464-5160,,,MTI,https://www.mtishows.com/shows,extended run,Non-Professional,2026-08-18
Dear Evan Hansen,Middletown High School North,Middletown High School North,2027-03-12,2027-03-13,youngma@middletownk12.org,Production,"63 Tindal Road, Middletown, NJ 07748",Middletown,NJ,7748,US,http://middletownk12.org,(732) 671-3850,http://www.facebook.com,,MTI,https://www.mtishows.com/shows,performance run,School,2026-08-18
Skeleton Crew,Milwaukee Chamber Theatre,Milwaukee Chamber Theatre,2027-03-12,2027-03-28,tickets@skylightmusictheatre.org,Production,"158 North Broadway, Milwaukee, WI",Milwaukee,WI,,US,http://www.skylightmusictheatre.org,(414) 291-7800,https://www.facebook.com/skylightmusic1,https://www.instagram.com/skylightmusictheatre/,CONCORD,https://www.concordtheatricals.com/p/60200/skeleton-crew,extended run,Professional,2026-08-18
Guys And Dolls,New Glarus High School,New Glarus High School,2027-03-12,2027-03-14,district.office@ngsd.k12.wi.us,Production,"1701 Second Street, New Glarus, WI 53574",New Glarus,WI,53574,US,http://www.ngsd.k12.wi.us,(608) 527-2410,https://www.facebook.com/profile.php,,MTI,https://www.mtishows.com/shows,performance run,School,2026-08-18
Mamma Mia!,Pius Xi High School,Pius Xi High School,2027-03-12,2027-03-21,info@piusxi.org,Production,"135 North 76th Street, Milwaukee, WI 53213",Milwaukee,WI,53213,US,http://www.piusxi.org,414-290-7000,https://www.facebook.com/piusxihighschool,https://www.instagram.com/piusxicatholic,MTI,https://www.mtishows.com/shows,performance run,School,2026-08-18
Disney's The Little Mermaid Jr,Portage North Middle School,Portage North Ms Black Box Theatre,2027-03-12,2027-03-21,jvandyke@portageps.org,Production,"1100 W. Milham, Portage, MI 49024",Portage,MI,49024,US,http://pndrama.org,(269) 323-5440,https://www.google.com/url,https://www.google.com/url,MTI,https://www.mtishows.com/shows,performance run,Non-Professional,2026-08-18
Shrek The Musical Jr,R.m. Moore Elementary,Rmmes Cafe,2027-03-12,2027-03-14,kim.moody@cherokeek12.net,Production,"1375 Puckett Road, Waleska, GA 30183",Waleska,GA,30183,US,http://rmmes.cherokeek12.net,(770) 704-1212,https://www.facebook.com/RMMooreWaleskaGA/,,MTI,https://www.mtishows.com/shows,performance run,School,2026-08-18
Disney's Beauty And The Beast Jr,Rosa International Middle School,Rosa International Middle School,2027-03-12,2027-03-13,gdemonte@chclc.org,Production,"485 Browning Lane, Cherry Hill, NJ 08034",Cherry Hill,NJ,8034,US,https://www.chclc.org/rosa,(856) 616-8787,,,MTI,https://www.mtishows.com/shows,performance run,Non-Professional,2026-08-22
Newsies,Theatre Of Northeastern Connecticut Inc.,Bradley Playhouse,2027-03-12,2027-03-14,office@tnect.org,Production,"30 Front Street Po Box 71, Putnam, CT 06260",Putnam,CT,6260,US,http://www.thebradleyplayhouse.org,(860) 928-7887,https://www.facebook.com/TheBradleyPlayhouse,https://www.instagram.com/thebradleyplayhouse/,MTI,https://www.mtishows.com/shows,performance run,Non-Professional,2026-08-18
Mary Poppins,Warwick High School,Warwick High School,2027-03-12,2027-03-14,webmaster@warwicksd.org,Production,"301 W Orange Street, Lititz, PA 17543",Lititz,PA,17543,US,http://www.warwicksd.org,(717) 626-3700,https://www.facebook.com/WarwickSD/,https://www.instagram.com/warwick_sd/,MTI,https://www.mtishows.com/shows,performance run,School,2026-08-18
Annie Jr,Woodland C.u.s.d. #5,Woodland Small Gym,2027-03-12,2027-03-13,montellog@woodland5.net,Production,"5800 East 3000 North Road, Streator, IL 61364",Streator,IL,61364,US,http://www.woodland5.org,(815) 672-5974,https://facebook.com/Woodlandcusd5/,,MTI,https://www.mtishows.com/shows,performance run,School,2026-08-18
Disney's Aladdin Jr.,Epstein School,Epstein School,2027-03-14,2027-03-15,communications@epsteinatlanta.org,Production,"335 Colewood Way, Atlanta, GA 30328-2956",Atlanta,GA,30328-2956,US,http://www.epsteinatlanta.org/,(404) 250-5600,https://www.facebook.com/epsteinschool,https://www.instagram.com/epstein_atl/,MTI,https://www.mtishows.com/shows,performance run,Non-Professional,2026-08-18
Seussical Kids,Hollywood Elementary School,Lakeshore High School,2027-03-15,2027-03-16,info@cmwonline.org,Production,"5771 Cleveland Ave, Stevensville, MI 49127-9481",Stevensville,MI,49127-9481,US,http://www.cmwonline.org,,,,MTI,https://www.mtishows.com/shows,performance run,School,2026-08-27
Guys And Dolls Sr.,Secondary Characters,Chilliwack Cultural Centre,2027-03-16,2027-03-18,info@chilliwackculturalcentre.ca,Production,"9201 Corbould Street, Chilliwack, BC V2P 4A6, CA",Chilliwack,BC,V2P 4A6,CA,http://chilliwackculturalcentre.com/,(604) 391-7469,https://www.facebook.com/chilliwackculturalcentre/,https://www.instagram.com/chilliwackculturalcentre/,MTI,https://www.mtishows.com/shows,performance run,Non-Professional,2026-08-18
Fiddler On The Roof Jr,Charles E Smith Jewish Day School,Charles E Smith Jewish Day School,2027-03-17,2027-03-21,cesjds@cesjds.org,Production,"11710 Hunters Ln, Rockville, MD 20852-2367",Rockville,MD,20852-2367,US,http://www.cesjds.org,(301) 881-1400,https://www.facebook.com/CESJDSConnect/,https://www.instagram.com/cesjdsconnect/,MTI,https://www.mtishows.com/shows,performance run,Non-Professional,2026-08-18
A Gentleman's Guide To Love And Murder,Raymond Playhouse Society,Raymond Broadway Theatre,2027-03-17,2027-03-27,rpstheatre@gmail.com,Production,"15 Broadway South, Raymond, AB T0K 2S0, CA",Raymond,AB,T0K 2S0,CA,http://www.raymondplayhouse.com,,,,MTI,https://www.mtishows.com/shows,performance run,Non-Professional,2026-08-18
The Wedding Singer,Southwestern Community College,Performing Arts Center/swc,2027-03-17,2027-03-27,mstavenga@swccd.edu,Production,"900 Otay Lakes Rd, Chula Vista, CA 91910",Chula Vista,CA,91910,US,http://www.swccd.edu,(619) 421-6700,https://www.facebook.com/SWCcollege,https://www.instagram.com/swc_college/,MTI,https://www.mtishows.com/shows,performance run,School,2026-08-18
Disney's Finding Nemo Jr.,Allisonville Elementary School,Allisonville Elementary School,2027-03-18,2027-03-19,chaslett@msdwt.k12.in.us,Production,"4900 East 79th Street, Indianapolis, IN 46250",Indianapolis,IN,46250,US,http://www.msdwt.k12.in.us,(317) 845-9400,https://www.facebook.com/MSDWT#,,MTI,https://www.mtishows.com/shows,performance run,School,2026-08-18
Disney's Alice In Wonderland Jr.,Ascent Academies Of Utah,Ascent Academies Of Utah,2027-03-18,2027-03-20,info@ascentutah.org,Production,"2199 W 900 N, Lehi, UT 84043-5443",Lehi,UT,84043-5443,US,http://ascentutah.org,+1-385-220-2200,https://www.facebook.com/AAUFarmington/,,MTI,https://www.mtishows.com/shows,performance run,Non-Professional,2026-08-18
13 Jr.,Campbell Middle School,Campbell Middle School,2027-03-18,2027-03-20,campbellmiddle@cobbk12.org,Production,"3295 Atlanta Rd, Smyrna, GA 30080",Smyrna,GA,30080,US,https://www.cobbk12.org/campbellms/,(678) 842-6873,https://www.facebook.com/cobbschools,,MTI,https://www.mtishows.com/shows,performance run,Non-Professional,2026-08-18
Disney's The Lion King Jr,Hopewell Crest School,Hopewell Crest School,2027-03-18,2027-03-20,jlutek@hopewellcrest.org,Production,"122 Sewall Road, Bridgeton, NJ 08302",Bridgeton,NJ,8302,US,http://www.hopewellcrest.org,(856) 451-9203,https://www.facebook.com/hopewellcrestschool,https://www.instagram.com/hopewellcrestschool/,MTI,https://www.mtishows.com/shows,performance run,School,2026-08-18
Disney's The Little Mermaid,Mt Gilead High School,Mt Gilead High School,2027-03-18,2027-03-21,info@mgschools.org,Production,"338 Park Ave, Mount Gilead, OH 43338",Mount Gilead,OH,43338,US,http://www.mgschools.org,(419) 946-1646,,,MTI,https://www.mtishows.com/shows,performance run,School,2026-08-18
Annie Jr,North Shore Mountain Theatre,Terry Fox Theatre,2027-03-18,2027-03-20,information@sd43.bc.ca,Production,"1160 Riverwood Gate, Port Coquitlam, BC V3B 7Z5, CA",Port Coquitlam,BC,V3B 7Z5,CA,http://www.sd43.bc.ca,(604) 939-9201,http://www.facebook.com/sd43bc,https://www.instagram.com/schooldistrict43/,MTI,https://www.mtishows.com/shows,performance run,Non-Professional,2026-08-18
Godspell-2012 Revised Version,Phamaly Theatre Company,Parsons Theatre / North Glenn Arts,2027-03-18,2027-04-04,education@dcpa.org,Organizations,"1 East Memorial Parkway, Northglenn, CO 80233",Northglenn,CO,80233,US,http://www.phamaly.org,,,,MTI,https://www.mtishows.com/shows,extended run,Non-Professional,2026-08-18
Disney's Newsies Jr.,St Jude The Apostle Catholic School,St Jude Cafe,2027-03-18,2027-03-19,mdean@saintjude.net,Production,"7171 Glenridge Drive Ne, Atlanta, GA 30328",Atlanta,GA,30328,US,http://www.saintjude.net,(770) 394-2880,https://www.facebook.com/StJudeSchoolAtl,https://www.instagram.com/saintjudepta/,MTI,https://www.mtishows.com/shows,performance run,Non-Professional,2026-08-18
Ring of Fire: Small Cast Edition,Studio Tenn,Studio Tenn,2027-03-18,2027-04-04,info@studiotenn.org,Production,"Franklin, TN",Franklin,TN,,US,http://www.studiotenn.org,,https://www.facebook.com/studiotenntheatrecompany,https://www.instagram.com/studiotenn/,TRW,https://www.theatricalrights.com/show/ring-of-fire-small-cast-edition/,extended run,,2026-08-18
Wonderland,Univ Of Northern British Columbia,Prince George Playhouse,2027-03-18,2027-03-28,info@studio2880.com,Production,"2626 Recplace Drive, Prince George, BC V2N 2S9, CA",Prince George,BC,V2N 2S9,CA,https://www.princegeorgeplayhouse.ca/,,https://www.facebook.com/PGPlayhouse,https://www.instagram.com/princegeorgeplayhouse/,MTI,https://www.mtishows.com/shows,performance run,School,2026-08-25
Berlin To Broadway With Kurt Weill,Univ Of The Pacific,Long Theater,2027-03-18,2027-03-21,admissions@pacific.edu,Production,"3601 Pacific Avenue, Conservatory Of Music, Stockton, CA 95211",Stockton,CA,95211,US,http://www.pacific.edu,(916) 520-7499,https://www.facebook.com/universityofthepacific/,https://www.instagram.com/universityofthepacific/,MTI,https://www.mtishows.com/shows,performance run,School,2026-08-18
Lionel Bart's Oliver!,Encore Homeschool Productions,The Junction Center,2027-03-19,2027-03-21,info@thejunctioncenter.com,Production,"1875 Junction Rd., Manheim, PA 17545",Manheim,PA,17545,US,http://thejunctioncenter.com,(717) 459-3701,,,MTI,https://www.mtishows.com/shows,performance run,Non-Professional,2026-08-18
Disney's Newsies Jr.,Erie Day School,Erie Day School,2027-03-19,2027-03-21,ktyler@eriedayschool.com,Production,"1372 W 6th Street, Erie, PA 16505",Erie,PA,16505,US,http://www.eriedayschool.com,(814) 452-4273,https://www.facebook.com/ErieDaySchool,https://www.instagram.com/eriedayschool1929/,MTI,https://www.mtishows.com/shows,performance run,Non-Professional,2026-08-19
The Music Man Jr,Fonda Fultonville Central School,Fonda Fultonville Central School,2027-03-19,2027-03-21,sarce@ffcsd.org,Production,"112 Old Johnstown Road, Fonda, NY 12068",Fonda,NY,12068,US,http://www.fondafultonvilleschools.org/,(518) 853-4415,https://www.facebook.com/ffcsd/,,MTI,https://www.mtishows.com/shows,performance run,School,2026-08-18
The Odd Couple (Female Version),Greensburg Garden and Civic Center,Greensburg Garden and Civic Center,2027-03-19,2027-03-21,info@gctheatre.org,Production,"951 Old Salem Road, Greensburg, PA",Greensburg,PA,,US,http://www.gctheatre.org,(724) 414-1220,https://www.facebook.com/,https://www.instagram.com/,CONCORD,https://www.concordtheatricals.com/p/2807/the-odd-couple-female-version,performance run,Amateur,2026-08-18
American Idiot,Marin Musical Theatre Company,Novato Theatre Company,2027-03-19,2027-04-11,info@novatotheatercompany.org,Production,"5420 Nave Dr, Novato, CA 94949",Novato,CA,94949,US,http://www.novatotheatercompany.org/,(415) 883-4498,https://www.facebook.com/novatotheatercompany/,,MTI,https://www.mtishows.com/shows,extended run,Non-Professional,2026-08-18
Seussical Jr.,Mother Of Sorrows School,Mother Of Sorrows School,2027-03-19,2027-03-21,mailtoasmart@mosschool.org,Production,"3264 Evergreen Drive, Murrysville, PA 15668",Murrysville,PA,15668,US,http://www.mosschool.org,(724) 733-8840,https://www.facebook.com/mosscatholicschool/,,MTI,https://www.mtishows.com/shows,performance run,Non-Professional,2026-08-25
Disney's Frozen Jr,Noonan Academy,Noonan Academy,2027-03-19,2027-03-21,staff@noonanacademy.org,Production,"19101 Henry Drive, Mokena, IL 60448",Mokena,IL,60448,US,http://www.noonanacademy.org/,(708) 479-6859,https://www.facebook.com/noonanacademy,https://www.instagram.com/noonanacademy/,MTI,https://www.mtishows.com/shows,performance run,Non-Professional,2026-08-18
Disney's Newsies Jr.,Perry High School,Perry High School,2027-03-19,2027-03-20,kleinm@perry.k12.mi.us,Production,"2555 Britton Road, Perry, MI 48872",Perry,MI,48872,US,https://www.perry.k12.mi.us/o/hs,(517) 625-3104,,,MTI,https://www.mtishows.com/shows,performance run,School,2026-08-18
Alice By Heart,South High School,South High School,2027-03-19,2027-03-21,info@dpsk12.org,Production,"1700 East Louisianna, Denver, CO 80210",Denver,CO,80210,US,http://www.dpsk12.org,,,,MTI,https://www.mtishows.com/shows,performance run,School,2026-08-18
Into The Woods,Tempe Preparatory Academy,Tempe Preparatory Academy,2027-03-19,2027-03-21,frontdesk@tempeprep.org,Production,"1251 East Southern Avenue, Tempe, AZ 85282",Tempe,AZ,85282,US,http://www.tempeprep.org,(480) 839-3402,https://www.facebook.com/tempeprep,https://www.instagram.com/tempeprepacademy/,MTI,https://www.mtishows.com/shows,performance run,School,2026-08-18
Next To Normal,Theatre Collective Of Northwest Arkansas,The Medium,2027-03-19,2027-03-21,info@artslivetheatre.com,Production,"214 S Main St, Springdale, AR 72764",Springdale,AR,72764,US,http://www.artslivetheatre.com,(479) 521-4932,https://www.facebook.com/search/top,https://www.instagram.com/artslivetheatre,MTI,https://www.mtishows.com/shows,performance run,Non-Professional,2026-08-18
Disney's Finding Nemo Kids,Jdl Performing Arts,Maja Prentice Theatre,2027-03-20,2027-03-20,info@kalayaancentre.ca,Production,"3650 Dixie Rd, Mississauga, ON L4Y 3V9, CA",Mississauga,ON,L4Y 3V9,CA,https://kalayaancentre.ca/,(905) 602-0923,,,MTI,https://www.mtishows.com/shows,performance run,Non-Professional,2026-08-18
Disney's Frozen Jr,Haverhill Elementary School,Haverhill Elementary School,2027-03-22,2027-03-23,sfleming@sacs.k12.in.us,Production,"4725 Weatherside Run, Fort Wayne, IN 46804",Fort Wayne,IN,46804,US,http://www.sacs.k12.in.us,(260) 431-2051,https://www.facebook.com/welovesacs,https://www.instagram.com/wearesacs/,MTI,https://www.mtishows.com/shows,performance run,Non-Professional,2026-08-21
Disney's Beauty And The Beast Jr,Vancouver Talmud Torah Elementary,Norman Rothstein Theatre,2027-03-22,2027-03-24,nrt@jccgv.bc.ca,Production,"950 West 41st Avenue, Vancouver, BC V5Z 2N7, CA",Vancouver,BC,V5Z 2N7,CA,http://www.normanrothsteintheatre.com,(604) 257-5111,https://www.facebook.com/Chutzpah.NRT,https://www.instagram.com/normanrothsteintheatre/,MTI,https://www.mtishows.com/shows,performance run,School,2026-08-18
Shrek The Musical Jr,Carvers Bay Middle School,Audtorium,2027-03-23,2027-03-25,safety@gcsd.k12.sc.us,Production,"13000 Choppee Road, Hemingway, SC 29554",Hemingway,SC,29554,US,https://georgetowncountysdsc.sites.thrillshare.com/o/cbm,(843) 545-0918,https://www.facebook.com/GeorgetownCountySchoolDistrict,,MTI,https://www.mtishows.com/shows,performance run,Non-Professional,2026-08-18
Disney's Lion King Kids,Benefield Elementary School,Discovery High School,2027-03-24,2027-03-25,webmaster@gcpsk12.org,Production,"1335 Old Norcross Road, Lawrenceville, GA 30046",Lawrenceville,GA,30046,US,https://discoveryhs.gcpsk12.org/,(678) 226-4250,https://www.facebook.com/discoverygcps,https://www.instagram.com/dhstitans/,MTI,https://www.mtishows.com/shows,performance run,School,2026-08-18
Peter Pan Jr,Creekside Elementary School,Creekside Elementary School,2027-03-24,2027-03-27,information@scott.kyschools.us,Organizations,"275 West Mutton Hollow Road, Kaysville, UT 84037",Kaysville,UT,84037,US,,,,,MTI,https://www.mtishows.com/shows,performance run,School,2026-08-18
Disney's High School Musical Jr.,Highland Arts Theatre,Highland Arts Theatre,2027-03-24,2027-03-28,info@highlandartstheatre.com,Production,"40 Bentinck St, Sydney, NS B1P 1G2, CA",Sydney,NS,B1P 1G2,CA,http://www.highlandartstheatre.com,902 565 3637,https://www.facebook.com/HighlandArtsTheatre,https://www.instagram.com/highlandartstheatreofficial/,MTI,https://www.mtishows.com/shows,performance run,Non-Professional,2026-08-18
Annie,Buckley Country Day School,Buckley Country Day School,2027-03-25,2027-03-25,cfortuna@buckleycountryday.com,Production,"I U Willets Road, Roslyn, NY 11576",Roslyn,NY,11576,US,http://www.buckleycountryday.com,(516) 627-1910,https://www.facebook.com/buckleycountrydayschool/,https://www.instagram.com/buckleycountrydayschool/,MTI,https://www.mtishows.com/shows,performance run,Non-Professional,2026-08-18
Disney's Alice In Wonderland Jr.,Meyer Preparatory School,Strauss Hall,2027-03-25,2027-03-25,info@meyerprep.org,Production,"5225 Hood Rd., Palm Beach Gardens, FL 33418",Palm Beach Gardens,FL,33418,US,http://www.meyerprep.org,(561) 686-6520,https://www.facebook.com/meyerprep/,,MTI,https://www.mtishows.com/shows,performance run,Non-Professional,2026-08-18
A Year With Frog And Toad,St Mary's University-department Of Music,St Marys University,2027-03-25,2027-03-28,uadm@stmarytx.edu,Production,"One Camino Santa Maria, San Antonio, TX 78228",San Antonio,TX,78228,US,https://www.stmarytx.edu,(210) 436-3011,,,MTI,https://www.mtishows.com/shows,performance run,School,2026-08-18
Peter Pan,Versailles High School,Versailles Performing Arts Center,2027-03-25,2027-03-27,haley.kramer@vtigers.org,Production,"280 Marker Rd., Versailles, OH 45380",Versailles,OH,45380,US,http://www.versailles.k12.oh.us,(937) 526-4427,,,MTI,https://www.mtishows.com/shows,performance run,School,2026-08-18
Little Shop Of Horrors,Cedar Falls Community Theatre,Oster Regent Theatre,2027-03-26,2027-04-04,info@mycfct.org,Production,"103 Main Street, Cedar Falls, IA 50613",Cedar Falls,IA,50613,US,https://www.mycfct.org/,(319) 277-5283,https://www.facebook.com/MyCFCT,https://www.instagram.com/mycfct/,MTI,https://www.mtishows.com/shows,performance run,Non-Professional,2026-08-18
Seussical Jr.,Glenn C Jones Middle School,Glenn C. Jones Middle School,2027-03-26,2027-03-27,myschoolboard@gcpsk12.org,Production,"3575 Ridge Road, Buford, GA 30519",Buford,GA,30519,US,http://glennjonesms.org,(678) 301-6000,https://www.facebook.com/GwinnettSchools/,https://www.instagram.com/gwinnettschools/,MTI,https://www.mtishows.com/shows,performance run,Non-Professional,2026-08-18
Shrek The Musical Jr,Norman Rockwell Elementary School,Redmond High School Performing Arts,2027-03-27,2027-03-27,jclabaugh@lwsd.org,Production,"17272 Ne 104th St., Redmond, WA 98052",Redmond,WA,98052,US,https://rhs.lwsd.org/activities/performing-arts-center,(425) 936-1800,https://www.facebook.com/LakeWashingtonSchools,https://www.instagram.com/lakewashingtonschools/,MTI,https://www.mtishows.com/shows,performance run,School,2026-08-18
Shrek The Musical Jr,Studio 410,Drayton Festival Theatre,2027-03-30,2027-04-18,boxoffice@draytonentertainment.com,Production,"33 Wellington St S, West, ON N0G 1P0, CA",West,ON,N0G 1P0,CA,http://www.draytonentertainment.com,(855) 372-9866,https://www.facebook.com/draytonentertainment,https://www.instagram.com/DraytonEntertainment,MTI,https://www.mtishows.com/shows,extended run,Non-Professional,2026-08-21
Shrek The Musical,American Stage Theatre,American Stage Company,2027-03-31,2027-05-02,boxoffice@americanstage.org,Production,"163 3rd St N, St Petersburg, FL 33701",St Petersburg,FL,33701,US,http://www.americanstage.org,(727) 823-7529,https://www.facebook.com/americanstage,https://instagram.com/americanstage,MTI,https://www.mtishows.com/shows,extended run,Professional,2026-08-18
Disney's Aladdin Kids,Findley Oaks Elementary,Findley Oaks Elementary,2027-03-31,2027-04-01,160-dismissalfoe@fultonschools.org,Production,"5880 Findley Chase Drive, Johns Creek, GA 30097",Johns Creek,GA,30097,US,https://findleyoaks.fultonschools.org/,(470) 254-3800,https://www.facebook.com/profile.php,https://www.instagram.com/findleyoakses/,MTI,https://www.mtishows.com/shows,performance run,School,2026-08-18
Annie Jr,Gilbert Christian Schools,Gilbert Christian Middle School,2027-04-01,2027-04-03,contact.ds@gcsaz.org,Production,"22201 S Val Vista Dr, Gilbert, AZ 85298",Gilbert,AZ,85298,US,http://www.gcsaz.org,(480) 809-6690,https://www.facebook.com/GilbertChristianSchools/,https://www.instagram.com/gilbertchristianschools/,MTI,https://www.mtishows.com/shows,performance run,School,2026-08-19
How To Train Your Dragon The Musical Jr.,Jackson Theatre Guild,Ned Mcwherter Perf Arts Center,2027-04-01,2027-04-30,ariel@jtgonline.com,Production,"314 E. Main St., Jackson, TN 38301",Jackson,TN,38301,US,http://www.jtgonline.com/,(731) 427-3200,,,MTI,https://www.mtishows.com/shows,extended run,Non-Professional,2026-08-18
Cry-baby,Northwest Mo State University/dept Theatre And Music,Northwest Mo State University,2027-04-01,2027-04-04,admissions@nwmissouri.edu,Production,"Ron Houston Center For Perf. Arts, 800 University Drive, Maryville, MO 64468",Maryville,MO,64468,US,http://www.nwmissouri.edu,(660) 562-1212,https://www.facebook.com/nwmissouri,https://www.instagram.com/nwmostate/,MTI,https://www.mtishows.com/shows,performance run,School,2026-08-18
Disney's Frozen Jr,Norwood Public School,Norwood Public School,2027-04-01,2027-04-03,argenziano@nvnet.org,Production,"177 Summit Street, Norwood, NJ 07648",Norwood,NJ,7648,US,http://www.nvnet.org,(201) 768-2200,https://www.facebook.com/northernvalleyregional,,MTI,https://www.mtishows.com/shows,performance run,Non-Professional,2026-08-18
Bring It On,Ohio Wesleyan Univ,Ohio Wesleyan Univ / Dept Perf Arts,2027-04-01,2027-04-11,rdedward@owu.edu,Production,"Chappelear Drama Center, Delaware, OH",Delaware,OH,,US,http://owu.edu/performingarts,(800) 922-8953,https://www.facebook.com/OhioWesleyanUniversity,https://instagram.com/ohiowesleyan/,MTI,https://www.mtishows.com/shows,performance run,School,2026-08-18
Into The Woods,Pied Piper Childrens Theatre,Hebrew Tabernacle,2027-04-01,2027-04-11,info@piedpiper.nyc,Production,"551 Fort Washington Ave, New York, NY 10033-1908",New York,NY,10033-1908,US,http://piedpiper.nyc,(718) 496-7233,http://facebook.com/PiedPiperChildrensTheatre,http://instagram.com/piedpipertheatre,MTI,https://www.mtishows.com/shows,performance run,Non-Professional,2026-08-18
Something Rotten!,Umpqua Actors Community Theatre,Umpqua Actors Community Theatre,2027-04-01,2027-04-18,admin@uact-theatre.org,Production,"1614 West Harvard Ave, Roseburg, OR 97470",Roseburg,OR,97470,US,http://www.uact-theatre.com,(541) 673-2125,https://www.facebook.com/UACTors/,,MTI,https://www.mtishows.com/shows,extended run,Non-Professional,2026-08-18
Something Rotten!,Washington College- Music,Washington College - Decker Theater,2027-04-01,2027-04-03,marcomm@washcoll.edu,Production,"300 Washington Ave, Chestertown, MD 21620-1438",Chestertown,MD,21620-1438,US,http://washcoll.edu,+1-410-778-2800,https://www.facebook.com/washingtoncollege/,https://www.instagram.com/washcoll/,MTI,https://www.mtishows.com/shows,performance run,School,2026-08-18
Peter Pan Jr,Williston Central School,Williston Central School,2027-04-01,2027-04-03,info@wsdvt.org,Production,"195 Central School Drive, Williston, VT 05495",Williston,VT,5495,US,http://www.wsdvt.org,(802) 655-0485,https://www.facebook.com/WinooskiLearns/,https://instagram.com/WinooskiLearns,MTI,https://www.mtishows.com/shows,performance run,Non-Professional,2026-08-18
The Cottage,Cadillac High School Auditorium,Cadillac High School Auditorium,2027-04-02,2027-04-10,info@cadillacfootliters.com,Production,"400 Linden Street, Cadillac, MI",Cadillac,MI,,US,http://www.cadillacfootliters.com,,https://www.facebook.com/Footliters-276559137561/,,CONCORD,https://www.concordtheatricals.com/p/98976/the-cottage,performance run,Amateur,2026-08-18
Bat Boy: The Musical,Center Stage Theater,Center Stage Theater,2027-04-02,2027-04-11,info@outoftheboxtheatre.org,Production,"751 Paseo Nuevo, Santa Barbara, CA",Santa Barbara,CA,,US,http://www.outoftheboxtheatre.org,,https://www.facebook.com/outoftheboxtheatre/,https://www.instagram.com/outoftheboxtheatre/,CONCORD,https://www.concordtheatricals.com/p/13042/bat-boy-the-musical,performance run,Amateur,2026-08-18
Into The Woods,Marquette University Dept. Of Perf. Arts,Evan P Marion Helfaer,2027-04-02,2027-04-11,amanda.keeler@marquette.edu,Production,"1304 W. Clybourn St, Milwaukee, WI 53233",Milwaukee,WI,53233,US,http://www.marquette.edu/theatre,(414) 288-7133,https://www.facebook.com/MarquetteTheatre/,https://www.instagram.com/mutheatre/,MTI,https://www.mtishows.com/shows,performance run,School,2026-08-18
Mamma Mia!,Nanakuli High And Intermediate School,Nanakuli High And Intermediate Schl,2027-04-02,2027-04-11,kitsur001@gmail.com,Production,"89-980 Nanakuli Avenue, Waianae, HI 96792",Waianae,HI,96792,US,http://www.nhispac.com,,https://www.facebook.com/npac1991/,,MTI,https://www.mtishows.com/shows,performance run,School,2026-08-18
The SpongeBob Musical,Parrish Community Theatre Auditorium,Parrish Community Theatre Auditorium,2027-04-02,2027-04-04,bradshad@manateeschools.net,Production,"7505 Fort Hamer, Parrish, FL",Parrish,FL,,US,https://www.manateeschools.net/parrish,(941) 803-9330,https://www.facebook.com/Parrish-Community-High-School-2128345157456507,https://www.instagram.com/pchsbulls,CONCORD,https://www.concordtheatricals.com/p/65887/the-spongebob-musical,performance run,Amateur,2026-08-18
Annie,Pratt Community College,Pratt Community College,2027-04-02,2027-04-04,ashleypb@prattcc.edu,Production,"348 Ne State Rd 61, Pratt, KS 67124",Pratt,KS,67124,US,http://www.prattcc.edu,(620) 672-5641,https://www.facebook.com/prattcommunitycollege,https://instagram.com/prattcc,MTI,https://www.mtishows.com/shows,performance run,School,2026-08-18
A Little Night Music,Suny- Fredonia,Suny Fredonia,2027-04-02,2027-04-11,theatre.dance@fredonia.edu,Production,"212 Rockefeller Arts Center, Fredonia, NY 14063",Fredonia,NY,14063,US,http://www.fredonia.edu/department/theatredance/,+1-716-673-3111,https://www.facebook.com/fredoniau,https://www.instagram.com/fredoniau,MTI,https://www.mtishows.com/shows,performance run,School,2026-08-18
Frozen,Univ Of Quebec At Chicoutimi,Salle Fran-ois Brassard,2027-04-02,2027-04-03,servicescommunautaires@cegepjonquiere.ca,Production,"2505 Rue St-hubert, Jonqui-re, QC G7X 7W2, CA",Jonqui-re,QC,G7X 7W2,CA,https://www.cegepjonquiere.ca/salle-francois-brassard.html,(418) 547-2191,https://www.facebook.com/cegepjonq,https://www.instagram.com/cegepdejonquiere,MTI,https://www.mtishows.com/shows,performance run,School,2026-08-18
Les Miserables,Wild Goose Players,David Stern,2027-04-02,2027-04-10,dstern@wildgooseplayers.com,Production,"7 Village Square, Bellows Falls, VT 05101",Bellows Falls,VT,5101,US,http://wildgooseplayers.com,(802) 376-4761,,,MTI,https://www.mtishows.com/shows,performance run,Non-Professional,2026-08-18
Roald Dahl's Willy Wonka Jr.,Good Shepherd Catholic Regional School,Assembly Theatre,2027-04-03,2027-04-03,assemblyact@gmail.com,Production,"26 East Avenue, Harrisville, RI 02830",Harrisville,RI,2830,US,https://www.assemblytheatre.org/,,https://www.facebook.com/assemblytheatreRI,http://www.instagram.com/assemblyact,MTI,https://www.mtishows.com/shows,performance run,Non-Professional,2026-08-18
Honk! Jr,Penobscot Theatre - Camp,Bangor Opera House,2027-04-03,2027-04-04,info@penobscottheatre.org,Production,"131 Main Street, Bangor, ME 04401",Bangor,ME,4401,US,http://www.penobscottheatre.org,(207) 947-6618,https://www.facebook.com/penobscottheatrecompany,https://www.instagram.com/penobscottheatrecompany/,MTI,https://www.mtishows.com/shows,performance run,Non-Professional,2026-08-25
Disney's The Lion King Jr,Richmond Christian School Middle Campus,Gateway Theatre,2027-04-07,2027-04-08,events@gatewaytheatre.com,Production,"6500 Gilbert Road, Richmond, BC V7C 3V4, CA",Richmond,BC,V7C 3V4,CA,http://gatewaytheatre.com,(604) 270-1812,https://www.facebook.com/GatewayThtr/,https://www.instagram.com/gatewaythtr/,MTI,https://www.mtishows.com/shows,performance run,Non-Professional,2026-08-18
Disney's Beauty And The Beast Jr,Bi Cultural Day School,Bi-cultural Hebrew Academy,2027-04-08,2027-04-11,info@bcha-ct.org,Production,"2186 High Ridge Road, Stamford, CT 06903",Stamford,CT,6903,US,http://bcha-ct.org,(203) 329-2186,https://www.facebook.com/biculturalhebrewacademy/,https://www.instagram.com/bcha_ct/,MTI,https://www.mtishows.com/shows,performance run,Non-Professional,2026-08-18
The 25th Annual Putnam County Spelling Bee,Catalyst Theatre,Waterworks,2027-04-08,2027-04-18,ampinfo@theamp.com,Organizations,"184 San Marco Avenue, St. Augustine, FL 32092",St. Augustine,FL,32092,US,,,,,MTI,https://www.mtishows.com/shows,performance run,Non-Professional,2026-08-26
Roald Dahl's Matilda The Musical Jr,Holy Cross School,Holy Cross School,2027-04-08,2027-04-10,gkoerner@holycrosselem.org,Production,"410 West White Street, Champaign, IL 61820",Champaign,IL,61820,US,http://www.holycrosselem.org,(217) 356-9521,https://www.facebook.com/watch/,,MTI,https://www.mtishows.com/shows,performance run,Non-Professional,2026-08-18
Annie Jr,Holy Ghost School,Columbia Theatre,2027-04-08,2027-04-09,bettina.stansbury@selu.edu,Production,"220 East Thomas St., Hammond, LA 70401",Hammond,LA,70401,US,http://www.columbiatheatre.org,+19855434366,https://www.facebook.com/LamarHammondNorthshore/,https://www.instagram.com/columbiatheatre/,MTI,https://www.mtishows.com/shows,performance run,Non-Professional,2026-08-18
Shrek The Musical Kids,K2k Productions,Movement Church,2027-04-08,2027-04-10,info@k2kproductions.ca,Production,"65 Lansdowne Ave, Woodstock, ON N4T 1S8, CA",Woodstock,ON,N4T 1S8,CA,http://k2kproductions.ca,(519) 290-9525,https://facebook.com/K2Kwelcome,https://instagram.com/K2k_productions,MTI,https://www.mtishows.com/shows,performance run,Non-Professional,2026-08-18
Wonderland,Lester Centre Of The Arts,Lester Centre Of The Arts,2027-04-08,2027-04-10,manager@lestercentre.ca,Production,"1100 Mcbride Street, Prince Rupert, BC V8J 3H2, CA",Prince Rupert,BC,V8J 3H2,CA,http://www.lestercentre.ca,(250) 627-8888,https://www.facebook.com/LesterCentreOfTheArts,,MTI,https://www.mtishows.com/shows,performance run,Non-Professional,2026-08-18
Disney's The Little Mermaid,Lutheran High School Of St Charles,Lutheran High School,2027-04-08,2027-04-10,webadmin@lhssc.org,Production,"5100 Mexico Road, Saint Peters, MO 63376",Saint Peters,MO,63376,US,http://lutheranhighstcharles.com,(636) 928-5100,http://www.facebook.com/LutheranHigh,https://www.instagram.com/lutherancougars/,MTI,https://www.mtishows.com/shows,performance run,School,2026-08-18
Shrek The Musical Jr,Montessori Academy,Montessori Academy,2027-04-08,2027-04-10,ddeharde@montessoriacad.org,Production,"100 Montessori Drive, Brentwood, TN 37027",Brentwood,TN,37027,US,http://montessoriacad.org,,https://www.facebook.com/MontessoriAcademyTN/,http://instagram.com/montessori_academy_tn,MTI,https://www.mtishows.com/shows,performance run,Non-Professional,2026-08-27
Sister Act,Port Chester High School,Port Chester High School,2027-04-08,2027-04-11,pchsattendance@portchesterschools.org,Production,"Tamarack Road, Port Chester, NY 10573",Port Chester,NY,10573,US,https://www.portchesterschools.org/pchs/home,(914) 934-7950,https://www.facebook.com/PortChesterUFSD,https://www.instagram.com/PortChesterUFSD/,MTI,https://www.mtishows.com/shows,performance run,School,2026-08-18
Legally Blonde,Rancocas Valley Regional High School,Rancocas Valley Reg.hs Pac,2027-04-08,2027-04-10,cpugliese@rvrhs.com,Production,"520 Jacksonville Rd, Mt Holly, NJ 08060",Mt Holly,NJ,8060,US,http://www.rvrhs.com,(609) 267-0830,https://www.facebook.com/rvrhsnj,,MTI,https://www.mtishows.com/shows,performance run,School,2026-08-18
Disney's The Lion King Jr,St Thomas Aquinas School,St. Thomas Aquinas School Drama Ro,2027-04-08,2027-04-18,admissions@staschool.org,Production,"3741 Abrams, Dallas, TX 75214",Dallas,TX,75214,US,http://www.staschool.org,(469) 341-0911,http://facebook.com/staschooldallas,https://www.instagram.com/staschooldallas/,MTI,https://www.mtishows.com/shows,performance run,Non-Professional,2026-08-20
Frozen,Timberlane Regional High School,Timberlane Performing Arts Center,2027-04-08,2027-04-11,lynn.mastorakos@timberlane.net,Production,"Timberlane Performing Arts Center -, Plaistow, NH 03865",Plaistow,NH,3865,US,http://timberlane.net/pac,(603) 382-6119,https://www.facebook.com/TimberlaneRegional,https://www.instagram.com/timberlanersd,MTI,https://www.mtishows.com/shows,performance run,School,2026-08-18
Come From Away,"Upstage Productions, Inc",Columbia-greene Cc Arts Center,2027-04-08,2027-04-11,info@upstageproductions.org,Production,"4400 Route 23, 9 Cedar Pkwy, Hudson, NY 12534",Hudson,NY,12534,US,http://www.upstageproductions.org,,https://www.facebook.com/UpstageProductionsNY/,https://www.instagram.com/upstageproductionsinc/,MTI,https://www.mtishows.com/shows,performance run,Non-Professional,2026-08-18
Sweeney Todd School Edition,Yorktown High School,Yorktown H S,2027-04-08,2027-04-10,info@yhstheatre.org,Production,"5200 Yorktown Boulevard, Arlington, VA 22207",Arlington,VA,22207,US,http://www.yhstheatre.org,,,,MTI,https://www.mtishows.com/shows,performance run,School,2026-08-18
Shrek The Musical,Cherry Hill High School East,Cherry Hill High School East,2027-04-09,2027-04-18,sgoldthorp@chclc.org,Production,"Drama Department, 1750 Kresson Rd, Cherry Hill, NJ 08003",Cherry Hill,NJ,8003,US,http://chclc.org,(856) 429-5600,https://www.facebook.com/ZonePTACherryHillPublicSchools,https://instagram.com/chpsinsta,MTI,https://www.mtishows.com/shows,performance run,School,2026-08-18
Frozen,Christ Chapel Academy,Christ Chapel Academy,2027-04-09,2027-04-10,zguzman@christchapel.org,Production,"13909 Smoketown Road, Woodbridge, VA 22192",Woodbridge,VA,22192,US,http://www.christchapelacademy.org/,(703) 670-3822,https://www.facebook.com/ChristChapelAcademy/,https://www.instagram.com/christchapelacademy/,MTI,https://www.mtishows.com/shows,performance run,School,2026-08-18
Little Shop Of Horrors,Dracut Senior High School,Dracut High School,2027-04-09,2027-04-10,ccardella@dracutps.org,Production,"1540 Lakeview Avenue, Dracut, MA 01826",Dracut,MA,1826,US,https://www.dracutps.org/page/theatre-arts,(978) 957-2660,,,MTI,https://www.mtishows.com/shows,performance run,School,2026-08-27
Disney's Finding Nemo Kids,Evergreen Childrens Chorale,Center/stage,2027-04-09,2027-04-11,info@ovationwest.org,Production,"27608 Fireweed Drive, Evergreen, CO 80439",Evergreen,CO,80439,US,https://www.ovationwest.org/center-stage,(555) 555-5555,https://facebook.com/,https://instagram.com/ovationwest,MTI,https://www.mtishows.com/shows,performance run,Non-Professional,2026-08-27
Come From Away,Indian Springs School,Indian Springs School,2027-04-09,2027-04-11,indiansprings@indiansprings.org,Production,"Indian Springs School, 190 Woodward Drive, Indian Springs, AL 35124",Indian Springs,AL,35124,US,http://www.indiansprings.org,(205) 988-3350,https://www.facebook.com/ExperienceSprings/,https://www.instagram.com/experiencesprings/,MTI,https://www.mtishows.com/shows,performance run,School,2026-08-18
Mary Poppins Jr,La Grange Academy,La Grange Academy,2027-04-09,2027-04-11,lagrangeacademy@lagrangeacademy.org,Production,"1501 Vernon Road, La Grange, GA 30240",La Grange,GA,30240,US,http://lagrangeacademy.org,(706) 882-8097,https://www.facebook.com/lagrangeacademy/,https://www.instagram.com/lagrangeacademy,MTI,https://www.mtishows.com/shows,performance run,School,2026-08-22
Disney's Descendants,Lincoln Way Community High School West,Lincoln Way Community Hs West,2027-04-09,2027-04-11,sjackson@lw210.org,Production,"21701 S. Gougar Rd, New Lenox, IL 60451",New Lenox,IL,60451,US,http://www.lwwmusic.org,(815) 462-2301,,,MTI,https://www.mtishows.com/shows,performance run,School,2026-08-27
Our Town,Shanklin Theatre,Shanklin Theatre,2027-04-09,2027-04-18,theatre@evansville.edu,Production,"1800 Lincoln Ave, Evansville, IN",Evansville,IN,,US,http://www.evansville.edu/majors/theatre/,(812) 488-2744,https://www.facebook.com/UETheatre,https://www.instagram.com/uetheatre/,CONCORD,https://www.concordtheatricals.com/p/646/our-town,performance run,Amateur,2026-08-18
Pippin,Simpson College-theatre Simpson,"Pote Theatre,blank Perf Arts",2027-04-09,2027-04-11,sandra.abbott@simpson.edu,Production,"701 North C Street, Indianola, IA 50125",Indianola,IA,50125,US,https://www.simpson.edu/life-at-simpson/ways-to-get-involved/music-performing-arts/,(515) 961-6251,https://www.facebook.com/SimpsonCollege/,https://www.instagram.com/simpsoncollege/,MTI,https://www.mtishows.com/shows,performance run,School,2026-08-18
Disney's Frozen Jr,Wilbur And Mcmahon School,Wilbur And Mcmahon Schools,2027-04-09,2027-04-12,office@lcsd.k12.ri.us,Production,"28 Commons, Little Compton, RI 02837",Little Compton,RI,2837,US,http://www.lcsd.k12.ri.us,4015920363,https://www.facebook.com/WilburMcMahonSchools,https://www.instagram.com/WilburMcMahonSchools/,MTI,https://www.mtishows.com/shows,performance run,Non-Professional,2026-08-18
Something Rotten!,Winters Mill High School,Winters Mill High School,2027-04-09,2027-04-17,constellationstheater@gmail.com,Production,"560 Gorsuch Road, Westminster, MD 21157",Westminster,MD,21157,US,https://constellationstheater.com/,,https://www.facebook.com/constellationstheater,https://www.instagram.com/constellations_theater/,MTI,https://www.mtishows.com/shows,performance run,School,2026-08-18
Ken Ludwig's Moon Over Buffalo,Belmont Town Hall,Belmont Town Hall,2027-04-10,2027-04-18,info@menotomymusicaltheater.com,Production,"455 Concord Ave, Belmont, MA",Belmont,MA,,US,http://www.menotomymusicaltheater.com,,https://www.facebook.com/menotomymusicaltheater/,,CONCORD,https://www.concordtheatricals.com/p/648/ken-ludwig-s-moon-over-buffalo,performance run,Amateur,2026-08-18
Lionel Barts Oliver! Jr,Mountain Youth Musicals,Center Stage,2027-04-10,2027-04-17,info@ovationwest.org,Production,"27608 Fireweed Dr, Evergreen, CO 80439",Evergreen,CO,80439,US,https://www.ovationwest.org/center-stage,(555) 555-5555,https://facebook.com/,https://instagram.com/ovationwest,MTI,https://www.mtishows.com/shows,performance run,Non-Professional,2026-08-18
Lerner And Loewe's Camelot,Rose Valley Chorus And Orchestra,Strath Haven Middle School,2027-04-10,2027-04-18,info@rvco.org,Production,"200 S. Providence Road, Wallingford, PA 19086",Wallingford,PA,19086,US,http://www.rvco.org,,https://www.facebook.com/RoseValleyChorus/,https://www.instagram.com/rvco1907/,MTI,https://www.mtishows.com/shows,performance run,Non-Professional,2026-08-18
Roald Dahl's Matilda The Musical Jr,Curley K-8 School,Curley K-8 School,2027-04-12,2027-04-16,ktaylorknight@bostonpublicschools.org,Production,"493 Centre St, Jamaica Plain, MA 02130",Jamaica Plain,MA,2130,US,https://tinyurl.com/3udth9a7,(617) 869-9614,,,MTI,https://www.mtishows.com/shows,performance run,Non-Professional,2026-08-18
Seussical Jr.,Leaves Of Learning Inc.,Leaves Of Learning,2027-04-12,2027-04-13,info@leavesoflearning.org,Production,"7131 Plainfield Rd., Cincinnati, OH 45236",Cincinnati,OH,45236,US,http://leavesoflearning.org,(513) 697-9021,https://www.facebook.com/LeavesofLearning,https://www.instagram.com/leavesoflearning,MTI,https://www.mtishows.com/shows,performance run,Non-Professional,2026-08-19
Seussical Jr.,River City Science Academy Intracoastal,Rcsa Intracoastal,2027-04-13,2027-04-14,intracoastal@rivercityscience.org,Production,"2002 San Pablo Rd S, Jacksonville, FL 32224",Jacksonville,FL,32224,US,https://rcsaintracoastal.org/,(904) 855-8010,https://www.facebook.com/RCSAIntracoastal/,https://www.instagram.com/rcsaintracoastal1/,MTI,https://www.mtishows.com/shows,performance run,School,2026-08-19
Seussical-theatre Young Audiences,Academy Of Community Theatre,Ent Center For The Arts,2027-04-14,2027-04-19,tickets@uccs.edu,Production,"5225 N Nevada Ave, Colorado Springs, CO 80918",Colorado Springs,CO,80918,US,https://entcenterforthearts.org/,(719) 255-3232,https://www.facebook.com/EntCenterArts/,https://www.instagram.com/entcenterarts/,MTI,https://www.mtishows.com/shows,performance run,Non-Professional,2026-08-18
Roald Dahl's Willy Wonka Kids,Frye Elementary School,Fyre Elementary School,2027-04-14,2027-04-16,contactfrye@cusd80.com,Production,"801 E Frye Rd, Room 27, Chandler, AZ 85225-5643",Chandler,AZ,85225-5643,US,http://www.cusd80.com/frye,(480) 812-6400,https://www.facebook.com/FryeFalcons,https://www.instagram.com/FryeFalcons,MTI,https://www.mtishows.com/shows,performance run,School,2026-08-18
Come From Away,Greenwich Country Day School (upper),Greenwich Country Day School (upper,2027-04-14,2027-04-18,gcds@gcds.net,Production,"401 Old Church Road, Greenwich, CT 06830",Greenwich,CT,6830,US,http://www.gcds.net/,(203) 863-5600,https://www.facebook.com/gcdstigers,https://www.instagram.com/gcdstigers/,MTI,https://www.mtishows.com/shows,performance run,School,2026-08-18
Disney's The Little Mermaid,Lincoln Christian School,Oneighty - Lincoln Christian School,2027-04-14,2027-04-17,info@lincolnchristianschool.com,Production,"1003 North 129th East Avenue, Tulsa, OK 74116",Tulsa,OK,74116,US,http://www.lincolnchristianschool.com,(918) 828-9200,https://www.facebook.com/lcstulsa/,https://www.instagram.com/lincolnchristianschool/,MTI,https://www.mtishows.com/shows,performance run,School,2026-08-21
Mean Girls,Texas Tech Univ,Maedgen Theater,2027-04-14,2027-04-25,theatre.dance@ttu.edu,Production,"2812 18th St., Suite 160, Ms 2061, Lubbock, TX 79409-2061",Lubbock,TX,79409-2061,US,http://www.theatre.ttu.edu,(806) 742-3601,https://www.facebook.com/TTUTheatreDance,https://www.instagram.com/ttutheatredance/,MTI,https://www.mtishows.com/shows,performance run,School,2026-08-18
How To Succeed In Business...trying,Univ Of North Carolina Of Pembroke Music Theatre,Givens Performing Arts Center,2027-04-14,2027-04-17,lenea.barela@uncp.edu,Production,"359 Prospect Road, Pembroke, NC 28372",Pembroke,NC,28372,US,https://www.uncp.edu/resources/givens-performing-arts-center,(910) 521-6361,https://www.facebook.com/uncpembroke,https://www.instagram.com/uncpembroke/,MTI,https://www.mtishows.com/shows,performance run,School,2026-08-18
She Loves Me,Univ Of Tennessee,University Of Tennessee,2027-04-14,2027-05-02,box_office@utk.edu,Production,"206 Mcclung Tower, Dept Of Theatre, Knoxville, TN",Knoxville,TN,,US,http://www.clarencebrowntheatre.com,(865) 974-5161,https://www.facebook.com/clarencebrowntheatre,https://www.instagram.com/clarencebrowntheatre/,MTI,https://www.mtishows.com/shows,extended run,School,2026-08-18
Next To Normal,Avila University,Frantze Family Blackbox Thatre,2027-04-15,2027-04-18,boxoffice@leawoodstageco.org,Production,"11901 Wornall Rd., Kansas City, MO 64145",Kansas City,MO,64145,US,http://www.leawoodstageco.org,,https://www.facebook.com/leawoodstageco,,MTI,https://www.mtishows.com/shows,performance run,School,2026-08-21
Peter Pan Jr,Berean Christian School,Berean Christian High School,2027-04-15,2027-04-17,info@bereanwpb.org,Organizations,"2329 Prosser Road, Knoxville, TN 37914",Knoxville,TN,37914,US,,,,,MTI,https://www.mtishows.com/shows,performance run,School,2026-08-18
Rent,Iowa State University Theatre Dept,Fisher Theater,2027-04-15,2027-04-18,musicinfo@iastate.edu,Production,"1805 Center Dr, Ames, IA 50011",Ames,IA,50011,US,http://www.theatre.iastate.edu/,,https://www.facebook.com/ISUMusic/,https://www.instagram.com/isumusicandtheatre/,MTI,https://www.mtishows.com/shows,performance run,School,2026-08-18
Into The Woods,Lake Forest College,Allan Carr Theater,2027-04-15,2027-04-24,johnston@lakeforest.edu,Production,"555 North Sheridan Road, Lake Forest, IL 60045",Lake Forest,IL,60045,US,http://www.lakeforest.edu/academics/programs/theater/,(847) 735-5140,https://www.facebook.com/lakeforestcollege/,https://www.instagram.com/lakeforestcollege,MTI,https://www.mtishows.com/shows,performance run,School,2026-08-18
Shrek The Musical Jr,North Valley Christian Academy,North Valley Christian Academy,2027-04-15,2027-04-17,info@northvalleyca.org,Production,"33655 N 27th Dr, Phoenix, AZ 85085-8875",Phoenix,AZ,85085-8875,US,http://northvalleyca.org,(623) 551-3454,https://www.facebook.com/NorthValleyChristianAcademy/,https://www.instagram.com/northvalleychristianacademy/,MTI,https://www.mtishows.com/shows,performance run,School,2026-08-18
Frozen,Parkview Baptist School,Parkview Baptist Theater,2027-04-15,2027-04-24,school@parkviewbaptist.com,Production,"5750 Parkview Church Road, Baton Rouge, LA 70816",Baton Rouge,LA,70816,US,http://www.parkviewbaptist.com,(225) 291-2500,https://www.facebook.com/pbsbr,https://www.instagram.com/pbsbr/,MTI,https://www.mtishows.com/shows,performance run,School,2026-08-18
9 To 5,Theatreworks Florida,Garden Theatre,2027-04-15,2027-05-02,theatreworksfl@gmail.com,Production,"160 W Plant Street, Winter Garden, FL 34787",Winter Garden,FL,34787,US,http://theatreworksfl.org,(407) 340-0472,https://www.facebook.com/theatreworksfl,https://instagram.com/theatreworksfl,MTI,https://www.mtishows.com/shows,extended run,Non-Professional,2026-08-18
Urinetown,Univ Of Connecticut-storrs,Harriet S. Jorgenson Theatre,2027-04-15,2027-04-25,crtboxoffice@uconn.edu,Production,"2132 Hillsdale Road, Unit 3014, University Of Connecticut, Storrs, CT 06269",Storrs,CT,6269,US,http://crt.uconn.edu,(860) 486-2113,https://www.facebook.com/CRTuconn,https://www.instagram.com/crt_uconn/,MTI,https://www.mtishows.com/shows,performance run,School,2026-08-18
Disney's Aladdin Jr.,Wayne Academy,Wayne Academy,2027-04-15,2027-04-18,info@indiantypefoundry.com,Production,"Po Box 308, Waynesboro, MS 39367",Waynesboro,MS,39367,US,http://www.wayneacademy.net/,(601) 735-2921,https://www.facebook.com/114609519251373,https://www.instagram.com/wayne_academy_jags,MTI,https://www.mtishows.com/shows,performance run,School,2026-08-18
Annie,Waynesville High School,Waynesville High School Theatre,2027-04-15,2027-04-18,traveltrackerrouting@app-garden.com,Production,"200 Gw Lane, Waynesville, MO 65583",Waynesville,MO,65583,US,http://www.waynesville.k12.mo.us,(573) 842-2000,https://www.facebook.com/WayTigers,https://www.instagram.com/waynesville_tiger_pr/,MTI,https://www.mtishows.com/shows,performance run,School,2026-08-18
American Idiot,Brookdale Community College,Brookdale Community College,2027-04-16,2027-04-25,joe@ally-marketing.com,Production,"Performing Arts Center, 765 Newman Springs Rd, Lincroft, NJ 07738",Lincroft,NJ,7738,US,http://www.brookdalecc.edu,(732) 224-2345,https://www.facebook.com/BrookdaleCCNews/,https://www.instagram.com/brookdalecc/,MTI,https://www.mtishows.com/shows,performance run,School,2026-08-18
Seussical,Carson Valley Community Theatre,Civic Hall,2027-04-16,2027-04-25,info@indiantypefoundry.com,Production,"1604 Esmeralda St., Minden, NV 89423",Minden,NV,89423,US,http://www.carsonvalleycommunitytheatre.org,(775) 782-6622,https://www.facebook.com/cvctheatre/,https://www.instagram.com/cvctheatre2004/,MTI,https://www.mtishows.com/shows,performance run,Non-Professional,2026-08-18
Disney's Descendants,Charlottesville Middle School,Charlottesville Middle School,2027-04-16,2027-04-18,goodnews@charlottesvilleschools.org,Production,"1000 Cherry Avenue, Charlottesville, VA 22903",Charlottesville,VA,22903,US,http://www.charlottesvilleschools.org,(434) 245-2400,https://facebook.com/CvilleSchools,https://www.instagram.com/cvilleschools,MTI,https://www.mtishows.com/shows,performance run,Non-Professional,2026-08-19
Disney's Newsies Jr.,Classical Christian School For The Arts,Classical Christian School For The,2027-04-16,2027-04-17,ccsaknights@gmail.com,Production,"6500 102nd Ave. N., Pinellas Park, FL 33782",Pinellas Park,FL,33782,US,http://www.ccsa.us,(727) 547-6820,https://www.facebook.com/ccsausa/,https://www.instagram.com/ccsa_arts/,MTI,https://www.mtishows.com/shows,performance run,School,2026-08-18
Once Upon A One More Time,Clear Space Theatre Company Amateur,Clear Space Theatre,2027-04-16,2027-04-18,info@clearspacetheatre.org,Production,"20 Baltimore Avenue, 20 Baltimore Avenue, Rehoboth Beach, DE 19971",Rehoboth Beach,DE,19971,US,http://www.clearspacetheatre.org,(302) 227-2270,http://facebook.com/squarespace,http://instagram.com/squarespace,MTI,https://www.mtishows.com/shows,performance run,Non-Professional,2026-08-18
Wonderland,Evansville High School,Evansville High School,2027-04-16,2027-04-18,contactus@evansville.k12.wi.us,Production,"640 S 5th St, Evansville, WI 53536-1362",Evansville,WI,53536-1362,US,http://ecsdnet.org/,(608) 882-5224,https://www.facebook.com/EvansvilleCSD/,https://www.instagram.com/evansville.csd/,MTI,https://www.mtishows.com/shows,performance run,School,2026-08-18
Shrek The Musical,Exit 7 Players Ltd,Exit 7 Players Ltd,2027-04-16,2027-05-30,admin@exit7players.org,Production,"37 Chestnut St, Ludlow, MA 01056",Ludlow,MA,1056,US,http://www.exit7players.org,(413) 583-4301,https://www.facebook.com/Exit-7-Players-Theater-119940764845545/,https://www.instagram.com/exit7players/,MTI,https://www.mtishows.com/shows,extended run,Non-Professional,2026-08-18
Something Rotten!,Henry Players,Hood Street Arts Center,2027-04-16,2027-04-25,thpboxoffice@gmail.com,Production,"136 Hood Street, Mcdonough, GA 30253",Mcdonough,GA,30253,US,http://www.henryplayers.com,,https://www.facebook.com/thehenryplayers/,,MTI,https://www.mtishows.com/shows,performance run,Non-Professional,2026-08-18
Godspell-2012 Revised Version,Huber Opera House And Civic Center Inc,Huber Opera House And Civic Center,2027-04-16,2027-04-18,huberoperahouse@outlook.com,Production,"157 East High Street, Hicksville, OH 43526",Hicksville,OH,43526,US,http://huberoperahouse.org,(419) 542-9553,https://www.facebook.com/huberoperahouse,,MTI,https://www.mtishows.com/shows,performance run,Non-Professional,2026-08-18
"Marian, or The True Tale of Robin Hood",John C Dean Community theater,John C Dean Community theater,2027-04-16,2027-04-18,bptp1993@gmail.com,Production,"673 Penfield st, Beecher, IL",Beecher,IL,,US,http://www.beecherparttimeplayers.com,,,,CONCORD,https://www.concordtheatricals.com/p/62565/marian-or-the-true-tale-of-robin-hood,performance run,Amateur,2026-08-18
Disney's The Lion King Jr,Kings Academy,Woody Auditorium,2027-04-16,2027-04-17,admissions@thekingsacademy.net,Production,"202 Smothers Road, Seymour, TN 37865",Seymour,TN,37865,US,http://www.thekingsacademy.net,(865) 573-8321,https://www.facebook.com/thekingsacademytn,https://www.instagram.com/tkaseymour/,MTI,https://www.mtishows.com/shows,performance run,Non-Professional,2026-08-18
Singin' In The Rain,Marion L Steele High School,Marion L Steele High School,2027-04-16,2027-04-18,sandstonesummertheatre@gmail.com,Production,"450 Washington Street, Amherst, OH 44001",Amherst,OH,44001,US,http://www.sandstonesummertheatre.com,,https://www.google.com/url,https://www.google.com/url,MTI,https://www.mtishows.com/shows,performance run,School,2026-08-18
Frozen,Ohio Christian University,Ohio Christian University,2027-04-16,2027-04-18,enroll@ohiochristian.edu,Production,"1476 Lancaster Pike, Circleville, OH 43113",Circleville,OH,43113,US,http://www.ohiochristian.edu,(877) 762-8669,https://www.facebook.com/OhioChristian/,https://www.instagram.com/ohiochristian,MTI,https://www.mtishows.com/shows,performance run,School,2026-08-25
Seussical Jr.,Panther Productions,Schauer Arts Center,2027-04-16,2027-04-17,info@schauercenter.org,Production,"147 N. Rural St, Hartford, WI 53027",Hartford,WI,53027,US,http://schauercenter.org,(262) 670-0560,http://www.facebook.com/schauercenter/,https://www.instagram.com/schauercenter/,MTI,https://www.mtishows.com/shows,performance run,School,2026-08-18
Seussical,Portledge School,Portledge School,2027-04-16,2027-04-18,communications@portledge.org,Production,"355 Duck Pond Road, Locust Valley, NY 11560",Locust Valley,NY,11560,US,http://www.portledge.org,+1-516-750-3100,https://www.facebook.com/portledge,https://www.instagram.com/portledge_school/,MTI,https://www.mtishows.com/shows,performance run,Non-Professional,2026-08-18
Newsies,Royal City Musical Theatre,Massey Theatre,2027-04-16,2027-05-02,producer@royalcitymusicaltheatre.com,Production,"735 - 8th Avenue, New Westminster, BC V3M 2R2, CA",New Westminster,BC,V3M 2R2,CA,http://www.royalcitymusicaltheatre.com,7787513403,http://www.facebook.com/royalcitymusicaltheatre,http://www.instagram.com/rcmtheatre,MTI,https://www.mtishows.com/shows,extended run,Non-Professional,2026-08-18
Newsies,St Theodore Guerin High School,Guerin Catholic St. Francis Audtori,2027-04-16,2027-04-24,admissions@guerincatholic.org,Production,"15300 N Gray Rd, Noblesville, IN 46062-9234",Noblesville,IN,46062-9234,US,http://www.guerincatholic.org,+13175820120,https://www.facebook.com/GuerinCatholic,https://www.instagram.com/guerincatholic/,MTI,https://www.mtishows.com/shows,performance run,School,2026-08-18
Once On This Island,Texas Southern University-dept Of Fine Arts,Dept Of Fine Arts-theatre,2027-04-16,2027-04-18,web-accessibility@tsu.edu,Production,"3100 Cleburne St, Houston, TX 77004",Houston,TX,77004,US,http://www.tsu.edu,(713) 313-7011,https://www.facebook.com/texassouthernuniversity/,https://www.instagram.com/texassouthern/,MTI,https://www.mtishows.com/shows,performance run,School,2026-08-18
Into The Woods,Theatre New Brunswick School,Fredericton Playhouse,2027-04-16,2027-04-17,boxoffice@theplayhouse.ca,Production,"686 Queen Street, Fredericton, NB E3B1C2, CA",Fredericton,NB,E3B1C2,CA,https://theplayhouse.ca/en,(506) 458-8344,http://www.facebook.com/frederictonplayhouse,https://www.instagram.com/fredplayhouse,MTI,https://www.mtishows.com/shows,performance run,Non-Professional,2026-08-20
The 25th Annual Putnam County Spelling Bee,"Theatre Oxford, Inc.",The Powerhouse,2027-04-16,2027-04-17,help@oxfordarts.com,Production,"413 S 14th St, Oxford, MS 38655",Oxford,MS,38655,US,https://www.oxfordarts.com/,(662) 236-6429,https://www.facebook.com/yoknapatawphaartscouncil,https://www.instagram.com/yacartscouncil/,MTI,https://www.mtishows.com/shows,performance run,Non-Professional,2026-08-18
Les Miserables School Edition,Geneva School Of Boerne,Auditorium at Geneva School Of Boerne,2027-04-17,2027-04-18,tsettle@genevaschooltx.org,Production,"113 Cascade Caverns Road, Boerne, TX 78015",Boerne,TX,78015,US,http://www.genevaschooltx.org,(830) 755-6101,https://www.facebook.com/pg/genevaschooltx/posts/,https://www.instagram.com/genevaschooltx/,MTI,https://www.mtishows.com/shows,performance run,School,2026-08-18
Annie,St Isidore School,St Isidore School,2027-04-18,2027-04-18,general@stisidoreparish.org,Production,"431 West Army Trail Road, Bloomingdale, IL 60108",Bloomingdale,IL,60108,US,http://www.stisidoreparish.org,(630) 529-3045,http://www.facebook.com/StIsidoreBloomingdale,https://www.instagram.com/stisidoreparish/,MTI,https://www.mtishows.com/shows,performance run,Non-Professional,2026-08-18
Seussical Jr.,Valley Junior High School,Valley Junior High School,2027-04-19,2027-04-23,lsallen@graniteschools.org,Production,"4195 S 3200 W, Salt Lake City, UT 84119",Salt Lake City,UT,84119,US,http://www.graniteschools.org/jr/valley/,(385) 646-5000,https://www.facebook.com/GraniteSchoolDistrict/,https://www.instagram.com/graniteschools/,MTI,https://www.mtishows.com/shows,performance run,Non-Professional,2026-08-28
Disney's Alice In Wonderland Jr.,Wade Hampton High School,Wade Hampton High School,2027-04-20,2027-04-24,kpauls@greenville.k12.sc.us,Production,"100 Pine Knoll Drive, Greenville, SC 29609",Greenville,SC,29609,US,http://www.greenville.k12.sc.us/whhs,(864) 355-0100,https://www.facebook.com/wadehamptonhigh,,MTI,https://www.mtishows.com/shows,performance run,School,2026-08-21
Frozen,Asheville Christian Academy,Auditoriium,2027-04-21,2027-05-01,info@ashevillechristian.org,Production,"74 Riverwood Rd, Swannanoa, NC 28778",Swannanoa,NC,28778,US,http://www.ashevillechristian.org,(828) 581-2208,https://www.facebook.com/Asheville-Christian-Academy-ACA-138599732849374/,https://www.instagram.com/ashevillechristian/,MTI,https://www.mtishows.com/shows,performance run,School,2026-08-18
How To Train Your Dragon The Musical Jr.,Carihi Secondary School,Tidemark Theatre,2027-04-21,2027-04-24,tickets@tidemarktheatre.com,Production,"1220 Shopper's Row, Campbell River, BC V9W 2C8, CA",Campbell River,BC,V9W 2C8,CA,http://www.tidemarktheatre.com,(250) 287-7465,http://www.facebook.com/tidemarktheatre,https://www.instagram.com/tidemarktheatre/,MTI,https://www.mtishows.com/shows,performance run,School,2026-08-18
Newsies,Mennonite Brethren Collegiate Institute,Jubilee Place,2027-04-21,2027-04-24,info@mbci.mb.ca,Production,"181 Riverton Avenue, Winnipeg, MB R2L 0N1, CA",Winnipeg,MB,R2L 0N1,CA,https://www.mbci.mb.ca/who-we-are/facility-rentals/,(204) 667-8210,https://www.facebook.com/MBCI173/,https://www.instagram.com/mbci173/,MTI,https://www.mtishows.com/shows,performance run,School,2026-08-18
Alice By Heart,Univ Of Indianapolis -dept Of Theatre,Ransburg Auditorium,2027-04-21,2027-04-24,alumni@uindy.edu,Production,"1400 E Hanna Avenue, Esch 065, Indianapolis, IN 46227",Indianapolis,IN,46227,US,http://www.uindy.edu/theatre,(317) 788-3368,https://www.facebook.com/uindy,https://www.instagram.com/uindy,MTI,https://www.mtishows.com/shows,performance run,School,2026-08-18
Frozen,West Kings High School,West Kings District High School Aud,2027-04-21,2027-04-25,parent.navigator@avrce.ca,Production,"Auburn, Auburn, NS B0P 1A0, CA",Auburn,NS,B0P 1A0,CA,http://www.westkings.ednet.ns.ca/,(902) 847-4440,,,MTI,https://www.mtishows.com/shows,performance run,School,2026-08-18
Shrek The Musical,Belleville High School,Belleville High School,2027-04-22,2027-04-24,jleroy@vanburenschools.net,Production,"501 West Columbia Avenue, Belleville, MI 48111",Belleville,MI,48111,US,http://www.vanburenschools.net/,(734) 697-9123,https://www.facebook.com/profile.php,,MTI,https://www.mtishows.com/shows,performance run,School,2026-08-18
Alice By Heart,Belleville Township West High School,Belleville West Pac,2027-04-22,2027-04-24,mhill@bths201.org,Production,"4063 Frank Scott Parkway West, Belleville, IL 62223",Belleville,IL,62223,US,http://bths201.org/west,(618) 222-7500,https://www.facebook.com/pages/Belleville-Township-High-School-District-201/108454639310779,,MTI,https://www.mtishows.com/shows,performance run,School,2026-08-18
Elf-the Musical Jr.,Copper Mountain Middle School,Auditorium at Copper Mountain Middle School,2027-04-22,2027-04-24,ami.swallow@jordandistrict.org,Production,"12106 Anthem Park Blvd, Herriman, UT 84096",Herriman,UT,84096,US,http://aswallow.weebly.com,(801) 412-1249,,,MTI,https://www.mtishows.com/shows,performance run,Non-Professional,2026-08-20
The Drowsy Chaperone Jr.,Gateway Theatre Academy,Gateway Theatre,2027-04-22,2027-04-24,events@gatewaytheatre.com,Production,"6500 Gilbert Rd, Richmond, BC V7C 3V4, CA",Richmond,BC,V7C 3V4,CA,http://www.gatewaytheatre.com,(604) 270-1812,https://www.facebook.com/GatewayThtr/,https://www.instagram.com/gatewaythtr/,MTI,https://www.mtishows.com/shows,performance run,Non-Professional,2026-08-18
Hadestown: Teen Edition,Grayson High School Auditorium,Grayson High School Auditorium,2027-04-22,2027-04-24,webmaster@gcpsk12.org,Production,"1335 Old Norcross Rd, Lawrenceville, GA",Lawrenceville,GA,,US,https://discoveryhs.gcpsk12.org/,(678) 226-4250,https://www.facebook.com/discoverygcps,https://www.instagram.com/dhstitans/,CONCORD,https://www.concordtheatricals.com/p/96564/hadestown-teen-edition,performance run,Amateur,2026-08-26
Disney's The Little Mermaid Jr,Highroad Academy,Highroad Academy,2027-04-22,2027-04-24,info@highroadacademy.com,Production,"46641 Chilliwack Central Road, Chilliwack, BC V2P 1K3, CA",Chilliwack,BC,V2P 1K3,CA,http://highroadacademy.com,(604) 792-4680,,https://www.instagram.com/highroad_academy,MTI,https://www.mtishows.com/shows,performance run,School,2026-08-18
Les Miserables School Edition,Lake Orion High School,Perf.arts Center,2027-04-22,2027-04-24,communications@lok12.org,Production,"495 East Scripps Road, Lake Orion, MI 48360",Lake Orion,MI,48360,US,http://www.lakeorion.k12.mi.us,(248) 693-5400,https://www.facebook.com/LakeOrionCommunitySchools/,https://www.instagram.com/lkorionschools/,MTI,https://www.mtishows.com/shows,performance run,School,2026-08-18
Seussical,Rustburg High School,Rustburg High School,2027-04-22,2027-04-25,bshields@campbell.k12.va.us,Production,"1671 Village Hwy., Rustburg, VA 24588",Rustburg,VA,24588,US,http://rhs.campbell.k12.va.us/,(434) 332-5171,https://www.facebook.com/rustburghigh/,https://www.instagram.com/rustburghighschool/,MTI,https://www.mtishows.com/shows,performance run,School,2026-08-18
Disney's Beauty And The Beast Jr,St Cletus School,St Cletus School,2027-04-22,2027-04-24,admissions@stcletusparish.com,Production,"700 West 55th Street, La Grange, IL 60525",La Grange,IL,60525,US,http://www.stcletusschool.com,(708) 352-4820,,https://instagram.com/stcletusschool,MTI,https://www.mtishows.com/shows,performance run,Non-Professional,2026-08-18
Disney's Aladdin Jr.,St Matthew Catholic School,St Matthew Catholic School,2027-04-22,2027-04-24,office@stmatthewcath.org,Production,"910 South El Camino Real, San Mateo, CA 94402",San Mateo,CA,94402,US,http://www.stmatthewcath.org/,(650) 343-1373,https://www.facebook.com/stmatthewcath,https://www.instagram.com/stmatthewcath/,MTI,https://www.mtishows.com/shows,performance run,Non-Professional,2026-08-18
Disney's The Little Mermaid Jr,St Patricks School,St Patricks School,2027-04-22,2027-04-22,lcross@stpatricksd.org,Organizations,"117 Moseman Ave, Yorktown Heights, NY 10598",Yorktown Heights,NY,10598,US,,,,,MTI,https://www.mtishows.com/shows,performance run,School,2026-08-18
In Transit,Texas Wesleyan University,The Thad Smotherman Theatre,2027-04-22,2027-04-25,theatre@txwes.edu,Production,"1201 Wesleyan Street, Ft Worth, TX 76105",Ft Worth,TX,76105,US,http://www.txwes.edu/theatre,(817)-531-4444,http://facebook.com/theatrewesleyan,https://www.instagram.com/texaswesleyan/,MTI,https://www.mtishows.com/shows,performance run,School,2026-08-18
Avenue Q,Univ Of Southern Indiana,Univ Of Southern Indiana,2027-04-22,2027-04-25,theatre.management@usi.edu,Production,"8600 University Boulevard, Usi Theatre Performance Center, Evansville, IN 47712",Evansville,IN,47712,US,https://www.usi.edu/liberal-arts/usi-theatre,+1-812-464-8600,https://www.facebook.com/USIedu,https://www.instagram.com/usiedu/,MTI,https://www.mtishows.com/shows,performance run,School,2026-08-18
Singin' In The Rain Jr.,Applause Studio,Red Curtain Foundation,2027-04-23,2027-04-25,office@redcurtainfoundation.org,Production,"9315 State Ave. #j, Marysville, WA 98270",Marysville,WA,98270,US,http://www.redcurtainfoundation.org,(360) 322-7402,https://www.facebook.com/redcurtainfoundation,https://www.instagram.com/redcurtainarts,MTI,https://www.mtishows.com/shows,performance run,Non-Professional,2026-08-18
Something Rotten! Jr.,Bernotas Middle School,Raue Center For The Arts,2027-04-23,2027-04-24,boxoffice@rauecenter.org,Production,"26 N. Williams Street, Crystal Lake, IL 60014",Crystal Lake,IL,60014,US,http://www.rauecenter.org/education,(815) 356-9212,https://www.facebook.com/RaueCenter,https://www.instagram.com/rauecenterforthearts/,MTI,https://www.mtishows.com/shows,performance run,Non-Professional,2026-08-26
Trolls The Musical Jr.,Dover Middle School,Dover High School,2027-04-23,2027-04-24,communication@doverschools.org,Organizations,"520 N Walnut Street, Dover, OH 44622",Dover,OH,44622,US,,,,,MTI,https://www.mtishows.com/shows,performance run,Non-Professional,2026-08-18
The Prince Of Egypt,Enterprise State Community College,Baker Center For The Performing Art,2027-04-23,2027-04-24,admissions@escc.edu,Production,"600 Plaza Drive, Enterprise, AL 36330",Enterprise,AL,36330,US,http://www.escc.edu,(334) 347-2623,https://www.facebook.com/EnterpriseState/,https://www.instagram.com/enterprise_state/,MTI,https://www.mtishows.com/shows,performance run,School,2026-08-18
Fiddler On The Roof,Greensburg Central Catholic High School,The Palace Theatre,2027-04-23,2027-04-24,marketing@wc-trust.org,Production,"21 West Otterman, Greensburg, PA 15601",Greensburg,PA,15601,US,https://westmorelandculturaltrust.org/concerts-events-listing/,(724) 836-1123,https://www.facebook.com/WestmorelandCulturalTrust,https://www.instagram.com/westmorelandculturaltrust/,MTI,https://www.mtishows.com/shows,performance run,School,2026-08-18
Disney's Frozen Jr,Holy Redeemer Catholic School,Holy Redeemer Catholic School,2027-04-23,2027-04-25,info@holyredeemerkissimmee.org,Production,"1800 W. Columbia Ave, Kissimmee, FL 34741",Kissimmee,FL,34741,US,http://holyredeemerkissimmee.org,407-870-9055,https://www.facebook.com/HRCSchool,https://www.instagram.com/hrcskissimmee/,MTI,https://www.mtishows.com/shows,performance run,Non-Professional,2026-08-18
Seussical Jr.,Immanuel Christian Academy,Broken Arrow Community Playhouse,2027-04-23,2027-04-25,bacptheatre@aol.com,Production,"1800 S Main Street, Broken Arrow, OK 74012",Broken Arrow,OK,74012,US,http://bacptheatre.com,19182580077,https://www.facebook.com/bacptheatre/,https://www.instagram.com/bacp_theatre/,MTI,https://www.mtishows.com/shows,performance run,School,2026-08-27
Disney's Frozen Jr,Matthews Middle School,Matthews Middle School,2027-04-23,2027-04-25,jpeterson@d118.org,Production,"3500 Darrell Rd., Po Box 920, Island Lake, IL 60042",Island Lake,IL,60042,US,https://www.d118.org/schools/mms,(847) 526-6210,,,MTI,https://www.mtishows.com/shows,performance run,Non-Professional,2026-08-18
The Miss Firecracker Contest,Swamplight Theatre,Swamplight Theatre,2027-04-23,2027-05-02,kaybutlerpap@gmail.com,Production,"950 SW Railroad Ave, Ponchatoula, LA",Ponchatoula,LA,,US,http://swamplight.org,985-318-0434,https://www.facebook.com/RogueGastronomy/,https://www.instagram.com/swamplight_theatre/,CONCORD,https://www.concordtheatricals.com/p/14653/the-miss-firecracker-contest,performance run,Amateur,2026-08-18
Come From Away,Theatre Unlimited Performing Arts,Meadowvale Theatre,2027-04-23,2027-05-02,tupamtm@gmail.com,Production,"6315 Montevideo Rd, Mississauga, ON, CA",Mississauga,ON,,CA,http://theatreunlimited.ca,,,,MTI,https://www.mtishows.com/shows,performance run,Non-Professional,2026-08-18
Mean Girls,Winsor School,Winsor School,2027-04-23,2027-04-24,admission@winsor.edu,Production,"Pilgrim Road, Boston, MA 02215",Boston,MA,2215,US,http://www.winsor.edu,(617) 735-9500,https://www.facebook.com/winsorschool,https://instagram.com/winsorschool/,MTI,https://www.mtishows.com/shows,performance run,School,2026-08-18
Disney's The Lion King Jr,Paw Paw Middle School,Paw Paw Performing Arts Center,2027-04-24,2027-04-24,alisa.clark@ppps.org,Production,"30609 E Red Arrow Hwy, Paw Paw, MI 49079-8615",Paw Paw,MI,49079-8615,US,http://www.ppps.org,(269) 415-5200,https://www.facebook.com/PawPawPublicSchools,,MTI,https://www.mtishows.com/shows,performance run,Non-Professional,2026-08-18
How To Train Your Dragon The Musical Jr.,Spectrum Autism Support Group,Annandale Village Theatre,2027-04-24,2027-04-24,info@spectrumautism.org,Production,"3500 Annandale Lane, Suwanee, GA 30024",Suwanee,GA,30024,US,http://spectrumautism.org,,https://www.facebook.com/AtlantaSpectrum,https://www.instagram.com/spectrumautismsupportgroup/,MTI,https://www.mtishows.com/shows,performance run,Non-Professional,2026-08-18
My Three Angels,Engle Lane Theatre,Engle Lane Theatre,2027-04-28,2027-05-02,boxoffice@englelane.org,Production,"1012 Columbus Road, Streator, IL",Streator,IL,,US,http://englelane.org,(815) 672-3584,https://www.facebook.com/englelane,https://www.instagram.com/englelaneofficial/,CONCORD,https://www.concordtheatricals.com/p/98192/my-three-angels,performance run,Amateur,2026-08-27
Into The Woods,Linfield University,Marshall Theatre In Ford Hall,2027-04-28,2027-05-09,admission@linfield.edu,Production,"Linfield University, 900 Se Baker Street A492, Mcminnville, OR 97128",Mcminnville,OR,97128,US,http://www.linfield.edu/arts,(503) 883-2200,https://www.facebook.com/LinfieldUniv/,https://www.instagram.com/linfielduniv/,MTI,https://www.mtishows.com/shows,performance run,School,2026-08-18
Sweeney Todd,Angelina Community Theatre,The Pines Theater,2027-04-29,2027-05-08,admin@angelinaarts.org,Production,"108 S. First Street, Lufkin, TX 75901",Lufkin,TX,75901,US,http://www.angelinaarts.org,(936) 633-5454,https://www.facebook.com/angelina.arts.alliance,https://www.instagram.com/angelinaartsalliance,MTI,https://www.mtishows.com/shows,performance run,Non-Professional,2026-08-18
Shrek The Musical Jr,Ann H. Kilgore Gifted Center,Anne H. Kilgore Gifted Center,2027-04-29,2027-05-02,vgray1@hampton.k12.va.us,Production,"339 Woodland Road, Hampton, VA 23669",Hampton,VA,23669,US,http://spr.sbo.hampton.k12.va.us/,(757) 727-2000,,,MTI,https://www.mtishows.com/shows,performance run,Non-Professional,2026-08-18
Mean Girls,Assumption College School,Assumption College School,2027-04-29,2027-05-01,bacs_info@bhncdsb.ca,Production,"257 Shellard Lane, Brantford, ON N3T 0M7, CA",Brantford,ON,N3T 0M7,CA,http://www.assumptionlions.com,(519) 751-2030,,,MTI,https://www.mtishows.com/shows,performance run,School,2026-08-18
Shrek The Musical Jr,Barrie School,Barrie School,2027-04-29,2027-05-01,webadmin@barrie.org,Production,"13500 Layhill Rd, Silver Spring, MD 20906",Silver Spring,MD,20906,US,http://www.barrie.org,(301) 576-2800,https://www.facebook.com/barrieschool,http://instagram.com/barrieschool,MTI,https://www.mtishows.com/shows,performance run,School,2026-08-18
Disney's The Little Mermaid,Fremont Christian School,Fremont Christian School,2027-04-29,2027-05-01,admissions@fremontchristian.com,Production,"4760 Thornton Avenue, Fremont, CA 94536",Fremont,CA,94536,US,http://www.fremontchristian.com,(510) 462-7425,https://www.facebook.com/fremontchristianwarriors,https://www.instagram.com/fremontchristianschool/,MTI,https://www.mtishows.com/shows,performance run,School,2026-08-18
The Phantom Tollbooth Jr,Greenleaf Performing Arts Academy,Greenleaf Performing Arts Academy,2027-04-29,2027-05-01,greenleaf@greenleafstudio.org,Production,"11635 Kaw Drive, Kansas City, KS 66111",Kansas City,KS,66111,US,http://greenleafstudio.org,(913) 397-7071,https://www.facebook.com/greenleafperformingarts,https://www.instagram.com/greenleafacademy/,MTI,https://www.mtishows.com/shows,performance run,Non-Professional,2026-08-26
The Cemetery Club,Horizon Stage,Horizon Stage,2027-04-29,2027-05-01,hstage@sprucegrove.org,Production,"1001 Calahoo, Spruce Grove, AB, CA",Spruce Grove,AB,,CA,http://www.horizonstage.com,(780) 962-8995,https://www.facebook.com/thehorizonstage,https://www.instagram.com/horizonstage/,CONCORD,https://www.concordtheatricals.com/p/2632/the-cemetery-club,performance run,Amateur,2026-08-18
Come From Away,Liberty Center,Liberty Center,2027-04-29,2027-05-02,boxoffice@libertycentersedalia.com,Production,"111 West 5th, Sedalia, MO 65301",Sedalia,MO,65301,US,http://libertycentersedalia.com,(660) 827-3228,http://www.facebook.com/libertycentersedalia,http://instagram.com/lcaasedalia,MTI,https://www.mtishows.com/shows,performance run,Non-Professional,2026-08-18
Groundhog Day,River And Woods Theatre Company,Uw Center For Civic Engagement,2027-04-29,2027-05-01,admiss@uwsp.edu,Production,"625 Stewart Ave, Wausau, WI 54401",Wausau,WI,54401,US,https://www.uwsp.edu/wausau/,(715) 346-0123,https://www.facebook.com/UWSPWausau/,https://www.instagram.com/uwspwausau/,MTI,https://www.mtishows.com/shows,performance run,Non-Professional,2026-08-18
The Drowsy Chaperone Sr.,Simpsonville Theatre Company,Simpsonville Theatre Company,2027-04-29,2027-05-02,actinguptheatredrama@gmail.com,Production,"110 Academy St, Academy Hall, Simpsonville, SC 29681",Simpsonville,SC,29681,US,https://www.simpsonvilleartscenter.com/,+1-864-399-6635,http://www.facebook.com/actinguptheatrecamp,https://www.instagram.com/actinguptheatreco,MTI,https://www.mtishows.com/shows,performance run,Non-Professional,2026-08-28
Disney's Descendants,St Andrews Episcopal School(middle School),St. Andrew's Episcopal School,2027-04-29,2027-05-01,collegecounseling@sasaustin.org,Production,"1112 West 31st Street, Austin, TX 78705",Austin,TX,78705,US,http://www.sasaustin.org,(512) 299-9800,https://www.facebook.com/sasaustin.org,https://www.instagram.com/sasaustin/,MTI,https://www.mtishows.com/shows,performance run,Non-Professional,2026-08-19
Seussical Jr.,St Peter Catholic School,St Peter Catholic School,2027-04-29,2027-05-02,school@stpeterschulte.com,Production,"11010 Southwest Blvd., Wichita, KS 67215",Wichita,KS,67215,US,http://stpeterschulte.com/school,(316) 524-6585,,,MTI,https://www.mtishows.com/shows,performance run,Non-Professional,2026-08-18
Newsies,Walnut Hills High School,Walnut Hills High School Auditorium,2027-04-29,2027-05-01,agnellt@cpsboe.k12.oh.us,Production,"3250 Victory Parkway, Cincinnati, OH 45207",Cincinnati,OH,45207,US,http://www.walnuthillseagles.com,(513) 363-8400,,,MTI,https://www.mtishows.com/shows,performance run,School,2026-08-20
Madagascar-a Musical Adventure Kids,Acting Up Carolina,Jennifer Tankersley,2027-04-30,2027-05-01,actingupcarolina@gmail.com,Production,"5501 Hwy 55 East, Clover, SC 29710",Clover,SC,29710,US,http://www.actingupcarolina.com,(704) 313-8228,,,MTI,https://www.mtishows.com/shows,performance run,Non-Professional,2026-08-25
Puffs (One Act for Young Wizards),Auer Center Black Box Theatre,Auer Center Black Box Theatre,2027-04-30,2027-05-02,lisa@fireandlightproductions.com,Production,"300 E. Main St., Fort Wayne, IN",Fort Wayne,IN,,US,http://fireandlightproductions.com,,http://facebook.com/FnLAcad,https://www.instagram.com/fireandlightproductions/,CONCORD,https://www.concordtheatricals.com/p/65317/puffs-one-act-for-young-wizards,performance run,Amateur,2026-08-18
Disney's The Little Mermaid Jr,Bethany Christian School,Bethany Christian School,2027-04-30,2027-05-01,info@bcslions.org,Production,"93 N Baldwin Ave, Sierra Madre, CA 91024-1901",Sierra Madre,CA,91024-1901,US,http://www.bcslions.org,(626) 355-3527,https://www.facebook.com/bcslions/,https://www.instagram.com/bcslions,MTI,https://www.mtishows.com/shows,performance run,Non-Professional,2026-08-18
Mean Girls,Booth Tarkington Civic Theatre,The Tarkington,2027-04-30,2027-05-15,civic@civictheatre.org,Production,"3 Carter Grn, Carmel, IN 46032",Carmel,IN,46032,US,http://www.civictheatre.org,(317) 843-3800,https://www.facebook.com/btcivic/,https://www.instagram.com/civic_theatre/,MTI,https://www.mtishows.com/shows,extended run,Non-Professional,2026-08-18
Disney's Alice In Wonderland Jr.,Cornerstone Preparatory Academy (upper),Cornerstone Prep Academy,2027-04-30,2027-05-01,frontdesk@cornerstoneprep.org,Production,"3588 Hickory Grove Rd, Acworth, GA 30101",Acworth,GA,30101,US,http://www.cornerstoneprep.org,(770) 529-7077,https://www.facebook.com/cornerstone.cpa,https://www.instagram.com/cornerstoneprep/,MTI,https://www.mtishows.com/shows,performance run,School,2026-08-26
Disney's Aladdin Jr.,Dance Zone,Lake Mead Christian Academy,2027-04-30,2027-05-01,registrar@lmcm.org,Production,"540 E. Lake Mead Pkwy, Henderson, NV 89015",Henderson,NV,89015,US,http://lmca.org,(702) 565-5831,http://facebook.com/LakeMeadChristianAcademy,http://www.instagram.com/lmcaeagles,MTI,https://www.mtishows.com/shows,performance run,Non-Professional,2026-08-18
Something Rotten!,Hendricks Civic Theatre,Hendricks Live,2027-04-30,2027-05-09,info@hendrickscivic.com,Production,"200 W Main St, Plainfield, IN 46168",Plainfield,IN,46168,US,http://www.hendrickscivic.com,(317) 943-3126,https://www.facebook.com/hendrickscivictheatre,https://www.instagram.com/hendrickscivictheatre/,MTI,https://www.mtishows.com/shows,performance run,Non-Professional,2026-08-18
Disney's The Little Mermaid Jr,Impact Theatre Ny Corp.,Our Lady Of Good Counsel,2027-04-30,2027-05-01,alyssa@impacttheatre.org,Production,"42 Austin Place, Staten Island, NY 10304",Staten Island,NY,10304,US,http://www.impacttheatre.org,(347) 983-2064,https://www.google.com/url,https://www.google.com/url,MTI,https://www.mtishows.com/shows,performance run,Non-Professional,2026-08-18
Annie Jr,Kalaheo Elementary School,Kalaheo Elementary School,2027-04-30,2027-05-08,pcnc@kalaheoschool.k12.hi.us,Production,"4400 Maka Road, Kalaheo, HI 96741",Kalaheo,HI,96741,US,http://www.kalaheoschool.com,(808) 332-6801,https://www.facebook.com/KalaheoSchoolPtsa/,https://www.instagram.com/kalaheoelementaryptsa/,MTI,https://www.mtishows.com/shows,performance run,School,2026-08-18
Catch Me If You Can,Rider University,Yvonne Theater,2027-04-30,2027-05-02,admissions@rider.edu,Production,"Rider University, 2083 Lawrenceville Road, Lawrenceville, NJ 08648",Lawrenceville,NJ,8648,US,http://www.rider.edu/arts,(609) 896-5000,https://www.facebook.com/RiderUniversity,https://www.instagram.com/rider_university/,MTI,https://www.mtishows.com/shows,performance run,School,2026-08-18
Roald Dahl's Matilda The Musical Jr,United Christian Academy,United Christian Academy,2027-04-30,2027-05-02,mwilliams@ucacademy.org,Production,"10900 Civic Center Dr., Rancho Cucamonga, CA 91730",Rancho Cucamonga,CA,91730,US,http://www.ucacademy.org,(909) 758-8747,https://www.facebook.com/unitedchristianacad,https://www.instagram.com/ucacademy/,MTI,https://www.mtishows.com/shows,performance run,School,2026-08-18
The Hunchback Of Notre Dame,Wayne Densch Performing Arts Center,Wayne Densch Perf Arts Center,2027-04-30,2027-05-09,boxoffice@ritztheatersanford.com,Production,"201-203 South Magnolia Avenue, Sanford, FL 32771",Sanford,FL,32771,US,http://www.ritztheatersanford.com,(407) 732-4008,https://www.facebook.com/ritztheatersanford/about/,https://www.instagram.com/ritztheatersanford/,MTI,https://www.mtishows.com/shows,performance run,Non-Professional,2026-08-18
Legally Blonde,Woodstock Academy,Loos Center For The Arts,2027-04-30,2027-05-01,boxoffice@theloos.org,Production,"150 Route 169, Woodstock, CT 06281",Woodstock,CT,6281,US,http://theloos.org,(860) 963-6789,https://www.facebook.com/looscfa,https://www.instagram.com/looscfa,MTI,https://www.mtishows.com/shows,performance run,School,2026-08-18
Honk! Jr,Unity Stage Company,Unity Stage Company,2027-05-01,2027-05-02,unitystagecompany@gmail.com,Production,"34-25 82nd Street, P.s. 212q, Jackson Heights, NY 11372",Jackson Heights,NY,11372,US,http://www.unitystage.org,(917) 548-1086,https://www.facebook.com/unitystagecompany/,https://www.instagram.com/unitystage/,MTI,https://www.mtishows.com/shows,performance run,Non-Professional,2026-08-18
The Play That Goes Wrong,Spencer Theatre,Spencer Theatre,2027-05-04,2027-05-23,tickets@kcrep.org,Production,"4949 Cherry St., Kansas City, MO",Kansas City,MO,,US,http://www.kcrep.org,(816) 235-2700,https://www.facebook.com/KCREP,https://www.instagram.com/kcreptheatre/,CONCORD,https://www.concordtheatricals.com/p/98605/the-play-that-goes-wrong,extended run,Professional,2026-08-18
Shrek The Musical,Strathcona Christian Academy Secondary,Strathcona Christian Academy,2027-05-04,2027-05-07,general.scs@eips.ca,Production,"1011 Cloverbar Road, Sherwood Park, AB T8A 4V7, CA",Sherwood Park,AB,T8A 4V7,CA,http://www.scasecondary.ca,(780) 464-7127,https://www.facebook.com/profile.php,https://www.instagram.com/scasecondary/,MTI,https://www.mtishows.com/shows,performance run,School,2026-08-18
Disney's Newsies Jr.,Harker School (lower),Harker Middle School,2027-05-05,2027-05-08,joe.rosenthal@harker.org,Production,"4525 Union Ave, San Jose, CA 95124",San Jose,CA,95124,US,http://www.harker.org,(408) 345-9200,http://facebook.com/harkerschool,http://instagram.com/harkerschool,MTI,https://www.mtishows.com/shows,performance run,Non-Professional,2026-08-27
Disney's Alice In Wonderland Jr.,Self Express Productions,Freedom Theatre,2027-05-05,2027-05-09,theselfexpress@gmail.com,Production,"1755 Bankhead Highway, Winfield, AL 35594",Winfield,AL,35594,US,http://theselfexpress.org,2052021305,https://www.facebook.com/selfexpressinc/,https://www.instagram.com/self_express_productions/,MTI,https://www.mtishows.com/shows,performance run,Non-Professional,2026-08-18
Disney's Moana Jr.,Auburn Bay School,First Alliance Church,2027-05-06,2027-05-06,kim.salcedo@ambrose.edu,Production,"12345 40 Street Se, Calgary, AB T2Z 4E6, CA",Calgary,AB,T2Z 4E6,CA,http://www.faccalgary.com,,https://www.facebook.com/facdeerfoot,https://www.instagram.com/facdeerfoot/,MTI,https://www.mtishows.com/shows,performance run,School,2026-08-18
Fiddler On The Roof,Chippewa Valley Theatre Guild,Jamf Theatre,2027-05-06,2027-05-09,boxoffice@pablocenter.org,Production,"128 Graham Ave, Eau Claire, WI 54701",Eau Claire,WI,54701,US,http://www.pablocenter.org,,https://www.facebook.com/pablocenterec,https://www.instagram.com/pablocenter,MTI,https://www.mtishows.com/shows,performance run,Non-Professional,2026-08-18
Roald Dahl's Matilda The Musical Jr,First Presbyterian Academy,First Presbyterian Academy,2027-05-06,2027-05-08,contactus@firstpresgreenville.org,Production,"200 W Washington St, Greenville, SC 29601-2639",Greenville,SC,29601-2639,US,https://www.firstpresgreenville.org/events/signature-events#sig-1386,(864)235-0496,https://www.facebook.com/firstpresgreenville,https://www.instagram.com/firstpresgreenville/,MTI,https://www.mtishows.com/shows,performance run,School,2026-08-18
Disney's Frozen Kids,Hawken Middle School,Hawken School,2027-05-06,2027-05-08,admissions@hawken.edu,Production,"5000 Clubside Rd, Lyndhurst, OH 44124",Lyndhurst,OH,44124,US,http://hawken.edu,(440) 423-4446,http://www.facebook.com/HawkenSchool,https://www.instagram.com/hawkenschool/,MTI,https://www.mtishows.com/shows,performance run,Non-Professional,2026-08-18
Disney's The Little Mermaid Jr,Northern Spotlight Theater,Lincoln Park Middle School,2027-05-06,2027-05-08,northernspotlighttheater@gmail.com,Production,"3215 W 3rd Street,, Duluth, MN 55806",Duluth,MN,55806,US,https://northern-spotlight-theater.square.site/,,,,MTI,https://www.mtishows.com/shows,performance run,Non-Professional,2026-08-18
How To Train Your Dragon The Musical Jr.,Oaks Christian Middle School,Oaks Christian Middle School,2027-05-06,2027-05-08,info@oakschristian.org,Production,"31749 La Tienda Drive, Westlake Village, CA 91362",Westlake Village,CA,91362,US,http://www.oakschristian.org,(818) 575-9003,https://www.facebook.com/OaksChristianSchool/,https://www.instagram.com/oakschristianschool/,MTI,https://www.mtishows.com/shows,performance run,Non-Professional,2026-08-18
Disney's Moana Jr.,St John Notre Dame School,St John Notre Dame School,2027-05-06,2027-05-07,info@sjnds.org,Production,"309 Montrose Drive, Folsom, CA 95630",Folsom,CA,95630,US,http://sjnds.org,(916) 985-4129,https://www.facebook.com/sjndsfolsom,https://www.instagram.com/sjndfolsom/,MTI,https://www.mtishows.com/shows,performance run,Non-Professional,2026-08-18
Into The Woods Jr,St Matthew Lutheran School,St Matthew Lutheran School,2027-05-06,2027-05-08,schooloffice@st-matthew.org,Production,"2040 S. Commerce, Walled Lake, MI 48390",Walled Lake,MI,48390,US,http://www.stmatthewlutheranschool.com,(248) 624-7677,https://www.facebook.com/stmatthewlutheranschool,https://www.instagram.com/st.matthewlutheranschoolwl/,MTI,https://www.mtishows.com/shows,performance run,Non-Professional,2026-08-18
Junie B. Jones Jr.,United Nations International School,United Nations International School,2027-05-06,2027-05-08,admissions@unis.org,Production,"24-50 F.d.r. Drive, New York, NY 10010",New York,NY,10010,US,http://www.unis.org,(212) 684-7400,https://www.facebook.com/UNISNY/,https://www.instagram.com/unisny/,MTI,https://www.mtishows.com/shows,performance run,School,2026-08-18
The Hallelujah Girls,ACT Playhouse,ACT Playhouse,2027-05-07,2027-05-16,actdalton@gmail.com,Production,"905 Gaston St., Dalton, GA",Dalton,GA,,US,http://www.artisticcivictheatre.com,(706) 278-4796,https://www.facebook.com/ACTDalton,https://www.instagram.com/actdalton/,CONCORD,https://www.concordtheatricals.com/p/14526/the-hallelujah-girls,performance run,Amateur,2026-08-18
Roald Dahl's Matilda The Musical Jr,Derryfield School,Derryfield School,2027-05-07,2027-05-08,admission@derryfield.org,Production,"2108 River Road, Manchester, NH 03104",Manchester,NH,3104,US,http://www.derryfield.org,(603) 669-4524,https://www.facebook.com/thederryfieldschool,https://www.instagram.com/derryfieldlife/,MTI,https://www.mtishows.com/shows,performance run,School,2026-08-18
Urinetown,Gallery Theatre,Gallery Theatre,2027-05-07,2027-05-30,info@gallerytheater.org,Production,"P.o. Box 245, 210 Ne Ford Street, Mcminnville, OR 97128",Mcminnville,OR,97128,US,http://www.gallerytheater.org,(503) 472-2227,https://www.facebook.com/gallerytheater,https://www.instagram.com/gallerytheater,MTI,https://www.mtishows.com/shows,extended run,Non-Professional,2026-08-18
Disney's Newsies Jr.,Immanuel Lutheran Church And School,Immanuel Lutheran Church And School,2027-05-07,2027-05-08,churchsecretary@imlutheran.org,Production,"214 West Fifth Street, Washington, MO 63090",Washington,MO,63090,US,http://www.imlutheran.org,(636) 239-4705,https://www.facebook.com/ILCSWashMO,https://www.instagram.com/ilswashington/,MTI,https://www.mtishows.com/shows,performance run,School,2026-08-18
Disney's The Little Mermaid Jr,K2k Productions,Hope Church,2027-05-07,2027-05-15,letsconnect@hopeinnerkip.ca,Production,"64 Blandford St., Innerkip, ON N0J 1M0, CA",Innerkip,ON,N0J 1M0,CA,http://hopeinnerkip.ca,(519) 469-3904,https://www.facebook.com/hopeinnerkip,https://www.instagram.com/hopeinnerkip/,MTI,https://www.mtishows.com/shows,performance run,Non-Professional,2026-08-18
Disney's The Little Mermaid Jr,Kidz Theatre Kompany,Fenton Village Playhouse,2027-05-07,2027-05-16,information@kidztheatrekompany.org,Production,"14197 Torrey Rd., Fenton, MI 48430",Fenton,MI,48430,US,http://kidztheatrekompany.org,(810) 208-9224,https://www.facebook.com/FentonVillagePlayers,,MTI,https://www.mtishows.com/shows,performance run,Non-Professional,2026-08-26
Annie,Oak Farm Montessori School,Community Learning Center,2027-05-07,2027-05-09,gaslightplayhouse75@gmail.com,Production,"401 E Diamond St, Kendallville, IN 46755",Kendallville,IN,46755,US,http://gaslightplayhouse.org,,,,MTI,https://www.mtishows.com/shows,performance run,Non-Professional,2026-08-18
Big Fish: School Edition,The Majestic Theatre,The Majestic Theatre,2027-05-07,2027-05-09,office@derryartscouncil.org,Production,"Derry, NH",Derry,NH,,US,http://derryoperahouse.org,+16034042928,https://www.facebook.com/ArtsOnWestBroadway,https://www.instagram.com/derryoperahouse/,TRW,https://www.theatricalrights.com/show/big-fish-school-edition/,performance run,,2026-08-18
Shrek The Musical,Arlington Friends Of The Drama,Arlington Friends Of The Drama,2027-05-08,2027-05-23,info@afdtheatre.org,Production,"22 Academy Street, Arlington, MA 02476",Arlington,MA,2476,US,http://www.afdtheatre.org/,(781) 646-5922,https://www.facebook.com/AFDTheatre/,https://www.instagram.com/arlingtonfriendsofthedrama,MTI,https://www.mtishows.com/shows,extended run,Non-Professional,2026-08-18
The Music Man,Center Theatre For The Performing Arts Inc,Center Theatre,2027-05-08,2027-05-16,info@centertheatre.org,Production,"20 East Main Street, Dover Foxcroft, ME 04426",Dover Foxcroft,ME,4426,US,http://www.centertheatre.org,(207) 564-8943,https://www.facebook.com/centertheatre,,MTI,https://www.mtishows.com/shows,performance run,Non-Professional,2026-08-26
Disney's The Little Mermaid Kids,Edge Dance And Performing Arts Center,Edge Dance Black Box,2027-05-08,2027-05-08,markth@plano.gov,Production,"4101 E Park Blvd #101, Plano, TX 75074",Plano,TX,75074,US,http://www.edgedance.com,972-941-5600,https://www.facebook.com/visitplano,https://www.instagram.com/visitplano/,MTI,https://www.mtishows.com/shows,performance run,Non-Professional,2026-08-18
Sunset Boulevard (Lloyd Webber),Lewis Family Playhouse,Lewis Family Playhouse,2027-05-08,2027-05-09,boxoffice@cityofrc.us,Production,"12505 Cultural Center Drive, Rancho Cucamonga, CA",Rancho Cucamonga,CA,,US,https://lewisfamilyplayhouse.com/,(909) 477-2752,https://www.facebook.com/lewisfamilyplayhouse/,https://www.instagram.com/lewisfamilyplayhouse/,CONCORD,https://www.concordtheatricals.com/p/44761/sunset-boulevard-lloyd-webber,performance run,Amateur,2026-08-18
Seussical Jr.,Youth Entertainment Series/morgan Wixson,Youth Entertainment Series,2027-05-08,2027-05-23,hollister@morgan-wixson.org,Production,"2627 Pico Blvd, Santa Monica, CA 90405",Santa Monica,CA,90405,US,https://www.morgan-wixson.org/,(310) 828-7519,https://www.facebook.com/MorganWixson/,https://www.instagram.com/morganwixson/,MTI,https://www.mtishows.com/shows,extended run,Non-Professional,2026-08-18
Roald Dahl's Matilda The Musical Jr,Brooklyn Heights Montessori School,Brooklyn Heights Montessori School,2027-05-12,2027-05-14,info@bhmsny.org,Production,"185 Court Street, Brooklyn, NY 11201",Brooklyn,NY,11201,US,http://bhmsny.org,7188585100,https://www.facebook.com/bhmsny/,https://www.instagram.com/bhmsny/,MTI,https://www.mtishows.com/shows,performance run,Non-Professional,2026-08-18
Disney's Frozen Jr,Platte River Academy Charter School,Connections Church - Our 2nd Campus,2027-05-12,2027-05-14,info@prak8.org,Production,"2121 Dad Clark Dr,, Highlands Ranch, CO 80126",Highlands Ranch,CO,80126,US,https://www.prak8.org/,(303) 221-1070,https://www.facebook.com/PlatteRiverAcademy/,https://www.instagram.com/platteriveracademy/,MTI,https://www.mtishows.com/shows,performance run,School,2026-08-19
Disney's Frozen Kids,Brentwood Elementary School,Brentwood Elementary School,2027-05-13,2027-05-13,brentwood@ghsd75.ca,Production,"95 Brentwood Dr West, Strathmore, AB T1P 1E3, CA",Strathmore,AB,T1P 1E3,CA,http://www.brentwood-school.com/,(403) 934-5013,https://www.facebook.com/ecole-Brentwood-Elementary-210258229153133/,https://www.instagram.com/brentwoodelementary/,MTI,https://www.mtishows.com/shows,performance run,School,2026-08-18
Company,Main Street Productions Inc,Main Street Productions,2027-05-13,2027-05-23,info@westfieldplayhouse.org,Production,"P O Box 702 (mailing), 220 North Union, Westfield, IN 46074",Westfield,IN,46074,US,http://www.westfieldplayhouse.org,,https://www.facebook.com/WestfieldPlayhouse,https://www.instagram.com/WestfieldPlayhouse/,MTI,https://www.mtishows.com/shows,performance run,Non-Professional,2026-08-18
Come From Away,Palmer Opera House,Palmer Opera House,2027-05-13,2027-05-16,palmeroperahouse@gmail.com,Production,"12 W Main St, Cuba, NY 14727-1404",Cuba,NY,14727-1404,US,http://palmeroperahouse.com,5852095512,http://www.facebook.com/palmeroperahouse,http://instagram.com/the_palmer_cubany,MTI,https://www.mtishows.com/shows,performance run,Non-Professional,2026-08-18
Disney's Descendants,Rockway Mennonite Collegiate,Rockway Mennonite Collegiate,2027-05-13,2027-05-15,info@rockway.ca,Production,"110 Doon Road, Kitchener, ON N2G 3C8, CA",Kitchener,ON,N2G 3C8,CA,http://www.rockway.ca,(519) 743-5209,https://www.facebook.com/pages/Rockway-Mennonite-Collegiate/109708292388486,https://www.instagram.com/rockwaymennonite/,MTI,https://www.mtishows.com/shows,performance run,School,2026-08-18
Come From Away,Theatre Lab,Theatre Lab,2027-05-13,2027-05-16,boxoffice@theatrelab.org,Production,"900 Massachusetts Ave, Nw, 900 Massachusetts Ave, Nw, Washington, DC 20001",Washington,DC,20001,US,http://theatrelab.org,(202) 824-0449,https://www.facebook.com/theatrelabdc,https://www.instagram.com/theatrelabdc/,MTI,https://www.mtishows.com/shows,performance run,Non-Professional,2026-08-18
Roald Dahl's Matilda The Musical,Accolade Community Theatre,Plaza Theater,2027-05-14,2027-05-16,mfluellen@garlandtx.gov,Production,"521 W State St., Garland, TX 75040",Garland,TX,75040,US,https://garlandarts.com/3196/plaza-theatre,(972) 205-2780,,,MTI,https://www.mtishows.com/shows,performance run,Non-Professional,2026-08-18
Annie,Alpha Players,James J Eagan Civic Center Theatre,2027-05-14,2027-05-23,boxoffice@florissantmo.com,Production,"#1 James Eagan Drive, Florissant, MO 63033",Florissant,MO,63033,US,http://www.florissantpac.com,3149215678,https://www.facebook.com/wix,https://instagram.com/wix,MTI,https://www.mtishows.com/shows,performance run,Non-Professional,2026-08-18
Disney's Finding Nemo Kids,Delaware Township School,Delaware Township School,2027-05-14,2027-05-17,bmoore@dtsk8nj.org,Production,"501 Rosemont-ringoes Road, Sergeantsvillee, NJ 08557",Sergeantsvillee,NJ,8557,US,https://www.dtsk8.org/,(609) 397-3179,,,MTI,https://www.mtishows.com/shows,performance run,Non-Professional,2026-08-18
Les Miserables School Edition,Garfield High School,Quincey Jones Performance Center,2027-05-14,2027-06-05,info@garfieldstage.org,Production,"400 23rd Ave, Seattle, WA 98122",Seattle,WA,98122,US,http://www.garfieldstage.org,,https://www.facebook.com/GarfieldSTaGe,https://www.instagram.com/garfielddrama,MTI,https://www.mtishows.com/shows,extended run,School,2026-08-18
Tick Tick Boom!,Lineage Performing Arts Center,Lineage Performing Arts Center,2027-05-14,2027-06-06,info@lineagepac.org,Production,"920 E. Mountain St., Pasadena, CA 91104",Pasadena,CA,91104,US,http://lineagepac.org,6268447008,https://www.facebook.com/lineagepac,https://www.instagram.com/lineagepac/,MTI,https://www.mtishows.com/shows,extended run,Non-Professional,2026-08-18
Disney's The Jungle Book Kids,Jubilee Performing Arts,Willard Middle School,2027-05-15,2027-05-15,carla.berman@lcps.org,Production,"40915 Braddock Rd, Aldie, VA 20105",Aldie,VA,20105,US,https://www.lcps.org/o/wms,(571) 367-4040,https://www.facebook.com/WillardLCPS/,https://www.instagram.com/willardlcps/,MTI,https://www.mtishows.com/shows,performance run,Non-Professional,2026-08-26
The 25th Annual Putnam County Spelling Bee,Maltz Jupiter Theatre Institute,Goldner Conservatory,2027-05-15,2027-05-15,kcapozzoli@jupitertheatre.org,Production,"1001 East Indiantown Road, Jupiter, FL 33477",Jupiter,FL,33477,US,http://jupitertheatre.org,(561) 743-2666,https://www.facebook.com/MaltzJupiterTheatre/,https://www.instagram.com/maltzjupitertheatre/,MTI,https://www.mtishows.com/shows,performance run,Non-Professional,2026-08-18
Disney's Finding Nemo Jr.,The Cinday Academy,"Academy At Minds In Motion,the",2027-05-15,2027-05-28,director@academymustangs.com,Production,"11 Sycamore Creek Drive, Springboro, OH 45066",Springboro,OH,45066,US,http://www.cindayacademy.com,9377481991,https://www.facebook.com/TheCinDayAcademyPreK12,https://www.instagram.com/thecindayacademy/,MTI,https://www.mtishows.com/shows,performance run,Non-Professional,2026-08-18
Disney's The Little Mermaid,Bev Facey Community High School,Festival Place,2027-05-18,2027-05-21,festivalplaceboxoffice@strathcona.ca,Production,"100 Festival Way, Sherwood Park, AB T8A 5T2, CA",Sherwood Park,AB,T8A 5T2,CA,https://festivalplace.ca/,780-464-2852,https://www.facebook.com/FestivalPlaceSP,https://www.instagram.com/festivalplacesp,MTI,https://www.mtishows.com/shows,performance run,School,2026-08-18
Disney's Beauty And The Beast Jr,North Florida School Of Special Education,North Florida School Of Special Edu,2027-05-19,2027-05-20,info@northfloridaschool.org,Production,"233 Mill Creek Rd, Jacksonville, FL 32211",Jacksonville,FL,32211,US,http://www.northfloridaschool.org,(904) 724-8323,https://www.facebook.com/NorthFloridaSchoolofSpecialEducation/,https://www.instagram.com/nfsse_jax/,MTI,https://www.mtishows.com/shows,performance run,School,2026-08-18
Newsies,Ctk Homeschool Group,Arthur Miller Theater,2027-05-20,2027-05-23,ruth.egherman@gmail.com,Production,"1226 Murfin Ave., Ann Arbor, MI 48105",Ann Arbor,MI,48105,US,http://www.a2ct.org,4089307591,https://www.facebook.com/annarborcivictheatre/,https://www.instagram.com/annarborcivictheatre/,MTI,https://www.mtishows.com/shows,performance run,School,2026-08-18
Disney's High School Musical Jr.,Ps 87 Parents Association Inc,Ps 87 Afterschool,2027-05-20,2027-05-22,info@87afterschool.org,Production,"160 West 78th Street, New York, NY 10024",New York,NY,10024,US,http://www.87afterschool.org,,,,MTI,https://www.mtishows.com/shows,performance run,Non-Professional,2026-08-18
Newsies,St Maurice School Inc,St. Maurice School Gymnasium,2027-05-20,2027-05-22,info@stmaurice.mb.ca,Production,"1639 Pembina Highway, Wiinnipeg Mb Canada, Winnipeg, MB R3T 2G6, CA",Winnipeg,MB,R3T 2G6,CA,http://www.stmaurice.mb.ca,2044524020,https://www.facebook.com/St-Maurice-School-Winnipeg-108063021155126,https://www.instagram.com/smswpgofficial,MTI,https://www.mtishows.com/shows,performance run,School,2026-08-18
Seussical Jr.,St Paul Of The Cross School,St Paul Of The Cross School,2027-05-20,2027-05-21,wboersma@spc-school.net,Production,"140 S. Northwest Hwy., Park Ridge, IL 60068",Park Ridge,IL,60068,US,http://www.spc-school.net,(847) 825-6366,,,MTI,https://www.mtishows.com/shows,performance run,Non-Professional,2026-08-27
Disney's Alice In Wonderland Jr.,Compass Community,Stage Oconee,2027-05-21,2027-05-22,admin@thestageoconee.com,Production,"560 Jerry Smith Dr, Watkinsville, GA 30677-2784",Watkinsville,GA,30677-2784,US,https://www.thestageoconee.com/,706-705-1744,https://www.facebook.com/TheStageOconee,https://www.instagram.com/thestageoconee/,MTI,https://www.mtishows.com/shows,performance run,Non-Professional,2026-08-18
Cyrano de Bergerac (Crimp),Ethel M. Barber Theater,Ethel M. Barber Theater,2027-05-21,2027-05-30,dear-soc@northwestern.edu,Production,"30 Arts Circle Drive, Evanston, IL",Evanston,IL,,US,http://www.wirtz.northwestern.edu,(847) 491-3741,,,CONCORD,https://www.concordtheatricals.com/p/94810/cyrano-de-bergerac-crimp,performance run,Amateur,2026-08-18
JOB,Maumee Indoor Theater,Maumee Indoor Theater,2027-05-21,2027-05-23,mailtoemail@watervilleplayshop.org,Production,"601 Conant Street, Maumee, OH",Maumee,OH,,US,http://www.watervilleplayshop.org,,https://www.facebook.com/WatervillePlayshop/,,CONCORD,https://www.concordtheatricals.com/p/97057/job,performance run,Amateur,2026-08-18
Disney's The Little Mermaid,Royal River Community Players,The Playhouse,2027-05-21,2027-05-30,admin@royalrivercommunityplayers.com,Production,"305 Us Route 1, Yarmouth, ME 04096-6949",Yarmouth,ME,04096-6949,US,https://www.royalrivercommunityplayers.com,(207) 847-8172,https://www.facebook.com/RoyalRiverCommunityPlayers,https://www.instagram.com/royalrivercommunityplayers/#,MTI,https://www.mtishows.com/shows,performance run,Non-Professional,2026-08-18
A Little Night Music,Opera Theatre Of Saint Louis,Opera Theatre Of Saint Louis,2027-05-22,2027-06-26,boxoffice@opera-stl.org,Production,"210 Hazel Avenue, Saint Louis, MO 63119",Saint Louis,MO,63119,US,http://www.opera-stl.org,(314) 961-0171,https://www.facebook.com/operatheatre,https://www.instagram.com/operatheatrestl/,MTI,https://www.mtishows.com/shows,extended run,Professional,2026-08-18
Come From Away,Parkside Players,Parkside Players,2027-05-22,2027-06-06,theparksideplayers@yahoo.com,Production,"Grace Lutheran Church, 103-15 Union Turnpike, Forest Hills, NY 11375",Forest Hills,NY,11375,US,http://www.parksideplayers.com,(646) 847-9429,https://www.facebook.com/parkside.playersGLC/,,MTI,https://www.mtishows.com/shows,extended run,Non-Professional,2026-08-18
Legally Blonde Jr.,Monsignor Paul Dwyer Catholic High School,Monsignor Paul Dwyer Chs,2027-05-24,2027-06-05,monsignorpauldwyercss@dcdsb.ca,Production,"700 Stevenson Road North, Oshawa, ON L1J 5P5, CA",Oshawa,ON,L1J 5P5,CA,http://pauldwyer.dcdsb.ca,(905) 723-5255,,,MTI,https://www.mtishows.com/shows,performance run,School,2026-08-18
Tick Tick Boom!,Acrosstown Repertory Theatre,Acrosstown Repertory Theatre,2027-05-27,2027-06-20,info@acrosstown.org,Production,"Po Box 141021, Gainesville, FL 32611",Gainesville,FL,32611,US,http://acrosstown.org,352-234-6278,https://www.facebook.com/acrosstowntheatre/,https://www.instagram.com/acrosstowntheatre/,MTI,https://www.mtishows.com/shows,extended run,Non-Professional,2026-08-18
Les Miserables,Cote Saint Luc Dramatic Society,Harold Greenspon Auditorium,2027-05-27,2027-06-20,csldramaticsociety@gmail.com,Production,"5801 Cavendish Blvd., C--te Saint-luc, QC H4W 1A6, CA",C--te Saint-luc,QC,H4W 1A6,CA,http://csldramaticsociety.com,(514) 485-6800,https://www.facebook.com/profile.php,https://instagram.com/csldramaticsociety,MTI,https://www.mtishows.com/shows,extended run,Non-Professional,2026-08-18
Bonnie And Clyde,Gretna Theatre,Mount Gretna Playhouse,2027-05-27,2027-06-06,michael@gretnatheatre.org,Production,"200 Pennsylvania Avenue, Mount Gretna, PA 17064",Mount Gretna,PA,17064,US,http://www.gretnatheatre.com,(717) 964-3627,https://www.facebook.com/GretnaTheatre,https://www.instagram.com/gretnatheatre,MTI,https://www.mtishows.com/shows,performance run,Professional,2026-08-18
The Lightning Thief: Theatre for Young Audiences Edition,Academy of Music Theatre,Academy of Music Theatre,2027-05-28,2027-05-29,boxoffice@aomtheatre.com,Production,"274 Main Street, Northampton, MA",Northampton,MA,,US,http://www.aomtheatre.com,(413) 584-9032,https://www.facebook.com/academyofmusictheatre,https://www.instagram.com/aomtheatre/,CONCORD,https://www.concordtheatricals.com/p/94131/the-lightning-thief-theatre-for-young-audiences-edition,performance run,Amateur,2026-08-18
The Music Man,Family Education Days,Faith Bible Church,2027-05-28,2027-05-29,info@faithbible.com,Production,"1437 W Pleasant Run Rd, Desoto, TX 75115",Desoto,TX,75115,US,http://www.faithbible.com,(972) 223-0000,https://www.facebook.com/faithbiblech/,https://www.instagram.com/faithbibledesoto/,MTI,https://www.mtishows.com/shows,performance run,School,2026-08-25
Daddy Long Legs,Ft Peck Fine Arts Council,Ft Peck Summer Theatre,2027-05-28,2027-06-06,fptheatre.1934@gmail.com,Production,"201 Missouri, Fort Peck, MT 59223",Fort Peck,MT,59223,US,http://www.fortpecktheatre.org,406.228.9216,https://l.facebook.com/l.php,,MTI,https://www.mtishows.com/shows,performance run,Non-Professional,2026-08-22
Clue,Roger Rocka's Dinner Theater,Roger Rocka's Dinner Theater,2027-05-28,2027-07-18,info@gcplayers.com,Production,"1226 N Wishon Ave, Fresno, CA",Fresno,CA,,US,http://www.rogerrockas.com,(559) 266-9494,https://www.facebook.com/rogerrockas,https://www.instagram.com/rogerrockasfresno,CONCORD,https://www.concordtheatricals.com/p/98692/clue,extended run,Amateur,2026-08-18
Roald Dahl's Matilda The Musical Jr,Long And Mcquade Richmond Hill,Long And Mcquade Music Hall,2027-05-29,2027-05-29,richmondhilllessons@long-mcquade.com,Production,"10 Via Renzo Drive, Richmond Hill, ON L4S 0B6, CA",Richmond Hill,ON,L4S 0B6,CA,https://www.long-mcquaderichmondhilllessons.com/musichall,(905) 787-2090,https://www.facebook.com/LongMcQuade/,https://www.instagram.com/longandmcquade/,MTI,https://www.mtishows.com/shows,performance run,Non-Professional,2026-08-18
Disney's Beauty And The Beast Jr,Kwayhquitlum Middle School,Kwayhquitlum Middle School,2027-05-31,2027-06-04,information@sd43.bc.ca,Production,"3280 Flint St, Port Coquitlam, BC V3B4J2, CA",Port Coquitlam,BC,V3B4J2,CA,https://www.sd43.bc.ca/school/kwayhquitlum/pages/default.aspx#/=,(604) 939-9201,http://www.facebook.com/sd43bc,https://www.instagram.com/schooldistrict43/,MTI,https://www.mtishows.com/shows,performance run,Non-Professional,2026-08-18
Disney's Descendants,Matchbox Childrens Theatre,Paramount Theatre,2027-06-04,2027-06-06,info@austinareaarts.org,Production,"125 4th Avenue Ne, Austin, MN 55912",Austin,MN,55912,US,https://www.austinareaarts.org/,(507) 434-0934,https://www.facebook.com/austinareaarts,https://www.instagram.com/austinareaarts,MTI,https://www.mtishows.com/shows,performance run,Non-Professional,2026-08-26
Honk! Jr,Pierrepont Elementary School,Pierrepont Elementary School,2027-06-04,2027-06-06,registration@rutherfordschools.org,Production,"70 E Pierrepont Ave, Rutherford, NJ 07070",Rutherford,NJ,7070,US,http://rutherfordschools.org,(201) 438-7675,https://www.facebook.com/rutherfordpublicschools,https://www.instagram.com/rutherfordpublicschools/,MTI,https://www.mtishows.com/shows,performance run,School,2026-08-27
Peter Pan Jr,Porchlight Players Ltd,Lundgren Amphitheater,2027-06-07,2027-06-07,info@porchlightplayers.com,Production,"789 Valley Road, Gypsum, CO 81631",Gypsum,CO,81631,US,http://www.porchlightplayers.com,(970) 376-5718,https://www.facebook.com/porchlightplayers/,https://www.instagram.com/explore/tags/porchlightplayers/,MTI,https://www.mtishows.com/shows,performance run,Non-Professional,2026-08-18
Lionel Bart's Oliver!,Belleville Theatre Guild,Pinnacle Playhouse,2027-06-08,2027-06-27,membership@bellevilletheatreguild.ca,Production,"256 Pinnacle Street, Belleville, ON K8N 3B1, CA",Belleville,ON,K8N 3B1,CA,http://bellevilletheatreguild.ca,,https://www.facebook.com/BellevilleTheatreGuild1951,https://www.instagram.com/bellevilletheatreguild/,MTI,https://www.mtishows.com/shows,extended run,Non-Professional,2026-08-18
Madagascar-a Musical Adventure Kids,Cadence Theatre Company,Midlothian Middle School,2027-06-10,2027-06-10,mdms_mail@ccpsnet.net,Production,"13501 Midlothian Turnpike, Midlothian, VA 23113",Midlothian,VA,23113,US,https://midlothianms.oneccps.org/,,,,MTI,https://www.mtishows.com/shows,performance run,School,2026-08-18
Disney's The Lion King Jr,Penguin Project Of Central Wisconsin,Uw Center For Civic Engagement,2027-06-10,2027-06-12,admiss@uwsp.edu,Production,"625 Stewart Ave, Wausau, WI 54401-4563",Wausau,WI,54401-4563,US,https://www.uwsp.edu/wausau/,(715) 346-0123,https://www.facebook.com/UWSPWausau/,https://www.instagram.com/uwspwausau/,MTI,https://www.mtishows.com/shows,performance run,Non-Professional,2026-08-18
Tick Tick Boom!,K And E Theater Group,The Blue Room At Cityspace,2027-06-11,2027-06-19,hello@cityspaceeasthampton.org,Production,"43 Main Street, Easthampton, MA 01027",Easthampton,MA,1027,US,http://cityspaceeasthampton.org,(413) 282-7705,https://www.facebook.com/cityspace413/,https://www.instagram.com/cityspace413/,MTI,https://www.mtishows.com/shows,performance run,Non-Professional,2026-08-18
She Loves Me,Tcan Players - The Center For Arts In Natick,Center For The Arts In Natick,2027-06-11,2027-06-20,info@natickarts.org,Production,"14 Summer Street, Natick, MA 01760",Natick,MA,1760,US,http://www.natickarts.org,(508) 647-0097,https://www.facebook.com/NatickArts,http://instagram.com/natickarts,MTI,https://www.mtishows.com/shows,performance run,Non-Professional,2026-08-18
Sister Act Jr.,Tree County Players,Tree County Players Playhouse,2027-06-11,2027-06-13,tcpadmin@etczone.com,Production,"634 W Main St., Po Box 423, Greensburg, IN 47240",Greensburg,IN,47240,US,http://treecountyplayers.com,812-222-4766,,,MTI,https://www.mtishows.com/shows,performance run,Non-Professional,2026-08-18
How To Train Your Dragon The Musical Jr.,Wentzville Christian Church,Wentzville Christian Church,2027-06-11,2027-06-12,info@wentzvillecc.org,Production,"1507 South Highway Z, Wentzville, MO 63385",Wentzville,MO,63385,US,http://wentzvillecc.org,(636) 327-6622,https://www.facebook.com/wentzvillecc,https://www.instagram.com/wentzvillechristianchurch/,MTI,https://www.mtishows.com/shows,performance run,Non-Professional,2026-08-18
Hairspray,Whole Backstage Theatre,The Whole Backstage Theatre,2027-06-11,2027-06-20,office@wholebackstage.com,Production,"1120 Rayburn Ave, Po Box 895, Guntersville, AL 35976",Guntersville,AL,35976,US,http://www.wholebackstage.com,+12565827469,https://www.facebook.com/wholebackstage,https://www.instagram.com/wholebackstage/,MTI,https://www.mtishows.com/shows,performance run,Non-Professional,2026-08-18
How To Train Your Dragon The Musical Jr.,Broadway Babies And Kids,College Of San Mateo Theater,2027-06-12,2027-06-12,baldonadod@smccd.edu,Production,"1700 W Hillsdale Blvd, San Mateo, C, San Mateo, CA 94402",San Mateo,CA,94402,US,https://collegeofsanmateo.edu/theatre/,(650) 574-6191,https://www.facebook.com/csm.theatre,,MTI,https://www.mtishows.com/shows,performance run,Non-Professional,2026-08-18
Shrek The Musical,Metrowest Family Theater,Maynard High School,2027-06-17,2027-06-20,office@performingartsconnection.com,Production,"1 Tiger Drive, Maynard, MA 01754",Maynard,MA,1754,US,http://www.performingartsconnection.com,978443240,https://www.facebook.com/tpacsudbury,http://www.instagram.com/tpaclimes2,MTI,https://www.mtishows.com/shows,performance run,Non-Professional,2026-08-18
Roald Dahl's Matilda The Musical Jr,Saskatchewan Express Musical Theatre Studio,The Refinery Arts Centre,2027-06-17,2027-06-18,info@saskexpress.com,Production,"609 Dufferin Street, Saskatoon, SK S7N 1C4, CA",Saskatoon,SK,S7N 1C4,CA,http://www.saskexpress.com,,https://www.facebook.com/SaskExpressTheatreCompany/,https://www.instagram.com/saskexpress/,MTI,https://www.mtishows.com/shows,performance run,Non-Professional,2026-08-18
Evil Dead The Musical,Second Story Repertory,Secondstory Repertory,2027-06-17,2027-07-11,boxoffice@secondstoryrep.org,Production,"7325 166th Ave Ne, Suite F250, Redmond, WA 98052",Redmond,WA,98052,US,http://www.secondstoryrep.org,425-881-6777,https://www.facebook.com/secondstoryrepertory,https://www.instagram.com/secondstoryrep/,MTI,https://www.mtishows.com/shows,extended run,Non-Professional,2026-08-18
Come From Away,Shawnee Summer Theatre Of Greene County,Shawnee Theatre Of Greene County,2027-06-17,2027-06-27,info@shawneetheatre.org,Production,"616 E Furnace Rd, Bloomfield, IN 47424-6947",Bloomfield,IN,47424-6947,US,http://www.shawneetheatre.org,(812) 384-3559,https://www.facebook.com/ShawneeTheatre,,MTI,https://www.mtishows.com/shows,performance run,Non-Professional,2026-08-18
Annie,Cherokee Community Theater Inc,"Cherokee Community Theater,inc",2027-06-18,2027-06-27,cctonlinetickets@gmail.com,Production,"Po Box 702, Cherokee, IA 51012",Cherokee,IA,51012,US,https://www.onthestage.tickets/cherokee-community-theater,(712) 225-4440,https://www.facebook.com/cherokeect,https://instagram.com/cherokeecommunitytheater,MTI,https://www.mtishows.com/shows,performance run,Non-Professional,2026-08-18
Anastasia: The Musical,Holland Theatre,Holland Theatre,2027-06-18,2027-06-20,office@thehollandtheatre.net,Production,"127 East Columbus Avenue, Bellefontaine, OH",Bellefontaine,OH,,US,http://thehollandtheatre.org,(937) 592-9002,,,CONCORD,https://www.concordtheatricals.com/p/92098/anastasia-the-musical,performance run,Amateur,2026-08-18
Shrek The Musical,Kay Butler Performing Arts Project,Swamplight Theatre,2027-06-18,2027-06-27,kaybutlerpap@gmail.com,Production,"950 Sw Railroad Ave, Ponchatoula, LA 70454-3556",Ponchatoula,LA,70454-3556,US,http://swamplight.org,985-318-0434,https://www.facebook.com/RogueGastronomy/,https://www.instagram.com/swamplight_theatre/,MTI,https://www.mtishows.com/shows,performance run,Non-Professional,2026-08-18
Peter And The Starcatcher,Masquers Theater,Masquers Theatre,2027-06-18,2027-07-03,publicity@masquers.com,Production,"322 East Main Ave, Po Box 1174, Soap Lake, WA 98851",Soap Lake,WA,98851,US,http://www.masquers.com,(509) 246-2611,https://www.facebook.com/Masquers,https://www.instagram.com/masquerstheater,MTI,https://www.mtishows.com/shows,extended run,Non-Professional,2026-08-18
A Year With Frog And Toad-kids,Palm Beach Atlantic University- Childrens Theatre,Palm Beach Atlantic University- Chi,2027-06-18,2027-06-19,becky_saunders@pba.edu,Production,"901 S Flagler Dr, West Palm Beach, FL 33401-6505",West Palm Beach,FL,33401-6505,US,http://go.pba.edu/childrens-theatre,(561) 803-2420,https://www.facebook.com/PBAUniversity,https://www.instagram.com/pbauniversity/,MTI,https://www.mtishows.com/shows,performance run,Non-Professional,2026-08-18
The Drowsy Chaperone,Summer Place Inc,Naperville Central High School,2027-06-18,2027-06-27,info@summerplacetheatre.org,Production,"440 West Aurora Ave, Naperville, IL 60540",Naperville,IL,60540,US,http://www.summerplacetheatre.org,(630) 355-7969,https://www.facebook.com/SummerPlaceTheatre,,MTI,https://www.mtishows.com/shows,performance run,Non-Professional,2026-08-18
Come From Away,"From The Ashes Theatre Company, Inc.",Match,2027-06-24,2027-06-27,info@matchouston.org,Production,"3400 Main Street, Houston, TX 77002",Houston,TX,77002,US,https://matchouston.org/,(713) 521-4533,http://www.facebook.com/MATCH.Houston,http://instagram.com/matchouston,MTI,https://www.mtishows.com/shows,performance run,Non-Professional,2026-08-18
Les Miserables,Charlottesville Opera,Paramount Theater,2027-06-25,2027-06-27,season50@charlottesvilleopera.org,Production,"215 E. Main St., Charlottesville, VA 22902",Charlottesville,VA,22902,US,http://www.charlottesvilleopera.org,(434) 293-4500,,,MTI,https://www.mtishows.com/shows,performance run,Non-Professional,2026-08-18
Dear Edwina Jr,Music School,The Music School - Svpc,2027-06-25,2027-06-25,office@themusicschool.org,Organizations,"728 West Fremont Avenue, Sunnyvale, CA 94087",Sunnyvale,CA,94087,US,,,,,MTI,https://www.mtishows.com/shows,performance run,Non-Professional,2026-08-18
Annie Kids,Theatre School At North Coast Rep,Theatre School @ North Coast Rep,2027-06-25,2027-06-25,ben@northcoastrep.org,Production,"987 Lomas Santa Fe Dr. #d, Solana Beach, CA 92075",Solana Beach,CA,92075,US,http://www.northcoastreptheatreschool.org,(858) 481-1055,,,MTI,https://www.mtishows.com/shows,performance run,Non-Professional,2026-08-18
How To Train Your Dragon The Musical Jr.,Little Theatre Of Gastonia,Little Theater Of Gastonia,2027-06-26,2027-06-27,ltgastonia@gmail.com,Production,"P O Box 302, 238 S Clay Street, Gastonia, NC 28053",Gastonia,NC,28053,US,http://littletheaterofgastonia.org,7048650160,https://www.facebook.com/LittleTheaterGastonia,https://www.instagram.com/littletheaterofgastonia/,MTI,https://www.mtishows.com/shows,performance run,Non-Professional,2026-08-18
The Music Man Jr,Mind Steward,Scottish Rite Theatre,2027-06-26,2027-06-26,john@sprshbg.org,Production,"2701 N 3rd St, Harrisburg, PA 17110",Harrisburg,PA,17110,US,https://valleyofharrisburg.org/,,https://www.facebook.com/valleyofharrisburg/,,MTI,https://www.mtishows.com/shows,performance run,Non-Professional,2026-08-21
Finding Neverland,Dogged Utopia Productions,Asheville Performing Arts Academy,2027-07-01,2027-07-11,info@theapaa.com,Production,"55 Shiloh Rd Unit 4,, Asheville, NC 28803",Asheville,NC,28803,US,https://theapaa.com/,(828) 253-4000,https://www.facebook.com/theapaa,https://www.instagram.com/theapaa/,MTI,https://www.mtishows.com/shows,performance run,Non-Professional,2026-08-18
American Idiot,Keegan Theatre,Andrew Keegan Theatre,2027-07-03,2027-08-08,boxoffice@keegantheatre.com,Production,"1742 Church Street, Nw, Washington, DC 20036",Washington,DC,20036,US,http://www.keegantheatre.com,(202) 265-3767,https://www.facebook.com/KeeganTheatre/,https://www.instagram.com/keegan_theatre/,MTI,https://www.mtishows.com/shows,extended run,Non-Professional,2026-08-18
Shrek The Musical,Beecher Community Part Time Players,John C Dean Memorial Theater,2027-07-09,2027-07-18,bptp1993@gmail.com,Production,"673 Penfield St., Beecher, IL 60401",Beecher,IL,60401,US,http://www.beecherparttimeplayers.com,,,,MTI,https://www.mtishows.com/shows,performance run,Non-Professional,2026-08-18
School of Rock (Lloyd Webber),Carpenter Performing Arts Center,Carpenter Performing Arts Center,2027-07-09,2027-07-25,info@musical.org,Production,"6200 Atherton St, Long Beach, CA",Long Beach,CA,,US,http://www.musical.org,(562) 856-1999,https://www.facebook.com/MusicalTheatreWest/,https://www.instagram.com/musicaltheatrewest/,CONCORD,https://www.concordtheatricals.com/p/58738/school-of-rock-lloyd-webber,extended run,Professional,2026-08-18
Finding Neverland,Dalton Little Theatre,Theatre at Dalton Little Theatre,2027-07-09,2027-07-18,dlt@optilink.us,Production,"210 North Pentz Street, Dalton, GA 30720",Dalton,GA,30720,US,http://www.daltonlittletheatre.com,706-226-6618,,,MTI,https://www.mtishows.com/shows,performance run,Non-Professional,2026-08-19
Seussical,Junior University Musical Theatre,San Manuel Performing Arts Center,2027-07-09,2027-07-18,junioruniversitytheatre@gmail.com,Production,"2772 Sterling Ave, San Bernardino, CA 92404",San Bernardino,CA,92404,US,https://www.onthestage.tickets/junior-university,,https://www.facebook.com/facebook.com/juniormusicaltheatreoffical,https://instagram.com/junior_university_theatre,MTI,https://www.mtishows.com/shows,performance run,Non-Professional,2026-08-18
Shrek The Musical,North Country Community Theatre,Lebanon Opera House,2027-07-09,2027-07-18,info@ncct.org,Production,"51 N Park St, Lebanon, NH 03766-1317",Lebanon,NH,03766-1317,US,http://ncct.org,(603) 448-0400,https://www.facebook.com/NCCTUV,https://www.instagram.com/ncct_uv/,MTI,https://www.mtishows.com/shows,performance run,Non-Professional,2026-08-18
Noises Off,Steven W's,Steven W's,2027-07-09,2027-07-11,theritzncp@gmail.com,Production,"1513 Main St, Newberry, SC",Newberry,SC,,US,http://theritzonline.com,,,,CONCORD,https://www.concordtheatricals.com/p/2894/noises-off,performance run,Amateur,2026-08-18
Once Upon A One More Time,Theatre Factory,The Theatre Factory,2027-07-09,2027-07-17,hello@thetheatrefactory.org,Production,"235 Cavitt Ave., Trafford, PA 15085",Trafford,PA,15085,US,http://www.thetheatrefactory.org,,https://www.facebook.com/thetheatrefactorytrafford,http://instagram.com/thetheatre_factory,MTI,https://www.mtishows.com/shows,performance run,Non-Professional,2026-08-18
The Spitfire Grill,Hartnell College Mainstage,Hartnell College Mainstage,2027-07-10,2027-08-01,westernstage@hartnell.edu,Production,"411 Central Ave, Salinas, CA",Salinas,CA,,US,http://www.westernstage.com,(831) 755-6816,https://www.facebook.com/westernstage/,https://www.instagram.com/westernstage/,CONCORD,https://www.concordtheatricals.com/p/2161/the-spitfire-grill,extended run,Amateur,2026-08-18
Chitty Chitty Bang Bang,Attic Productions,D. Geraldine Lawson Pac,2027-07-15,2027-08-01,atticproductions@ntelos.net,Production,"7490 Roanoke Road, P.o.box 695, Fincastle, VA 24090",Fincastle,VA,24090,US,http://www.atticproductions.info,(540) 473-1001,https://www.facebook.com/AtticProductions/,https://www.instagram.com/atticproductionsfincastle/,MTI,https://www.mtishows.com/shows,extended run,Non-Professional,2026-08-21
Roald Dahl's Matilda The Musical,Cambridge Deerfield Players Theater,C-d Players Theater,2027-07-15,2027-07-18,treasurer@cdplayerstheater.com,Production,"211 South Street, Cambridge, WI 53523",Cambridge,WI,53523,US,http://cdplayerstheater.com,608-218-4356,https://www.facebook.com/cdplayerstheater,https://www.instagram.com/cdplayerstheater,MTI,https://www.mtishows.com/shows,performance run,Non-Professional,2026-08-18
Les Miserables,East Lyme Regional Theater,Niantic Bay Playhouse,2027-07-15,2027-08-01,info@nianticbayplayhouse.org,Production,"279 Main St., Niantic, CT",Niantic,CT,,US,https://www.nianticbayplayhouse.org,+,https://www.facebook.com/nianticbayplayhouse,https://www.instagram.com/nianticbayplayhouse,MTI,https://www.mtishows.com/shows,extended run,Non-Professional,2026-08-18
Fiddler On The Roof,Lamp Lite Theatre,Lamp Lite Theatre,2027-07-15,2027-07-25,lamplitetheatreworkshop@gmail.com,Production,"Old Tyler Road And Loop 224, Nacogdoches, TX 75963",Nacogdoches,TX,75963,US,http://www.lamplitetheatre.com,,https://www.facebook.com/LampliteTheatre,https://www.instagram.com/lamplitetheatre/,MTI,https://www.mtishows.com/shows,performance run,Non-Professional,2026-08-18
Disney's Finding Nemo:a 60-minute Family Musical,Spanish Fork Community Theatre,Theatre at Spanish Fork Community Theatre,2027-07-15,2027-07-26,sfct@spanishfork.gov,Production,"49 South Main Street, Attn: Emily Harryman, Spanish Fork, UT 84660",Spanish Fork,UT,84660,US,https://www.spanishfork.gov/departments/parkrec/arts/sfct/,(212) 541-4684,,,MTI,https://www.mtishows.com/shows,performance run,Non-Professional,2026-08-18
Come From Away,Acting Out Theatre Company,Acting Out,2027-07-16,2027-07-18,julieactingout@gmail.com,Production,"200 N Washington Ave, Bradley, IL 60915",Bradley,IL,60915,US,http://www.actingouttheatreco.org,(815) 953-3467,https://www.facebook.com/actingouttheatre,https://www.instagram.com/actingouttheatre/,MTI,https://www.mtishows.com/shows,performance run,Non-Professional,2026-08-18
Come From Away,Wordplayers,Clarence Brown Theatre,2027-07-16,2027-07-18,box_office@utk.edu,Production,"1714 Andy Holt Avenue, Knoxville, TN 37916",Knoxville,TN,37916,US,http://clarencebrowntheatre.com,(865) 974-5161,https://www.facebook.com/clarencebrowntheatre,https://www.instagram.com/clarencebrowntheatre/,MTI,https://www.mtishows.com/shows,performance run,Non-Professional,2026-08-18
Murder Ballad,Asheville Musical Theatre,Tina Mcguire Theatre,2027-07-22,2027-07-25,boxoffice@worthamarts.org,Production,"18 Biltmore Avenue, Asheville, NC 28801",Asheville,NC,28801,US,http://www.worthamarts.org,(828) 257-4530,https://www.facebook.com/worthamarts,https://www.instagram.com/worthamarts/,MTI,https://www.mtishows.com/shows,performance run,Professional,2026-08-18
Les Miserables,City Of Fairfax Theatre Company,City Of Fairfax Theatre Company,2027-07-23,2027-08-01,info@fairfaxcitytheatre.org,Production,"3801 Jermantown Rd, Fairfax, VA 22030",Fairfax,VA,22030,US,http://www.fairfaxcitytheatre.org,,https://www.facebook.com/CityofFairfaxTheatre,https://www.instagram.com/fairfaxcitytheatre/,MTI,https://www.mtishows.com/shows,performance run,Non-Professional,2026-08-18
Come From Away,Gaslight Playhouse Inc.,Community Learning Center,2027-07-23,2027-07-25,gaslightplayhouse75@gmail.com,Production,"401 E Diamond St, Kendallville, IN 46755",Kendallville,IN,46755,US,http://gaslightplayhouse.org,,,,MTI,https://www.mtishows.com/shows,performance run,Non-Professional,2026-08-18
How To Train Your Dragon The Musical Jr.,Creative Pursuits Academy,The Junction Center,2027-07-24,2027-07-24,info@thejunctioncenter.com,Production,"1875 Junction Rd, Manheim, PA 17538",Manheim,PA,17538,US,http://thejunctioncenter.com,(717) 459-3701,,,MTI,https://www.mtishows.com/shows,performance run,Non-Professional,2026-08-18
Les Miserables School Edition,Theatre Outreach On Stage,West Ferris Secondary School,2027-07-28,2027-07-31,info@nearnorthschools.ca,Production,"60 Marshall Park, North Bay, ON P1A2P2, CA",North Bay,ON,P1A2P2,CA,http://www.nearnorthschools.ca/west-ferris/,(705) 472-8170,https://www.facebook.com/pages/category/Community/West-Ferris-Updates-154820244530305/,https://www.instagram.com/westferristrojans/,MTI,https://www.mtishows.com/shows,performance run,School,2026-08-18
A Funny Thing...forum,Mill Town Players,Pelzer Auditorium,2027-07-30,2027-08-15,info@milltownplayers.org,Production,"214 Lebby Street, Pelzer, SC 29669",Pelzer,SC,29669,US,http://www.milltownplayers.org,(864) 947-8000,https://www.facebook.com/MillTownPlayers/,https://www.instagram.com/mill.town.players/,MTI,https://www.mtishows.com/shows,extended run,Non-Professional,2026-08-18
Come From Away,Ottawa Center For The Arts Inc,Ottawa Center For The Arts Inc,2027-07-30,2027-08-01,info@ottawacenter.org,Production,"910 Coumbus, Ottawa, IL 61350",Ottawa,IL,61350,US,http://ottawacenter.org,âª(815) 324-0520â¬,https://www.facebook.com/profile.php,https://www.instagram.com/ottawacenter/,MTI,https://www.mtishows.com/shows,performance run,Non-Professional,2026-08-18
Once On This Island,Pennsylvania Playhouse,Pennsylvania Playhouse,2027-07-30,2027-08-15,webmaster@paplayhouse.org,Production,"Illicks Mill Road, Bethlehem, PA 18017",Bethlehem,PA,18017,US,http://www.paplayhouse.org,(610) 865-6665,https://www.facebook.com/paplayhouse,https://instagram.com/paplayhouse,MTI,https://www.mtishows.com/shows,extended run,Non-Professional,2026-08-27
Disney's Finding Nemo Jr.,Shelby Sr High School,Malcolm Brown Auditorium,2027-07-30,2027-07-31,detreharne@clevelandcountyschools.org,Production,"230 East Dixon Boulevard, 230 E Dixon Blvd, Shelby, NC 28152-6766",Shelby,NC,28152-6766,US,http://www.shelbyhightheatre.com,,https://www.google.com/url,http://www.google.com/url,MTI,https://www.mtishows.com/shows,performance run,School,2026-08-18
Annie,The Muny,The Muny,2027-08-05,2027-08-13,munyinfo@muny.org,Production,"Municipal Theatre Association, #1 Theatre Drive, St Louis, MO 63112",St Louis,MO,63112,US,http://www.muny.org,3143611900,https://www.facebook.com/munytheatre,https://www.instagram.com/themuny,MTI,https://www.mtishows.com/shows,performance run,Professional,2026-08-18
Something Rotten!,Barn Theatre Of Porterville,Barn Theatre,2027-08-06,2027-08-21,barntheatermedia@gmail.com,Production,"42 South Plano Street, Porterville, CA 93257",Porterville,CA,93257,US,http://www.portervillebarntheater.com,(559) 310-7046,https://www.facebook.com/The-Porterville-Barn-Theater-291057597616276/,https://www.instagram.com/portervillebarntheater/,MTI,https://www.mtishows.com/shows,extended run,Non-Professional,2026-08-18
How To Train Your Dragon The Musical Jr.,Britza Studios,Britza Performing Arts Studio,2027-08-06,2027-08-06,info@britzastudios.com,Production,"1500 W 77th St, Sioux Falls, SD 57110",Sioux Falls,SD,57110,US,http://britzaperformingarts.com,6053718888,https://www.facebook.com/BritZaStudios,https://www.instagram.com/britzastudios,MTI,https://www.mtishows.com/shows,performance run,Non-Professional,2026-08-18
Seussical Jr.,Performers Theatre Workshop,Dreyfuss Theater,2027-08-08,2027-08-08,ptwstars@gmail.com,Production,"131 Dreyfuss Rd, Madison, NJ 07940",Madison,NJ,7940,US,http://ptwonline.com,(973) 327-2250,,,MTI,https://www.mtishows.com/shows,performance run,Non-Professional,2026-08-24
Something Rotten!,Elmira Little Theatre,Clemens Performing Arts Center,2027-08-13,2027-08-15,bondtrimblefamily@gmail.com,Production,"Clemens Center Parkway And Gray St, Po Box 1046, Elmira, NY 14902",Elmira,NY,14902,US,http://www.elmiralittletheatre.org,(607) 425-0471,https://facebook.com/theelmiralittletheatre,https://instagram.com/elmiralittletheatre/,MTI,https://www.mtishows.com/shows,performance run,Non-Professional,2026-08-18
Les Miserables School Edition,Stages The Performing Arts Academy For Kids,Maine Irish Heritage Center,2027-08-13,2027-08-14,maineirish@maineirish.com,Production,"34 Gray Street, Portland, ME 04102",Portland,ME,4102,US,http://maineirish.com,+1-207-780-0118,https://www.facebook.com/MaineIrishHeritageCenter/,https://www.instagram.com/maineirishheritagecenter/,MTI,https://www.mtishows.com/shows,performance run,Non-Professional,2026-08-18
The Mousetrap,Fort Peck Summer Theatre,Fort Peck Summer Theatre,2027-08-20,2027-09-05,fptheatre.1934@gmail.com,Production,"201 Missouri Ave, Fort Peck, MT",Fort Peck,MT,,US,http://www.fortpecktheatre.org,406.228.9216,https://l.facebook.com/l.php,,CONCORD,https://www.concordtheatricals.com/p/898/the-mousetrap,extended run,Professional,2026-08-18
Come From Away,Beckwith Theatre Company,Beckwith Theatre Company,2027-09-10,2027-09-19,beckwiththeatremi@gmail.com,Production,"100 New York Avenue, Dowagiac, MI 49047",Dowagiac,MI,49047,US,http://www.beckwiththeatre.com,(269) 782-7653,https://www.facebook.com/BTC100/,https://www.instagram.com/beckwiththeatre/,MTI,https://www.mtishows.com/shows,performance run,Non-Professional,2026-08-18
Come From Away,Windmill Productions,Holland Theatre,2027-09-10,2027-09-11,office@thehollandtheatre.net,Production,"127 East Columbus Avenue, Bellefontaine, OH 43311",Bellefontaine,OH,43311,US,http://thehollandtheatre.org,(937) 592-9002,,,MTI,https://www.mtishows.com/shows,performance run,Non-Professional,2026-08-18
Mean Girls,Toto Too Theatre,Great Canadian Theatre Company,2027-10-14,2027-10-31,info@gctc.ca,Production,"1233 Wellington St. W, Ottawa, ON K1Y 0G7, CA",Ottawa,ON,K1Y 0G7,CA,http://www.gctc.ca,613-236-5196,http://www.facebook.com/GCTCLive,http://instagram.com/gctclive,MTI,https://www.mtishows.com/shows,extended run,Non-Professional,2026-08-18
Mean Girls,"Arquemuse, Ecole De Musique","Arquemuse, Ecole De Musique",2027-10-15,2027-10-17,info@arquemuse.com,Production,"151 Saint-francois Est, Quebec, QC G1K 2Y6, CA",Quebec,QC,G1K 2Y6,CA,http://arquemuse.com,(418) 525-6873,https://www.facebook.com/ecolearquemuse,https://www.instagram.com/arquemuse/,MTI,https://www.mtishows.com/shows,performance run,Non-Professional,2026-08-18
American Idiot,Theatre Du Chat Noir,La Manivelle,2027-10-22,2027-10-23,info@centremanivelle.ca,Production,"520, 8e Avenue, Qu-bec, QC G1J 3L7, CA",Qu-bec,QC,G1J 3L7,CA,https://www.centremanivelle.ca/accueil,,https://www.facebook.com/InternationalBodyMusicFestival,https://www.instagram.com/reel/DYIBT6dxF0R/,MTI,https://www.mtishows.com/shows,performance run,Non-Professional,2026-08-18
Deathtrap,Music box Dinner playhouse,Music box Dinner playhouse,2027-10-29,2027-11-07,office@musicbox.org,Production,"196 Hughes St, Swoyersville, PA",Swoyersville,PA,,US,http://www.musicbox.org,,,,CONCORD,https://www.concordtheatricals.com/p/11207/deathtrap,performance run,Amateur,2026-08-22
Peter Pan,St Peters Players,St Peters Episcopal Church,2027-11-03,2027-11-06,office@stpetersgreenville.com,Production,"910 Hudson Road, Greenville, SC 29615",Greenville,SC,29615,US,http://www.stpetersgreenville.com,(864) 268-7280,https://www.facebook.com/StPeters.GreenvilleSC,http://instagram.com/stpetersgreenville,MTI,https://www.mtishows.com/shows,performance run,Non-Professional,2026-08-18
The 25th Annual Putnam County Spelling Bee,Mariposa Arts Theatre Foundation,Orillia Opera House- Studio Theatre,2027-11-04,2027-11-14,boxoffice@orillia.ca,Production,"1 West Street N, Orillia, ON L3V3A6, CA",Orillia,ON,L3V3A6,CA,https://www.orilliaoperahouse.ca,(705) 326-8011,https://www.facebook.com/OrilliaOperaHouse/,https://www.instagram.com/orilliaoperahouse/,MTI,https://www.mtishows.com/shows,performance run,Non-Professional,2026-08-19
Come From Away,Falmouth Theatre Guild,Falmouth Theatre Guild,2027-11-05,2027-11-20,info@falmouththeatreguild.org,Production,"Po Box 383, Falmouth, MA 02541",Falmouth,MA,2541,US,http://www.falmouththeatreguild.org,(508) 548-0400,https://www.facebook.com/falmoutheatreguild/,https://www.instagram.com/falmouththeatreguild/,MTI,https://www.mtishows.com/shows,extended run,Non-Professional,2026-08-18
Urinetown,Masquers Playhouse Inc,Masquers Playhouse,2027-11-12,2027-12-05,info@masquers.org,Production,"105 Park Place, P.o. Box 71037, Point Richmond, CA 94801",Point Richmond,CA,94801,US,http://www.masquers.org,(510) 232-3888,https://www.facebook.com/TheMasquersPlayhouse,https://www.instagram.com/masquersplayhouse/,MTI,https://www.mtishows.com/shows,extended run,Non-Professional,2026-08-18
Come From Away,St James Players,Showplace Peterborough,2027-11-12,2027-11-12,boxoffice@showplace.org,Production,"290 George Street N, Peterborough, ON K9J 6Y8, CA",Peterborough,ON,K9J 6Y8,CA,http://www.showplace.org,(705) 742-7469,https://www.facebook.com/PtboShowplace/,https://www.instagram.com/ptboshowplace/,MTI,https://www.mtishows.com/shows,performance run,Non-Professional,2026-08-18
Annie,Kincardine Theatre Guild,Kincardine Town Hall,2027-11-19,2027-12-04,info@kincardinetheatreguild.com,Production,"707 Queen Street, Kincardine, ON N2Z 2Y7, CA",Kincardine,ON,N2Z 2Y7,CA,http://www.kincardinetheatreguild.com,519-396-9000,https://www.facebook.com/KincardineTheatreGuild/,https://www.instagram.com/KincardineTheatreGuild/,MTI,https://www.mtishows.com/shows,extended run,Non-Professional,2026-08-18